relay listening: 127.0.0.1:14514
upstream       : 162.159.198.2:443
egress bind    : 192.168.0.4
up 0 pkts / 0 bytes   down 0 pkts / 0 bytes
up 0 pkts / 0 bytes   down 0 pkts / 0 bytes
relay: upstream session opened
relay: first upstream datagram from 127.0.0.1:37488, 1200 bytes, head c1000000011436c114218f24f594e7314ba1b927378e1f5b
relay: first upstream datagram from 127.0.0.1:37488, 1200 bytes, head c9000000011436c114218f24f594e7314ba1b927378e1f5b
relay: reply to 127.0.0.1:37488 (99 bytes)
relay: reply to 127.0.0.1:37488 (99 bytes)
relay: reply to 127.0.0.1:37488 (99 bytes)
up 10 pkts / 12000 bytes   down 10 pkts / 990 bytes
up 20 pkts / 24000 bytes   down 20 pkts / 1860 bytes
up 30 pkts / 36000 bytes   down 29 pkts / 2697 bytes
up 40 pkts / 48000 bytes   down 39 pkts / 3577 bytes
up 50 pkts / 60000 bytes   down 49 pkts / 4547 bytes
up 60 pkts / 72000 bytes   down 59 pkts / 5497 bytes
up 60 pkts / 72000 bytes   down 59 pkts / 5497 bytes
up 60 pkts / 72000 bytes   down 59 pkts / 5497 bytes
up 60 pkts / 72000 bytes   down 59 pkts / 5497 bytes
up 60 pkts / 72000 bytes   down 59 pkts / 5497 bytes
up 60 pkts / 72000 bytes   down 59 pkts / 5497 bytes
up 60 pkts / 72000 bytes   down 59 pkts / 5497 bytes
up 60 pkts / 72000 bytes   down 59 pkts / 5497 bytes
up 60 pkts / 72000 bytes   down 59 pkts / 5497 bytes
up 60 pkts / 72000 bytes   down 59 pkts / 5497 bytes
up 60 pkts / 72000 bytes   down 59 pkts / 5497 bytes
up 60 pkts / 72000 bytes   down 59 pkts / 5497 bytes
up 60 pkts / 72000 bytes   down 59 pkts / 5497 bytes
up 60 pkts / 72000 bytes   down 59 pkts / 5497 bytes
up 60 pkts / 72000 bytes   down 59 pkts / 5497 bytes
up 60 pkts / 72000 bytes   down 59 pkts / 5497 bytes
up 60 pkts / 72000 bytes   down 59 pkts / 5497 bytes
up 60 pkts / 72000 bytes   down 59 pkts / 5497 bytes
up 60 pkts / 72000 bytes   down 59 pkts / 5497 bytes
up 60 pkts / 72000 bytes   down 59 pkts / 5497 bytes
up 60 pkts / 72000 bytes   down 59 pkts / 5497 bytes
up 60 pkts / 72000 bytes   down 59 pkts / 5497 bytes
up 60 pkts / 72000 bytes   down 59 pkts / 5497 bytes
up 60 pkts / 72000 bytes   down 59 pkts / 5497 bytes
up 60 pkts / 72000 bytes   down 59 pkts / 5497 bytes
up 60 pkts / 72000 bytes   down 59 pkts / 5497 bytes
up 60 pkts / 72000 bytes   down 59 pkts / 5497 bytes
up 60 pkts / 72000 bytes   down 59 pkts / 5497 bytes
up 60 pkts / 72000 bytes   down 59 pkts / 5497 bytes
up 60 pkts / 72000 bytes   down 59 pkts / 5497 bytes
up 60 pkts / 72000 bytes   down 59 pkts / 5497 bytes
up 60 pkts / 72000 bytes   down 59 pkts / 5497 bytes
up 60 pkts / 72000 bytes   down 59 pkts / 5497 bytes
up 60 pkts / 72000 bytes   down 59 pkts / 5497 bytes
up 60 pkts / 72000 bytes   down 59 pkts / 5497 bytes
up 60 pkts / 72000 bytes   down 59 pkts / 5497 bytes
up 60 pkts / 72000 bytes   down 59 pkts / 5497 bytes
up 60 pkts / 72000 bytes   down 59 pkts / 5497 bytes
up 60 pkts / 72000 bytes   down 59 pkts / 5497 bytes
up 60 pkts / 72000 bytes   down 59 pkts / 5497 bytes
up 60 pkts / 72000 bytes   down 59 pkts / 5497 bytes
up 60 pkts / 72000 bytes   down 59 pkts / 5497 bytes
up 60 pkts / 72000 bytes   down 59 pkts / 5497 bytes
up 60 pkts / 72000 bytes   down 59 pkts / 5497 bytes
up 60 pkts / 72000 bytes   down 59 pkts / 5497 bytes
up 60 pkts / 72000 bytes   down 59 pkts / 5497 bytes
up 60 pkts / 72000 bytes   down 59 pkts / 5497 bytes
up 60 pkts / 72000 bytes   down 59 pkts / 5497 bytes
up 60 pkts / 72000 bytes   down 59 pkts / 5497 bytes
up 60 pkts / 72000 bytes   down 59 pkts / 5497 bytes
up 60 pkts / 72000 bytes   down 59 pkts / 5497 bytes
up 60 pkts / 72000 bytes   down 59 pkts / 5497 bytes
up 60 pkts / 72000 bytes   down 59 pkts / 5497 bytes
up 60 pkts / 72000 bytes   down 59 pkts / 5497 bytes
up 60 pkts / 72000 bytes   down 59 pkts / 5497 bytes
up 60 pkts / 72000 bytes   down 59 pkts / 5497 bytes
up 60 pkts / 72000 bytes   down 59 pkts / 5497 bytes
up 60 pkts / 72000 bytes   down 59 pkts / 5497 bytes
up 60 pkts / 72000 bytes   down 59 pkts / 5497 bytes
up 60 pkts / 72000 bytes   down 59 pkts / 5497 bytes
up 60 pkts / 72000 bytes   down 59 pkts / 5497 bytes
up 60 pkts / 72000 bytes   down 59 pkts / 5497 bytes
up 60 pkts / 72000 bytes   down 59 pkts / 5497 bytes
up 60 pkts / 72000 bytes   down 59 pkts / 5497 bytes
up 60 pkts / 72000 bytes   down 59 pkts / 5497 bytes
up 60 pkts / 72000 bytes   down 59 pkts / 5497 bytes
up 60 pkts / 72000 bytes   down 59 pkts / 5497 bytes
up 60 pkts / 72000 bytes   down 59 pkts / 5497 bytes
relay: upstream session opened
up 72 pkts / 86400 bytes   down 71 pkts / 6587 bytes
up 72 pkts / 86400 bytes   down 71 pkts / 6587 bytes
up 72 pkts / 86400 bytes   down 71 pkts / 6587 bytes
up 72 pkts / 86400 bytes   down 71 pkts / 6587 bytes
up 72 pkts / 86400 bytes   down 71 pkts / 6587 bytes
up 72 pkts / 86400 bytes   down 71 pkts / 6587 bytes
up 72 pkts / 86400 bytes   down 71 pkts / 6587 bytes
up 72 pkts / 86400 bytes   down 71 pkts / 6587 bytes
up 72 pkts / 86400 bytes   down 71 pkts / 6587 bytes
up 72 pkts / 86400 bytes   down 71 pkts / 6587 bytes
up 72 pkts / 86400 bytes   down 71 pkts / 6587 bytes
up 72 pkts / 86400 bytes   down 71 pkts / 6587 bytes
up 72 pkts / 86400 bytes   down 71 pkts / 6587 bytes
up 72 pkts / 86400 bytes   down 71 pkts / 6587 bytes
up 72 pkts / 86400 bytes   down 71 pkts / 6587 bytes
up 72 pkts / 86400 bytes   down 71 pkts / 6587 bytes
up 72 pkts / 86400 bytes   down 71 pkts / 6587 bytes
up 72 pkts / 86400 bytes   down 71 pkts / 6587 bytes
up 72 pkts / 86400 bytes   down 71 pkts / 6587 bytes
up 72 pkts / 86400 bytes   down 71 pkts / 6587 bytes
up 72 pkts / 86400 bytes   down 71 pkts / 6587 bytes
up 72 pkts / 86400 bytes   down 71 pkts / 6587 bytes
up 72 pkts / 86400 bytes   down 71 pkts / 6587 bytes
up 72 pkts / 86400 bytes   down 71 pkts / 6587 bytes
up 72 pkts / 86400 bytes   down 71 pkts / 6587 bytes
up 72 pkts / 86400 bytes   down 71 pkts / 6587 bytes
up 72 pkts / 86400 bytes   down 71 pkts / 6587 bytes
up 72 pkts / 86400 bytes   down 71 pkts / 6587 bytes
up 72 pkts / 86400 bytes   down 71 pkts / 6587 bytes
up 72 pkts / 86400 bytes   down 71 pkts / 6587 bytes
up 72 pkts / 86400 bytes   down 71 pkts / 6587 bytes
up 72 pkts / 86400 bytes   down 71 pkts / 6587 bytes
up 72 pkts / 86400 bytes   down 71 pkts / 6587 bytes
up 72 pkts / 86400 bytes   down 71 pkts / 6587 bytes
up 72 pkts / 86400 bytes   down 71 pkts / 6587 bytes
up 72 pkts / 86400 bytes   down 71 pkts / 6587 bytes
up 72 pkts / 86400 bytes   down 71 pkts / 6587 bytes
up 72 pkts / 86400 bytes   down 71 pkts / 6587 bytes
up 72 pkts / 86400 bytes   down 71 pkts / 6587 bytes
up 72 pkts / 86400 bytes   down 71 pkts / 6587 bytes
up 72 pkts / 86400 bytes   down 71 pkts / 6587 bytes
up 72 pkts / 86400 bytes   down 71 pkts / 6587 bytes
up 72 pkts / 86400 bytes   down 71 pkts / 6587 bytes
up 72 pkts / 86400 bytes   down 71 pkts / 6587 bytes
up 72 pkts / 86400 bytes   down 71 pkts / 6587 bytes
up 72 pkts / 86400 bytes   down 71 pkts / 6587 bytes
up 72 pkts / 86400 bytes   down 71 pkts / 6587 bytes
up 72 pkts / 86400 bytes   down 71 pkts / 6587 bytes
up 72 pkts / 86400 bytes   down 71 pkts / 6587 bytes
up 72 pkts / 86400 bytes   down 71 pkts / 6587 bytes
up 72 pkts / 86400 bytes   down 71 pkts / 6587 bytes
up 72 pkts / 86400 bytes   down 71 pkts / 6587 bytes
up 72 pkts / 86400 bytes   down 71 pkts / 6587 bytes
up 72 pkts / 86400 bytes   down 71 pkts / 6587 bytes
up 72 pkts / 86400 bytes   down 71 pkts / 6587 bytes
up 72 pkts / 86400 bytes   down 71 pkts / 6587 bytes
up 72 pkts / 86400 bytes   down 71 pkts / 6587 bytes
up 72 pkts / 86400 bytes   down 71 pkts / 6587 bytes
up 72 pkts / 86400 bytes   down 71 pkts / 6587 bytes
up 72 pkts / 86400 bytes   down 71 pkts / 6587 bytes
up 72 pkts / 86400 bytes   down 71 pkts / 6587 bytes
up 72 pkts / 86400 bytes   down 71 pkts / 6587 bytes
up 72 pkts / 86400 bytes   down 71 pkts / 6587 bytes
up 72 pkts / 86400 bytes   down 71 pkts / 6587 bytes
up 72 pkts / 86400 bytes   down 71 pkts / 6587 bytes
up 72 pkts / 86400 bytes   down 71 pkts / 6587 bytes
up 72 pkts / 86400 bytes   down 71 pkts / 6587 bytes
up 72 pkts / 86400 bytes   down 71 pkts / 6587 bytes
up 72 pkts / 86400 bytes   down 71 pkts / 6587 bytes
up 72 pkts / 86400 bytes   down 71 pkts / 6587 bytes
up 72 pkts / 86400 bytes   down 71 pkts / 6587 bytes
up 72 pkts / 86400 bytes   down 71 pkts / 6587 bytes
up 72 pkts / 86400 bytes   down 71 pkts / 6587 bytes
up 72 pkts / 86400 bytes   down 71 pkts / 6587 bytes
up 72 pkts / 86400 bytes   down 71 pkts / 6587 bytes
up 72 pkts / 86400 bytes   down 71 pkts / 6587 bytes
up 72 pkts / 86400 bytes   down 71 pkts / 6587 bytes
up 72 pkts / 86400 bytes   down 71 pkts / 6587 bytes
up 72 pkts / 86400 bytes   down 71 pkts / 6587 bytes
up 72 pkts / 86400 bytes   down 71 pkts / 6587 bytes
up 72 pkts / 86400 bytes   down 71 pkts / 6587 bytes
up 72 pkts / 86400 bytes   down 71 pkts / 6587 bytes
up 72 pkts / 86400 bytes   down 71 pkts / 6587 bytes
up 72 pkts / 86400 bytes   down 71 pkts / 6587 bytes
up 72 pkts / 86400 bytes   down 71 pkts / 6587 bytes
up 72 pkts / 86400 bytes   down 71 pkts / 6587 bytes
up 72 pkts / 86400 bytes   down 71 pkts / 6587 bytes
up 72 pkts / 86400 bytes   down 71 pkts / 6587 bytes
up 72 pkts / 86400 bytes   down 71 pkts / 6587 bytes
up 72 pkts / 86400 bytes   down 71 pkts / 6587 bytes
up 72 pkts / 86400 bytes   down 71 pkts / 6587 bytes
up 72 pkts / 86400 bytes   down 71 pkts / 6587 bytes
up 72 pkts / 86400 bytes   down 71 pkts / 6587 bytes
up 72 pkts / 86400 bytes   down 71 pkts / 6587 bytes
up 72 pkts / 86400 bytes   down 71 pkts / 6587 bytes
up 72 pkts / 86400 bytes   down 71 pkts / 6587 bytes
up 72 pkts / 86400 bytes   down 71 pkts / 6587 bytes
up 72 pkts / 86400 bytes   down 71 pkts / 6587 bytes
up 72 pkts / 86400 bytes   down 71 pkts / 6587 bytes
up 72 pkts / 86400 bytes   down 71 pkts / 6587 bytes
relay: upstream session opened
up 82 pkts / 98400 bytes   down 81 pkts / 7557 bytes
up 92 pkts / 110400 bytes   down 90 pkts / 8439 bytes
up 102 pkts / 122400 bytes   down 99 pkts / 9276 bytes
up 109 pkts / 130800 bytes   down 105 pkts / 9858 bytes
up 120 pkts / 144000 bytes   down 113 pkts / 10592 bytes
up 126 pkts / 151200 bytes   down 120 pkts / 11227 bytes
up 128 pkts / 153600 bytes   down 122 pkts / 11409 bytes
up 128 pkts / 153600 bytes   down 122 pkts / 11409 bytes
up 128 pkts / 153600 bytes   down 122 pkts / 11409 bytes
up 128 pkts / 153600 bytes   down 122 pkts / 11409 bytes
up 128 pkts / 153600 bytes   down 122 pkts / 11409 bytes
up 128 pkts / 153600 bytes   down 122 pkts / 11409 bytes
up 128 pkts / 153600 bytes   down 122 pkts / 11409 bytes
up 128 pkts / 153600 bytes   down 122 pkts / 11409 bytes
up 128 pkts / 153600 bytes   down 122 pkts / 11409 bytes
up 128 pkts / 153600 bytes   down 122 pkts / 11409 bytes
up 128 pkts / 153600 bytes   down 122 pkts / 11409 bytes
up 128 pkts / 153600 bytes   down 122 pkts / 11409 bytes
up 128 pkts / 153600 bytes   down 122 pkts / 11409 bytes
up 128 pkts / 153600 bytes   down 122 pkts / 11409 bytes
up 128 pkts / 153600 bytes   down 122 pkts / 11409 bytes
up 128 pkts / 153600 bytes   down 122 pkts / 11409 bytes
up 128 pkts / 153600 bytes   down 122 pkts / 11409 bytes
up 128 pkts / 153600 bytes   down 122 pkts / 11409 bytes
up 128 pkts / 153600 bytes   down 122 pkts / 11409 bytes
up 128 pkts / 153600 bytes   down 122 pkts / 11409 bytes
up 128 pkts / 153600 bytes   down 122 pkts / 11409 bytes
up 128 pkts / 153600 bytes   down 122 pkts / 11409 bytes
up 128 pkts / 153600 bytes   down 122 pkts / 11409 bytes
up 128 pkts / 153600 bytes   down 122 pkts / 11409 bytes
up 128 pkts / 153600 bytes   down 122 pkts / 11409 bytes
up 128 pkts / 153600 bytes   down 122 pkts / 11409 bytes
up 128 pkts / 153600 bytes   down 122 pkts / 11409 bytes
up 128 pkts / 153600 bytes   down 122 pkts / 11409 bytes
up 128 pkts / 153600 bytes   down 122 pkts / 11409 bytes
up 128 pkts / 153600 bytes   down 122 pkts / 11409 bytes
up 128 pkts / 153600 bytes   down 122 pkts / 11409 bytes
up 128 pkts / 153600 bytes   down 122 pkts / 11409 bytes
up 128 pkts / 153600 bytes   down 122 pkts / 11409 bytes
up 128 pkts / 153600 bytes   down 122 pkts / 11409 bytes
up 128 pkts / 153600 bytes   down 122 pkts / 11409 bytes
up 128 pkts / 153600 bytes   down 122 pkts / 11409 bytes
up 128 pkts / 153600 bytes   down 122 pkts / 11409 bytes
up 128 pkts / 153600 bytes   down 122 pkts / 11409 bytes
up 128 pkts / 153600 bytes   down 122 pkts / 11409 bytes
up 128 pkts / 153600 bytes   down 122 pkts / 11409 bytes
up 128 pkts / 153600 bytes   down 122 pkts / 11409 bytes
up 128 pkts / 153600 bytes   down 122 pkts / 11409 bytes
up 128 pkts / 153600 bytes   down 122 pkts / 11409 bytes
up 128 pkts / 153600 bytes   down 122 pkts / 11409 bytes
up 128 pkts / 153600 bytes   down 122 pkts / 11409 bytes
up 128 pkts / 153600 bytes   down 122 pkts / 11409 bytes
up 128 pkts / 153600 bytes   down 122 pkts / 11409 bytes
up 128 pkts / 153600 bytes   down 122 pkts / 11409 bytes
up 128 pkts / 153600 bytes   down 122 pkts / 11409 bytes
up 128 pkts / 153600 bytes   down 122 pkts / 11409 bytes
up 128 pkts / 153600 bytes   down 122 pkts / 11409 bytes
up 128 pkts / 153600 bytes   down 122 pkts / 11409 bytes
up 128 pkts / 153600 bytes   down 122 pkts / 11409 bytes
up 128 pkts / 153600 bytes   down 122 pkts / 11409 bytes
up 128 pkts / 153600 bytes   down 122 pkts / 11409 bytes
up 128 pkts / 153600 bytes   down 122 pkts / 11409 bytes
up 128 pkts / 153600 bytes   down 122 pkts / 11409 bytes
up 128 pkts / 153600 bytes   down 122 pkts / 11409 bytes
up 128 pkts / 153600 bytes   down 122 pkts / 11409 bytes
up 128 pkts / 153600 bytes   down 122 pkts / 11409 bytes
up 128 pkts / 153600 bytes   down 122 pkts / 11409 bytes
up 128 pkts / 153600 bytes   down 122 pkts / 11409 bytes
up 128 pkts / 153600 bytes   down 122 pkts / 11409 bytes
up 128 pkts / 153600 bytes   down 122 pkts / 11409 bytes
up 128 pkts / 153600 bytes   down 122 pkts / 11409 bytes
up 128 pkts / 153600 bytes   down 122 pkts / 11409 bytes
up 128 pkts / 153600 bytes   down 122 pkts / 11409 bytes
up 128 pkts / 153600 bytes   down 122 pkts / 11409 bytes
up 128 pkts / 153600 bytes   down 122 pkts / 11409 bytes
up 128 pkts / 153600 bytes   down 122 pkts / 11409 bytes
up 128 pkts / 153600 bytes   down 122 pkts / 11409 bytes
up 128 pkts / 153600 bytes   down 122 pkts / 11409 bytes
up 128 pkts / 153600 bytes   down 122 pkts / 11409 bytes
up 128 pkts / 153600 bytes   down 122 pkts / 11409 bytes
up 128 pkts / 153600 bytes   down 122 pkts / 11409 bytes
up 128 pkts / 153600 bytes   down 122 pkts / 11409 bytes
up 128 pkts / 153600 bytes   down 122 pkts / 11409 bytes
up 128 pkts / 153600 bytes   down 122 pkts / 11409 bytes
up 128 pkts / 153600 bytes   down 122 pkts / 11409 bytes
up 128 pkts / 153600 bytes   down 122 pkts / 11409 bytes
up 128 pkts / 153600 bytes   down 122 pkts / 11409 bytes
up 128 pkts / 153600 bytes   down 122 pkts / 11409 bytes
up 128 pkts / 153600 bytes   down 122 pkts / 11409 bytes
up 128 pkts / 153600 bytes   down 122 pkts / 11409 bytes
up 128 pkts / 153600 bytes   down 122 pkts / 11409 bytes
up 128 pkts / 153600 bytes   down 122 pkts / 11409 bytes
up 128 pkts / 153600 bytes   down 122 pkts / 11409 bytes
up 128 pkts / 153600 bytes   down 122 pkts / 11409 bytes
up 128 pkts / 153600 bytes   down 122 pkts / 11409 bytes
up 128 pkts / 153600 bytes   down 122 pkts / 11409 bytes
up 128 pkts / 153600 bytes   down 122 pkts / 11409 bytes
up 128 pkts / 153600 bytes   down 122 pkts / 11409 bytes
up 128 pkts / 153600 bytes   down 122 pkts / 11409 bytes
up 128 pkts / 153600 bytes   down 122 pkts / 11409 bytes
up 128 pkts / 153600 bytes   down 122 pkts / 11409 bytes
up 128 pkts / 153600 bytes   down 122 pkts / 11409 bytes
up 128 pkts / 153600 bytes   down 122 pkts / 11409 bytes
up 128 pkts / 153600 bytes   down 122 pkts / 11409 bytes
up 128 pkts / 153600 bytes   down 122 pkts / 11409 bytes
up 128 pkts / 153600 bytes   down 122 pkts / 11409 bytes
up 128 pkts / 153600 bytes   down 122 pkts / 11409 bytes
up 128 pkts / 153600 bytes   down 122 pkts / 11409 bytes
up 128 pkts / 153600 bytes   down 122 pkts / 11409 bytes
up 128 pkts / 153600 bytes   down 122 pkts / 11409 bytes
up 128 pkts / 153600 bytes   down 122 pkts / 11409 bytes
up 128 pkts / 153600 bytes   down 122 pkts / 11409 bytes
up 128 pkts / 153600 bytes   down 122 pkts / 11409 bytes
up 128 pkts / 153600 bytes   down 122 pkts / 11409 bytes
up 128 pkts / 153600 bytes   down 122 pkts / 11409 bytes
up 128 pkts / 153600 bytes   down 122 pkts / 11409 bytes
up 128 pkts / 153600 bytes   down 122 pkts / 11409 bytes
up 128 pkts / 153600 bytes   down 122 pkts / 11409 bytes
up 128 pkts / 153600 bytes   down 122 pkts / 11409 bytes
up 128 pkts / 153600 bytes   down 122 pkts / 11409 bytes
up 128 pkts / 153600 bytes   down 122 pkts / 11409 bytes
up 128 pkts / 153600 bytes   down 122 pkts / 11409 bytes
up 128 pkts / 153600 bytes   down 122 pkts / 11409 bytes
up 128 pkts / 153600 bytes   down 122 pkts / 11409 bytes
up 128 pkts / 153600 bytes   down 122 pkts / 11409 bytes
up 128 pkts / 153600 bytes   down 122 pkts / 11409 bytes
up 128 pkts / 153600 bytes   down 122 pkts / 11409 bytes
up 128 pkts / 153600 bytes   down 122 pkts / 11409 bytes
up 128 pkts / 153600 bytes   down 122 pkts / 11409 bytes
up 128 pkts / 153600 bytes   down 122 pkts / 11409 bytes
up 128 pkts / 153600 bytes   down 122 pkts / 11409 bytes
up 128 pkts / 153600 bytes   down 122 pkts / 11409 bytes
up 128 pkts / 153600 bytes   down 122 pkts / 11409 bytes
up 128 pkts / 153600 bytes   down 122 pkts / 11409 bytes
up 128 pkts / 153600 bytes   down 122 pkts / 11409 bytes
up 128 pkts / 153600 bytes   down 122 pkts / 11409 bytes
up 128 pkts / 153600 bytes   down 122 pkts / 11409 bytes
up 128 pkts / 153600 bytes   down 122 pkts / 11409 bytes
up 128 pkts / 153600 bytes   down 122 pkts / 11409 bytes
up 128 pkts / 153600 bytes   down 122 pkts / 11409 bytes
up 128 pkts / 153600 bytes   down 122 pkts / 11409 bytes
up 128 pkts / 153600 bytes   down 122 pkts / 11409 bytes
up 128 pkts / 153600 bytes   down 122 pkts / 11409 bytes
up 128 pkts / 153600 bytes   down 122 pkts / 11409 bytes
up 128 pkts / 153600 bytes   down 122 pkts / 11409 bytes
up 128 pkts / 153600 bytes   down 122 pkts / 11409 bytes
up 128 pkts / 153600 bytes   down 122 pkts / 11409 bytes
up 128 pkts / 153600 bytes   down 122 pkts / 11409 bytes
up 128 pkts / 153600 bytes   down 122 pkts / 11409 bytes
up 128 pkts / 153600 bytes   down 122 pkts / 11409 bytes
up 128 pkts / 153600 bytes   down 122 pkts / 11409 bytes
up 128 pkts / 153600 bytes   down 122 pkts / 11409 bytes
up 128 pkts / 153600 bytes   down 122 pkts / 11409 bytes
up 128 pkts / 153600 bytes   down 122 pkts / 11409 bytes
up 128 pkts / 153600 bytes   down 122 pkts / 11409 bytes
up 128 pkts / 153600 bytes   down 122 pkts / 11409 bytes
up 128 pkts / 153600 bytes   down 122 pkts / 11409 bytes
up 128 pkts / 153600 bytes   down 122 pkts / 11409 bytes
up 128 pkts / 153600 bytes   down 122 pkts / 11409 bytes
up 128 pkts / 153600 bytes   down 122 pkts / 11409 bytes
up 128 pkts / 153600 bytes   down 122 pkts / 11409 bytes
up 128 pkts / 153600 bytes   down 122 pkts / 11409 bytes
up 128 pkts / 153600 bytes   down 122 pkts / 11409 bytes
up 128 pkts / 153600 bytes   down 122 pkts / 11409 bytes
up 128 pkts / 153600 bytes   down 122 pkts / 11409 bytes
up 128 pkts / 153600 bytes   down 122 pkts / 11409 bytes
up 128 pkts / 153600 bytes   down 122 pkts / 11409 bytes
up 128 pkts / 153600 bytes   down 122 pkts / 11409 bytes
up 128 pkts / 153600 bytes   down 122 pkts / 11409 bytes
up 128 pkts / 153600 bytes   down 122 pkts / 11409 bytes
up 128 pkts / 153600 bytes   down 122 pkts / 11409 bytes
up 128 pkts / 153600 bytes   down 122 pkts / 11409 bytes
up 128 pkts / 153600 bytes   down 122 pkts / 11409 bytes
up 128 pkts / 153600 bytes   down 122 pkts / 11409 bytes
up 128 pkts / 153600 bytes   down 122 pkts / 11409 bytes
up 128 pkts / 153600 bytes   down 122 pkts / 11409 bytes
up 128 pkts / 153600 bytes   down 122 pkts / 11409 bytes
up 128 pkts / 153600 bytes   down 122 pkts / 11409 bytes
up 128 pkts / 153600 bytes   down 122 pkts / 11409 bytes
up 128 pkts / 153600 bytes   down 122 pkts / 11409 bytes
up 128 pkts / 153600 bytes   down 122 pkts / 11409 bytes
up 128 pkts / 153600 bytes   down 122 pkts / 11409 bytes
up 128 pkts / 153600 bytes   down 122 pkts / 11409 bytes
up 128 pkts / 153600 bytes   down 122 pkts / 11409 bytes
up 128 pkts / 153600 bytes   down 122 pkts / 11409 bytes
up 128 pkts / 153600 bytes   down 122 pkts / 11409 bytes
up 128 pkts / 153600 bytes   down 122 pkts / 11409 bytes
up 128 pkts / 153600 bytes   down 122 pkts / 11409 bytes
up 128 pkts / 153600 bytes   down 122 pkts / 11409 bytes
up 128 pkts / 153600 bytes   down 122 pkts / 11409 bytes
up 128 pkts / 153600 bytes   down 122 pkts / 11409 bytes
up 128 pkts / 153600 bytes   down 122 pkts / 11409 bytes
up 128 pkts / 153600 bytes   down 122 pkts / 11409 bytes
up 128 pkts / 153600 bytes   down 122 pkts / 11409 bytes
up 128 pkts / 153600 bytes   down 122 pkts / 11409 bytes
up 128 pkts / 153600 bytes   down 122 pkts / 11409 bytes
up 128 pkts / 153600 bytes   down 122 pkts / 11409 bytes
up 128 pkts / 153600 bytes   down 122 pkts / 11409 bytes
up 128 pkts / 153600 bytes   down 122 pkts / 11409 bytes
up 128 pkts / 153600 bytes   down 122 pkts / 11409 bytes
up 128 pkts / 153600 bytes   down 122 pkts / 11409 bytes
up 128 pkts / 153600 bytes   down 122 pkts / 11409 bytes
up 128 pkts / 153600 bytes   down 122 pkts / 11409 bytes
up 128 pkts / 153600 bytes   down 122 pkts / 11409 bytes
up 128 pkts / 153600 bytes   down 122 pkts / 11409 bytes
up 128 pkts / 153600 bytes   down 122 pkts / 11409 bytes
up 128 pkts / 153600 bytes   down 122 pkts / 11409 bytes
up 128 pkts / 153600 bytes   down 122 pkts / 11409 bytes
up 128 pkts / 153600 bytes   down 122 pkts / 11409 bytes
up 128 pkts / 153600 bytes   down 122 pkts / 11409 bytes
up 128 pkts / 153600 bytes   down 122 pkts / 11409 bytes
up 128 pkts / 153600 bytes   down 122 pkts / 11409 bytes
up 128 pkts / 153600 bytes   down 122 pkts / 11409 bytes
up 128 pkts / 153600 bytes   down 122 pkts / 11409 bytes
up 128 pkts / 153600 bytes   down 122 pkts / 11409 bytes
up 128 pkts / 153600 bytes   down 122 pkts / 11409 bytes
up 128 pkts / 153600 bytes   down 122 pkts / 11409 bytes
up 128 pkts / 153600 bytes   down 122 pkts / 11409 bytes
up 128 pkts / 153600 bytes   down 122 pkts / 11409 bytes
up 128 pkts / 153600 bytes   down 122 pkts / 11409 bytes
up 128 pkts / 153600 bytes   down 122 pkts / 11409 bytes
up 128 pkts / 153600 bytes   down 122 pkts / 11409 bytes
up 128 pkts / 153600 bytes   down 122 pkts / 11409 bytes
up 128 pkts / 153600 bytes   down 122 pkts / 11409 bytes
up 128 pkts / 153600 bytes   down 122 pkts / 11409 bytes
up 128 pkts / 153600 bytes   down 122 pkts / 11409 bytes
up 128 pkts / 153600 bytes   down 122 pkts / 11409 bytes
up 128 pkts / 153600 bytes   down 122 pkts / 11409 bytes
up 128 pkts / 153600 bytes   down 122 pkts / 11409 bytes
up 128 pkts / 153600 bytes   down 122 pkts / 11409 bytes
relay: upstream session opened
up 140 pkts / 168000 bytes   down 132 pkts / 12326 bytes
up 140 pkts / 168000 bytes   down 132 pkts / 12326 bytes
up 140 pkts / 168000 bytes   down 132 pkts / 12326 bytes
up 140 pkts / 168000 bytes   down 132 pkts / 12326 bytes
up 140 pkts / 168000 bytes   down 132 pkts / 12326 bytes
up 140 pkts / 168000 bytes   down 132 pkts / 12326 bytes
up 140 pkts / 168000 bytes   down 132 pkts / 12326 bytes
up 140 pkts / 168000 bytes   down 132 pkts / 12326 bytes
up 140 pkts / 168000 bytes   down 132 pkts / 12326 bytes
up 140 pkts / 168000 bytes   down 132 pkts / 12326 bytes
up 140 pkts / 168000 bytes   down 132 pkts / 12326 bytes
up 140 pkts / 168000 bytes   down 132 pkts / 12326 bytes
up 140 pkts / 168000 bytes   down 132 pkts / 12326 bytes
up 140 pkts / 168000 bytes   down 132 pkts / 12326 bytes
up 140 pkts / 168000 bytes   down 132 pkts / 12326 bytes
up 140 pkts / 168000 bytes   down 132 pkts / 12326 bytes
up 140 pkts / 168000 bytes   down 132 pkts / 12326 bytes
up 140 pkts / 168000 bytes   down 132 pkts / 12326 bytes
up 140 pkts / 168000 bytes   down 132 pkts / 12326 bytes
up 140 pkts / 168000 bytes   down 132 pkts / 12326 bytes
up 140 pkts / 168000 bytes   down 132 pkts / 12326 bytes
up 140 pkts / 168000 bytes   down 132 pkts / 12326 bytes
up 140 pkts / 168000 bytes   down 132 pkts / 12326 bytes
up 140 pkts / 168000 bytes   down 132 pkts / 12326 bytes
up 140 pkts / 168000 bytes   down 132 pkts / 12326 bytes
up 140 pkts / 168000 bytes   down 132 pkts / 12326 bytes
up 140 pkts / 168000 bytes   down 132 pkts / 12326 bytes
up 140 pkts / 168000 bytes   down 132 pkts / 12326 bytes
up 140 pkts / 168000 bytes   down 132 pkts / 12326 bytes
up 140 pkts / 168000 bytes   down 132 pkts / 12326 bytes
up 140 pkts / 168000 bytes   down 132 pkts / 12326 bytes
up 140 pkts / 168000 bytes   down 132 pkts / 12326 bytes
up 140 pkts / 168000 bytes   down 132 pkts / 12326 bytes
up 140 pkts / 168000 bytes   down 132 pkts / 12326 bytes
up 140 pkts / 168000 bytes   down 132 pkts / 12326 bytes
up 140 pkts / 168000 bytes   down 132 pkts / 12326 bytes
up 140 pkts / 168000 bytes   down 132 pkts / 12326 bytes
up 140 pkts / 168000 bytes   down 132 pkts / 12326 bytes
up 140 pkts / 168000 bytes   down 132 pkts / 12326 bytes
up 140 pkts / 168000 bytes   down 132 pkts / 12326 bytes
up 140 pkts / 168000 bytes   down 132 pkts / 12326 bytes
up 140 pkts / 168000 bytes   down 132 pkts / 12326 bytes
up 140 pkts / 168000 bytes   down 132 pkts / 12326 bytes
up 140 pkts / 168000 bytes   down 132 pkts / 12326 bytes
up 140 pkts / 168000 bytes   down 132 pkts / 12326 bytes
up 140 pkts / 168000 bytes   down 132 pkts / 12326 bytes
up 140 pkts / 168000 bytes   down 132 pkts / 12326 bytes
up 140 pkts / 168000 bytes   down 132 pkts / 12326 bytes
up 140 pkts / 168000 bytes   down 132 pkts / 12326 bytes
up 140 pkts / 168000 bytes   down 132 pkts / 12326 bytes
up 140 pkts / 168000 bytes   down 132 pkts / 12326 bytes
up 140 pkts / 168000 bytes   down 132 pkts / 12326 bytes
up 140 pkts / 168000 bytes   down 132 pkts / 12326 bytes
up 140 pkts / 168000 bytes   down 132 pkts / 12326 bytes
up 140 pkts / 168000 bytes   down 132 pkts / 12326 bytes
up 140 pkts / 168000 bytes   down 132 pkts / 12326 bytes
up 140 pkts / 168000 bytes   down 132 pkts / 12326 bytes
up 140 pkts / 168000 bytes   down 132 pkts / 12326 bytes
up 140 pkts / 168000 bytes   down 132 pkts / 12326 bytes
up 140 pkts / 168000 bytes   down 132 pkts / 12326 bytes
up 140 pkts / 168000 bytes   down 132 pkts / 12326 bytes
up 140 pkts / 168000 bytes   down 132 pkts / 12326 bytes
up 140 pkts / 168000 bytes   down 132 pkts / 12326 bytes
up 140 pkts / 168000 bytes   down 132 pkts / 12326 bytes
up 140 pkts / 168000 bytes   down 132 pkts / 12326 bytes
up 140 pkts / 168000 bytes   down 132 pkts / 12326 bytes
up 140 pkts / 168000 bytes   down 132 pkts / 12326 bytes
up 140 pkts / 168000 bytes   down 132 pkts / 12326 bytes
up 140 pkts / 168000 bytes   down 132 pkts / 12326 bytes
up 140 pkts / 168000 bytes   down 132 pkts / 12326 bytes
up 140 pkts / 168000 bytes   down 132 pkts / 12326 bytes
up 140 pkts / 168000 bytes   down 132 pkts / 12326 bytes
up 140 pkts / 168000 bytes   down 132 pkts / 12326 bytes
up 140 pkts / 168000 bytes   down 132 pkts / 12326 bytes
up 140 pkts / 168000 bytes   down 132 pkts / 12326 bytes
up 140 pkts / 168000 bytes   down 132 pkts / 12326 bytes
up 140 pkts / 168000 bytes   down 132 pkts / 12326 bytes
up 140 pkts / 168000 bytes   down 132 pkts / 12326 bytes
up 140 pkts / 168000 bytes   down 132 pkts / 12326 bytes
up 140 pkts / 168000 bytes   down 132 pkts / 12326 bytes
up 140 pkts / 168000 bytes   down 132 pkts / 12326 bytes
up 140 pkts / 168000 bytes   down 132 pkts / 12326 bytes
up 140 pkts / 168000 bytes   down 132 pkts / 12326 bytes
up 140 pkts / 168000 bytes   down 132 pkts / 12326 bytes
up 140 pkts / 168000 bytes   down 132 pkts / 12326 bytes
up 140 pkts / 168000 bytes   down 132 pkts / 12326 bytes
up 140 pkts / 168000 bytes   down 132 pkts / 12326 bytes
up 140 pkts / 168000 bytes   down 132 pkts / 12326 bytes
up 140 pkts / 168000 bytes   down 132 pkts / 12326 bytes
up 140 pkts / 168000 bytes   down 132 pkts / 12326 bytes
up 140 pkts / 168000 bytes   down 132 pkts / 12326 bytes
up 140 pkts / 168000 bytes   down 132 pkts / 12326 bytes
up 140 pkts / 168000 bytes   down 132 pkts / 12326 bytes
up 140 pkts / 168000 bytes   down 132 pkts / 12326 bytes
up 140 pkts / 168000 bytes   down 132 pkts / 12326 bytes
up 140 pkts / 168000 bytes   down 132 pkts / 12326 bytes
up 140 pkts / 168000 bytes   down 132 pkts / 12326 bytes
up 140 pkts / 168000 bytes   down 132 pkts / 12326 bytes
up 140 pkts / 168000 bytes   down 132 pkts / 12326 bytes
up 140 pkts / 168000 bytes   down 132 pkts / 12326 bytes
up 140 pkts / 168000 bytes   down 132 pkts / 12326 bytes
up 140 pkts / 168000 bytes   down 132 pkts / 12326 bytes
up 140 pkts / 168000 bytes   down 132 pkts / 12326 bytes
up 140 pkts / 168000 bytes   down 132 pkts / 12326 bytes
up 140 pkts / 168000 bytes   down 132 pkts / 12326 bytes
up 140 pkts / 168000 bytes   down 132 pkts / 12326 bytes
up 140 pkts / 168000 bytes   down 132 pkts / 12326 bytes
up 140 pkts / 168000 bytes   down 132 pkts / 12326 bytes
up 140 pkts / 168000 bytes   down 132 pkts / 12326 bytes
up 140 pkts / 168000 bytes   down 132 pkts / 12326 bytes
up 140 pkts / 168000 bytes   down 132 pkts / 12326 bytes
up 140 pkts / 168000 bytes   down 132 pkts / 12326 bytes
up 140 pkts / 168000 bytes   down 132 pkts / 12326 bytes
up 140 pkts / 168000 bytes   down 132 pkts / 12326 bytes
up 140 pkts / 168000 bytes   down 132 pkts / 12326 bytes
up 140 pkts / 168000 bytes   down 132 pkts / 12326 bytes
up 140 pkts / 168000 bytes   down 132 pkts / 12326 bytes
up 140 pkts / 168000 bytes   down 132 pkts / 12326 bytes
up 140 pkts / 168000 bytes   down 132 pkts / 12326 bytes
up 140 pkts / 168000 bytes   down 132 pkts / 12326 bytes
up 140 pkts / 168000 bytes   down 132 pkts / 12326 bytes
up 140 pkts / 168000 bytes   down 132 pkts / 12326 bytes
up 140 pkts / 168000 bytes   down 132 pkts / 12326 bytes
up 140 pkts / 168000 bytes   down 132 pkts / 12326 bytes
up 140 pkts / 168000 bytes   down 132 pkts / 12326 bytes
up 140 pkts / 168000 bytes   down 132 pkts / 12326 bytes
up 140 pkts / 168000 bytes   down 132 pkts / 12326 bytes
up 140 pkts / 168000 bytes   down 132 pkts / 12326 bytes
up 140 pkts / 168000 bytes   down 132 pkts / 12326 bytes
up 140 pkts / 168000 bytes   down 132 pkts / 12326 bytes
up 140 pkts / 168000 bytes   down 132 pkts / 12326 bytes
up 140 pkts / 168000 bytes   down 132 pkts / 12326 bytes
up 140 pkts / 168000 bytes   down 132 pkts / 12326 bytes
up 140 pkts / 168000 bytes   down 132 pkts / 12326 bytes
up 140 pkts / 168000 bytes   down 132 pkts / 12326 bytes
up 140 pkts / 168000 bytes   down 132 pkts / 12326 bytes
up 140 pkts / 168000 bytes   down 132 pkts / 12326 bytes
up 140 pkts / 168000 bytes   down 132 pkts / 12326 bytes
up 140 pkts / 168000 bytes   down 132 pkts / 12326 bytes
up 140 pkts / 168000 bytes   down 132 pkts / 12326 bytes
up 140 pkts / 168000 bytes   down 132 pkts / 12326 bytes
up 140 pkts / 168000 bytes   down 132 pkts / 12326 bytes
up 140 pkts / 168000 bytes   down 132 pkts / 12326 bytes
up 140 pkts / 168000 bytes   down 132 pkts / 12326 bytes
up 140 pkts / 168000 bytes   down 132 pkts / 12326 bytes
up 140 pkts / 168000 bytes   down 132 pkts / 12326 bytes
up 140 pkts / 168000 bytes   down 132 pkts / 12326 bytes
up 140 pkts / 168000 bytes   down 132 pkts / 12326 bytes
up 140 pkts / 168000 bytes   down 132 pkts / 12326 bytes
up 140 pkts / 168000 bytes   down 132 pkts / 12326 bytes
up 140 pkts / 168000 bytes   down 132 pkts / 12326 bytes
up 140 pkts / 168000 bytes   down 132 pkts / 12326 bytes
up 140 pkts / 168000 bytes   down 132 pkts / 12326 bytes
up 140 pkts / 168000 bytes   down 132 pkts / 12326 bytes
up 140 pkts / 168000 bytes   down 132 pkts / 12326 bytes
up 140 pkts / 168000 bytes   down 132 pkts / 12326 bytes
up 140 pkts / 168000 bytes   down 132 pkts / 12326 bytes
up 140 pkts / 168000 bytes   down 132 pkts / 12326 bytes
up 140 pkts / 168000 bytes   down 132 pkts / 12326 bytes
up 140 pkts / 168000 bytes   down 132 pkts / 12326 bytes
up 140 pkts / 168000 bytes   down 132 pkts / 12326 bytes
up 140 pkts / 168000 bytes   down 132 pkts / 12326 bytes
up 140 pkts / 168000 bytes   down 132 pkts / 12326 bytes
relay: upstream session opened
up 148 pkts / 177600 bytes   down 140 pkts / 13102 bytes
up 158 pkts / 189600 bytes   down 150 pkts / 14032 bytes
up 168 pkts / 201600 bytes   down 159 pkts / 14832 bytes
up 178 pkts / 213600 bytes   down 167 pkts / 15571 bytes
up 186 pkts / 223200 bytes   down 174 pkts / 16217 bytes
up 196 pkts / 235200 bytes   down 184 pkts / 17121 bytes
up 198 pkts / 237600 bytes   down 186 pkts / 17301 bytes
up 198 pkts / 237600 bytes   down 186 pkts / 17301 bytes
up 198 pkts / 237600 bytes   down 186 pkts / 17301 bytes
up 198 pkts / 237600 bytes   down 186 pkts / 17301 bytes
up 198 pkts / 237600 bytes   down 186 pkts / 17301 bytes
up 198 pkts / 237600 bytes   down 186 pkts / 17301 bytes
up 198 pkts / 237600 bytes   down 186 pkts / 17301 bytes
up 198 pkts / 237600 bytes   down 186 pkts / 17301 bytes
up 198 pkts / 237600 bytes   down 186 pkts / 17301 bytes
up 198 pkts / 237600 bytes   down 186 pkts / 17301 bytes
up 198 pkts / 237600 bytes   down 186 pkts / 17301 bytes
up 198 pkts / 237600 bytes   down 186 pkts / 17301 bytes
up 198 pkts / 237600 bytes   down 186 pkts / 17301 bytes
up 198 pkts / 237600 bytes   down 186 pkts / 17301 bytes
up 198 pkts / 237600 bytes   down 186 pkts / 17301 bytes
up 198 pkts / 237600 bytes   down 186 pkts / 17301 bytes
up 198 pkts / 237600 bytes   down 186 pkts / 17301 bytes
up 198 pkts / 237600 bytes   down 186 pkts / 17301 bytes
up 198 pkts / 237600 bytes   down 186 pkts / 17301 bytes
up 198 pkts / 237600 bytes   down 186 pkts / 17301 bytes
up 198 pkts / 237600 bytes   down 186 pkts / 17301 bytes
up 198 pkts / 237600 bytes   down 186 pkts / 17301 bytes
up 198 pkts / 237600 bytes   down 186 pkts / 17301 bytes
up 198 pkts / 237600 bytes   down 186 pkts / 17301 bytes
up 198 pkts / 237600 bytes   down 186 pkts / 17301 bytes
up 198 pkts / 237600 bytes   down 186 pkts / 17301 bytes
up 198 pkts / 237600 bytes   down 186 pkts / 17301 bytes
up 198 pkts / 237600 bytes   down 186 pkts / 17301 bytes
up 198 pkts / 237600 bytes   down 186 pkts / 17301 bytes
up 198 pkts / 237600 bytes   down 186 pkts / 17301 bytes
up 198 pkts / 237600 bytes   down 186 pkts / 17301 bytes
up 198 pkts / 237600 bytes   down 186 pkts / 17301 bytes
up 198 pkts / 237600 bytes   down 186 pkts / 17301 bytes
up 198 pkts / 237600 bytes   down 186 pkts / 17301 bytes
up 198 pkts / 237600 bytes   down 186 pkts / 17301 bytes
up 198 pkts / 237600 bytes   down 186 pkts / 17301 bytes
up 198 pkts / 237600 bytes   down 186 pkts / 17301 bytes
up 198 pkts / 237600 bytes   down 186 pkts / 17301 bytes
up 198 pkts / 237600 bytes   down 186 pkts / 17301 bytes
up 198 pkts / 237600 bytes   down 186 pkts / 17301 bytes
up 198 pkts / 237600 bytes   down 186 pkts / 17301 bytes
up 198 pkts / 237600 bytes   down 186 pkts / 17301 bytes
up 198 pkts / 237600 bytes   down 186 pkts / 17301 bytes
up 198 pkts / 237600 bytes   down 186 pkts / 17301 bytes
up 198 pkts / 237600 bytes   down 186 pkts / 17301 bytes
up 198 pkts / 237600 bytes   down 186 pkts / 17301 bytes
up 198 pkts / 237600 bytes   down 186 pkts / 17301 bytes
up 198 pkts / 237600 bytes   down 186 pkts / 17301 bytes
up 198 pkts / 237600 bytes   down 186 pkts / 17301 bytes
up 198 pkts / 237600 bytes   down 186 pkts / 17301 bytes
up 198 pkts / 237600 bytes   down 186 pkts / 17301 bytes
up 198 pkts / 237600 bytes   down 186 pkts / 17301 bytes
up 198 pkts / 237600 bytes   down 186 pkts / 17301 bytes
up 198 pkts / 237600 bytes   down 186 pkts / 17301 bytes
up 198 pkts / 237600 bytes   down 186 pkts / 17301 bytes
up 198 pkts / 237600 bytes   down 186 pkts / 17301 bytes
up 198 pkts / 237600 bytes   down 186 pkts / 17301 bytes
up 198 pkts / 237600 bytes   down 186 pkts / 17301 bytes
up 198 pkts / 237600 bytes   down 186 pkts / 17301 bytes
up 198 pkts / 237600 bytes   down 186 pkts / 17301 bytes
up 198 pkts / 237600 bytes   down 186 pkts / 17301 bytes
up 198 pkts / 237600 bytes   down 186 pkts / 17301 bytes
up 198 pkts / 237600 bytes   down 186 pkts / 17301 bytes
up 198 pkts / 237600 bytes   down 186 pkts / 17301 bytes
up 198 pkts / 237600 bytes   down 186 pkts / 17301 bytes
up 198 pkts / 237600 bytes   down 186 pkts / 17301 bytes
up 198 pkts / 237600 bytes   down 186 pkts / 17301 bytes
up 198 pkts / 237600 bytes   down 186 pkts / 17301 bytes
up 198 pkts / 237600 bytes   down 186 pkts / 17301 bytes
up 198 pkts / 237600 bytes   down 186 pkts / 17301 bytes
up 198 pkts / 237600 bytes   down 186 pkts / 17301 bytes
up 198 pkts / 237600 bytes   down 186 pkts / 17301 bytes
up 198 pkts / 237600 bytes   down 186 pkts / 17301 bytes
up 198 pkts / 237600 bytes   down 186 pkts / 17301 bytes
up 198 pkts / 237600 bytes   down 186 pkts / 17301 bytes
up 198 pkts / 237600 bytes   down 186 pkts / 17301 bytes
up 198 pkts / 237600 bytes   down 186 pkts / 17301 bytes
up 198 pkts / 237600 bytes   down 186 pkts / 17301 bytes
up 198 pkts / 237600 bytes   down 186 pkts / 17301 bytes
up 198 pkts / 237600 bytes   down 186 pkts / 17301 bytes
up 198 pkts / 237600 bytes   down 186 pkts / 17301 bytes
up 198 pkts / 237600 bytes   down 186 pkts / 17301 bytes
up 198 pkts / 237600 bytes   down 186 pkts / 17301 bytes
up 198 pkts / 237600 bytes   down 186 pkts / 17301 bytes
up 198 pkts / 237600 bytes   down 186 pkts / 17301 bytes
up 198 pkts / 237600 bytes   down 186 pkts / 17301 bytes
up 198 pkts / 237600 bytes   down 186 pkts / 17301 bytes
up 198 pkts / 237600 bytes   down 186 pkts / 17301 bytes
up 198 pkts / 237600 bytes   down 186 pkts / 17301 bytes
up 198 pkts / 237600 bytes   down 186 pkts / 17301 bytes
up 198 pkts / 237600 bytes   down 186 pkts / 17301 bytes
up 198 pkts / 237600 bytes   down 186 pkts / 17301 bytes
up 198 pkts / 237600 bytes   down 186 pkts / 17301 bytes
up 198 pkts / 237600 bytes   down 186 pkts / 17301 bytes
up 198 pkts / 237600 bytes   down 186 pkts / 17301 bytes
up 198 pkts / 237600 bytes   down 186 pkts / 17301 bytes
up 198 pkts / 237600 bytes   down 186 pkts / 17301 bytes
up 198 pkts / 237600 bytes   down 186 pkts / 17301 bytes
up 198 pkts / 237600 bytes   down 186 pkts / 17301 bytes
up 198 pkts / 237600 bytes   down 186 pkts / 17301 bytes
up 198 pkts / 237600 bytes   down 186 pkts / 17301 bytes
up 198 pkts / 237600 bytes   down 186 pkts / 17301 bytes
up 198 pkts / 237600 bytes   down 186 pkts / 17301 bytes
up 198 pkts / 237600 bytes   down 186 pkts / 17301 bytes
up 198 pkts / 237600 bytes   down 186 pkts / 17301 bytes
up 198 pkts / 237600 bytes   down 186 pkts / 17301 bytes
up 198 pkts / 237600 bytes   down 186 pkts / 17301 bytes
up 198 pkts / 237600 bytes   down 186 pkts / 17301 bytes
up 198 pkts / 237600 bytes   down 186 pkts / 17301 bytes
up 198 pkts / 237600 bytes   down 186 pkts / 17301 bytes
up 198 pkts / 237600 bytes   down 186 pkts / 17301 bytes
up 198 pkts / 237600 bytes   down 186 pkts / 17301 bytes
up 198 pkts / 237600 bytes   down 186 pkts / 17301 bytes
up 198 pkts / 237600 bytes   down 186 pkts / 17301 bytes
up 198 pkts / 237600 bytes   down 186 pkts / 17301 bytes
up 198 pkts / 237600 bytes   down 186 pkts / 17301 bytes
up 198 pkts / 237600 bytes   down 186 pkts / 17301 bytes
up 198 pkts / 237600 bytes   down 186 pkts / 17301 bytes
up 198 pkts / 237600 bytes   down 186 pkts / 17301 bytes
up 198 pkts / 237600 bytes   down 186 pkts / 17301 bytes
up 198 pkts / 237600 bytes   down 186 pkts / 17301 bytes
up 198 pkts / 237600 bytes   down 186 pkts / 17301 bytes
up 198 pkts / 237600 bytes   down 186 pkts / 17301 bytes
up 198 pkts / 237600 bytes   down 186 pkts / 17301 bytes
up 198 pkts / 237600 bytes   down 186 pkts / 17301 bytes
up 198 pkts / 237600 bytes   down 186 pkts / 17301 bytes
up 198 pkts / 237600 bytes   down 186 pkts / 17301 bytes
up 198 pkts / 237600 bytes   down 186 pkts / 17301 bytes
up 198 pkts / 237600 bytes   down 186 pkts / 17301 bytes
up 198 pkts / 237600 bytes   down 186 pkts / 17301 bytes
up 198 pkts / 237600 bytes   down 186 pkts / 17301 bytes
up 198 pkts / 237600 bytes   down 186 pkts / 17301 bytes
up 198 pkts / 237600 bytes   down 186 pkts / 17301 bytes
up 198 pkts / 237600 bytes   down 186 pkts / 17301 bytes
up 198 pkts / 237600 bytes   down 186 pkts / 17301 bytes
up 198 pkts / 237600 bytes   down 186 pkts / 17301 bytes
up 198 pkts / 237600 bytes   down 186 pkts / 17301 bytes
up 198 pkts / 237600 bytes   down 186 pkts / 17301 bytes
up 198 pkts / 237600 bytes   down 186 pkts / 17301 bytes
up 198 pkts / 237600 bytes   down 186 pkts / 17301 bytes
up 198 pkts / 237600 bytes   down 186 pkts / 17301 bytes
up 198 pkts / 237600 bytes   down 186 pkts / 17301 bytes
up 198 pkts / 237600 bytes   down 186 pkts / 17301 bytes
up 198 pkts / 237600 bytes   down 186 pkts / 17301 bytes
up 198 pkts / 237600 bytes   down 186 pkts / 17301 bytes
up 198 pkts / 237600 bytes   down 186 pkts / 17301 bytes
up 198 pkts / 237600 bytes   down 186 pkts / 17301 bytes
up 198 pkts / 237600 bytes   down 186 pkts / 17301 bytes
up 198 pkts / 237600 bytes   down 186 pkts / 17301 bytes
up 198 pkts / 237600 bytes   down 186 pkts / 17301 bytes
up 198 pkts / 237600 bytes   down 186 pkts / 17301 bytes
up 198 pkts / 237600 bytes   down 186 pkts / 17301 bytes
up 198 pkts / 237600 bytes   down 186 pkts / 17301 bytes
up 198 pkts / 237600 bytes   down 186 pkts / 17301 bytes
up 198 pkts / 237600 bytes   down 186 pkts / 17301 bytes
up 198 pkts / 237600 bytes   down 186 pkts / 17301 bytes
up 198 pkts / 237600 bytes   down 186 pkts / 17301 bytes
up 198 pkts / 237600 bytes   down 186 pkts / 17301 bytes
up 198 pkts / 237600 bytes   down 186 pkts / 17301 bytes
up 198 pkts / 237600 bytes   down 186 pkts / 17301 bytes
relay: upstream session opened
up 206 pkts / 247200 bytes   down 194 pkts / 17997 bytes
up 216 pkts / 259200 bytes   down 203 pkts / 18780 bytes
up 226 pkts / 271200 bytes   down 212 pkts / 19579 bytes
up 236 pkts / 283200 bytes   down 221 pkts / 20443 bytes
up 244 pkts / 292800 bytes   down 229 pkts / 21209 bytes
up 254 pkts / 304800 bytes   down 239 pkts / 22159 bytes
up 256 pkts / 307200 bytes   down 241 pkts / 22349 bytes
up 256 pkts / 307200 bytes   down 241 pkts / 22349 bytes
up 256 pkts / 307200 bytes   down 241 pkts / 22349 bytes
up 256 pkts / 307200 bytes   down 241 pkts / 22349 bytes
up 256 pkts / 307200 bytes   down 241 pkts / 22349 bytes
up 256 pkts / 307200 bytes   down 241 pkts / 22349 bytes
up 256 pkts / 307200 bytes   down 241 pkts / 22349 bytes
up 256 pkts / 307200 bytes   down 241 pkts / 22349 bytes
up 256 pkts / 307200 bytes   down 241 pkts / 22349 bytes
up 256 pkts / 307200 bytes   down 241 pkts / 22349 bytes
up 256 pkts / 307200 bytes   down 241 pkts / 22349 bytes
up 256 pkts / 307200 bytes   down 241 pkts / 22349 bytes
up 256 pkts / 307200 bytes   down 241 pkts / 22349 bytes
up 256 pkts / 307200 bytes   down 241 pkts / 22349 bytes
up 256 pkts / 307200 bytes   down 241 pkts / 22349 bytes
up 256 pkts / 307200 bytes   down 241 pkts / 22349 bytes
up 256 pkts / 307200 bytes   down 241 pkts / 22349 bytes
up 256 pkts / 307200 bytes   down 241 pkts / 22349 bytes
up 256 pkts / 307200 bytes   down 241 pkts / 22349 bytes
up 256 pkts / 307200 bytes   down 241 pkts / 22349 bytes
up 256 pkts / 307200 bytes   down 241 pkts / 22349 bytes
up 256 pkts / 307200 bytes   down 241 pkts / 22349 bytes
up 256 pkts / 307200 bytes   down 241 pkts / 22349 bytes
up 256 pkts / 307200 bytes   down 241 pkts / 22349 bytes
up 256 pkts / 307200 bytes   down 241 pkts / 22349 bytes
up 256 pkts / 307200 bytes   down 241 pkts / 22349 bytes
up 256 pkts / 307200 bytes   down 241 pkts / 22349 bytes
up 256 pkts / 307200 bytes   down 241 pkts / 22349 bytes
up 256 pkts / 307200 bytes   down 241 pkts / 22349 bytes
up 256 pkts / 307200 bytes   down 241 pkts / 22349 bytes
up 256 pkts / 307200 bytes   down 241 pkts / 22349 bytes
up 256 pkts / 307200 bytes   down 241 pkts / 22349 bytes
up 256 pkts / 307200 bytes   down 241 pkts / 22349 bytes
up 256 pkts / 307200 bytes   down 241 pkts / 22349 bytes
up 256 pkts / 307200 bytes   down 241 pkts / 22349 bytes
up 256 pkts / 307200 bytes   down 241 pkts / 22349 bytes
up 256 pkts / 307200 bytes   down 241 pkts / 22349 bytes
up 256 pkts / 307200 bytes   down 241 pkts / 22349 bytes
up 256 pkts / 307200 bytes   down 241 pkts / 22349 bytes
up 256 pkts / 307200 bytes   down 241 pkts / 22349 bytes
up 256 pkts / 307200 bytes   down 241 pkts / 22349 bytes
up 256 pkts / 307200 bytes   down 241 pkts / 22349 bytes
up 256 pkts / 307200 bytes   down 241 pkts / 22349 bytes
up 256 pkts / 307200 bytes   down 241 pkts / 22349 bytes
up 256 pkts / 307200 bytes   down 241 pkts / 22349 bytes
up 256 pkts / 307200 bytes   down 241 pkts / 22349 bytes
up 256 pkts / 307200 bytes   down 241 pkts / 22349 bytes
up 256 pkts / 307200 bytes   down 241 pkts / 22349 bytes
up 256 pkts / 307200 bytes   down 241 pkts / 22349 bytes
up 256 pkts / 307200 bytes   down 241 pkts / 22349 bytes
up 256 pkts / 307200 bytes   down 241 pkts / 22349 bytes
up 256 pkts / 307200 bytes   down 241 pkts / 22349 bytes
up 256 pkts / 307200 bytes   down 241 pkts / 22349 bytes
up 256 pkts / 307200 bytes   down 241 pkts / 22349 bytes
up 256 pkts / 307200 bytes   down 241 pkts / 22349 bytes
up 256 pkts / 307200 bytes   down 241 pkts / 22349 bytes
up 256 pkts / 307200 bytes   down 241 pkts / 22349 bytes
up 256 pkts / 307200 bytes   down 241 pkts / 22349 bytes
up 256 pkts / 307200 bytes   down 241 pkts / 22349 bytes
up 256 pkts / 307200 bytes   down 241 pkts / 22349 bytes
up 256 pkts / 307200 bytes   down 241 pkts / 22349 bytes
up 256 pkts / 307200 bytes   down 241 pkts / 22349 bytes
up 256 pkts / 307200 bytes   down 241 pkts / 22349 bytes
up 256 pkts / 307200 bytes   down 241 pkts / 22349 bytes
up 256 pkts / 307200 bytes   down 241 pkts / 22349 bytes
up 256 pkts / 307200 bytes   down 241 pkts / 22349 bytes
up 256 pkts / 307200 bytes   down 241 pkts / 22349 bytes
up 256 pkts / 307200 bytes   down 241 pkts / 22349 bytes
up 256 pkts / 307200 bytes   down 241 pkts / 22349 bytes
up 256 pkts / 307200 bytes   down 241 pkts / 22349 bytes
up 256 pkts / 307200 bytes   down 241 pkts / 22349 bytes
up 256 pkts / 307200 bytes   down 241 pkts / 22349 bytes
up 256 pkts / 307200 bytes   down 241 pkts / 22349 bytes
up 256 pkts / 307200 bytes   down 241 pkts / 22349 bytes
up 256 pkts / 307200 bytes   down 241 pkts / 22349 bytes
up 256 pkts / 307200 bytes   down 241 pkts / 22349 bytes
up 256 pkts / 307200 bytes   down 241 pkts / 22349 bytes
up 256 pkts / 307200 bytes   down 241 pkts / 22349 bytes
up 256 pkts / 307200 bytes   down 241 pkts / 22349 bytes
up 256 pkts / 307200 bytes   down 241 pkts / 22349 bytes
up 256 pkts / 307200 bytes   down 241 pkts / 22349 bytes
up 256 pkts / 307200 bytes   down 241 pkts / 22349 bytes
up 256 pkts / 307200 bytes   down 241 pkts / 22349 bytes
up 256 pkts / 307200 bytes   down 241 pkts / 22349 bytes
up 256 pkts / 307200 bytes   down 241 pkts / 22349 bytes
up 256 pkts / 307200 bytes   down 241 pkts / 22349 bytes
up 256 pkts / 307200 bytes   down 241 pkts / 22349 bytes
up 256 pkts / 307200 bytes   down 241 pkts / 22349 bytes
up 256 pkts / 307200 bytes   down 241 pkts / 22349 bytes
up 256 pkts / 307200 bytes   down 241 pkts / 22349 bytes
up 256 pkts / 307200 bytes   down 241 pkts / 22349 bytes
up 256 pkts / 307200 bytes   down 241 pkts / 22349 bytes
up 256 pkts / 307200 bytes   down 241 pkts / 22349 bytes
up 256 pkts / 307200 bytes   down 241 pkts / 22349 bytes
up 256 pkts / 307200 bytes   down 241 pkts / 22349 bytes
up 256 pkts / 307200 bytes   down 241 pkts / 22349 bytes
up 256 pkts / 307200 bytes   down 241 pkts / 22349 bytes
up 256 pkts / 307200 bytes   down 241 pkts / 22349 bytes
up 256 pkts / 307200 bytes   down 241 pkts / 22349 bytes
up 256 pkts / 307200 bytes   down 241 pkts / 22349 bytes
up 256 pkts / 307200 bytes   down 241 pkts / 22349 bytes
up 256 pkts / 307200 bytes   down 241 pkts / 22349 bytes
up 256 pkts / 307200 bytes   down 241 pkts / 22349 bytes
up 256 pkts / 307200 bytes   down 241 pkts / 22349 bytes
up 256 pkts / 307200 bytes   down 241 pkts / 22349 bytes
up 256 pkts / 307200 bytes   down 241 pkts / 22349 bytes
up 256 pkts / 307200 bytes   down 241 pkts / 22349 bytes
up 256 pkts / 307200 bytes   down 241 pkts / 22349 bytes
up 256 pkts / 307200 bytes   down 241 pkts / 22349 bytes
up 256 pkts / 307200 bytes   down 241 pkts / 22349 bytes
up 256 pkts / 307200 bytes   down 241 pkts / 22349 bytes
up 256 pkts / 307200 bytes   down 241 pkts / 22349 bytes
up 256 pkts / 307200 bytes   down 241 pkts / 22349 bytes
up 256 pkts / 307200 bytes   down 241 pkts / 22349 bytes
relay: upstream session opened
up 264 pkts / 316800 bytes   down 247 pkts / 26240 bytes
up 312 pkts / 344333 bytes   down 312 pkts / 52787 bytes
up 323 pkts / 346790 bytes   down 339 pkts / 58806 bytes
up 323 pkts / 346790 bytes   down 346 pkts / 61913 bytes
up 323 pkts / 346790 bytes   down 347 pkts / 62512 bytes
up 323 pkts / 346790 bytes   down 353 pkts / 63600 bytes
up 323 pkts / 346790 bytes   down 353 pkts / 63600 bytes
up 323 pkts / 346790 bytes   down 354 pkts / 64199 bytes
up 323 pkts / 346790 bytes   down 354 pkts / 64199 bytes
up 323 pkts / 346790 bytes   down 354 pkts / 64199 bytes
up 323 pkts / 346790 bytes   down 354 pkts / 64199 bytes
up 323 pkts / 346790 bytes   down 354 pkts / 64199 bytes
up 323 pkts / 346790 bytes   down 354 pkts / 64199 bytes
up 323 pkts / 346790 bytes   down 354 pkts / 64199 bytes
up 323 pkts / 346790 bytes   down 354 pkts / 64199 bytes
up 323 pkts / 346790 bytes   down 354 pkts / 64199 bytes
up 323 pkts / 346790 bytes   down 354 pkts / 64199 bytes
up 323 pkts / 346790 bytes   down 354 pkts / 64199 bytes
up 323 pkts / 346790 bytes   down 354 pkts / 64199 bytes
up 323 pkts / 346790 bytes   down 354 pkts / 64199 bytes
up 323 pkts / 346790 bytes   down 354 pkts / 64199 bytes
up 323 pkts / 346790 bytes   down 354 pkts / 64199 bytes
up 323 pkts / 346790 bytes   down 354 pkts / 64199 bytes
up 323 pkts / 346790 bytes   down 354 pkts / 64199 bytes
up 323 pkts / 346790 bytes   down 354 pkts / 64199 bytes
up 323 pkts / 346790 bytes   down 354 pkts / 64199 bytes
up 323 pkts / 346790 bytes   down 354 pkts / 64199 bytes
up 323 pkts / 346790 bytes   down 354 pkts / 64199 bytes
up 323 pkts / 346790 bytes   down 354 pkts / 64199 bytes
up 323 pkts / 346790 bytes   down 354 pkts / 64199 bytes
up 323 pkts / 346790 bytes   down 354 pkts / 64199 bytes
up 323 pkts / 346790 bytes   down 354 pkts / 64199 bytes
up 323 pkts / 346790 bytes   down 354 pkts / 64199 bytes
up 323 pkts / 346790 bytes   down 354 pkts / 64199 bytes
up 323 pkts / 346790 bytes   down 354 pkts / 64199 bytes
up 323 pkts / 346790 bytes   down 354 pkts / 64199 bytes
up 323 pkts / 346790 bytes   down 354 pkts / 64199 bytes
up 323 pkts / 346790 bytes   down 354 pkts / 64199 bytes
up 323 pkts / 346790 bytes   down 354 pkts / 64199 bytes
up 323 pkts / 346790 bytes   down 354 pkts / 64199 bytes
up 323 pkts / 346790 bytes   down 354 pkts / 64199 bytes
up 323 pkts / 346790 bytes   down 354 pkts / 64199 bytes
up 323 pkts / 346790 bytes   down 354 pkts / 64199 bytes
up 323 pkts / 346790 bytes   down 354 pkts / 64199 bytes
up 323 pkts / 346790 bytes   down 354 pkts / 64199 bytes
up 323 pkts / 346790 bytes   down 354 pkts / 64199 bytes
up 323 pkts / 346790 bytes   down 354 pkts / 64199 bytes
up 323 pkts / 346790 bytes   down 354 pkts / 64199 bytes
up 323 pkts / 346790 bytes   down 354 pkts / 64199 bytes
up 323 pkts / 346790 bytes   down 354 pkts / 64199 bytes
up 323 pkts / 346790 bytes   down 354 pkts / 64199 bytes
up 323 pkts / 346790 bytes   down 354 pkts / 64199 bytes
up 323 pkts / 346790 bytes   down 354 pkts / 64199 bytes
up 323 pkts / 346790 bytes   down 354 pkts / 64199 bytes
up 323 pkts / 346790 bytes   down 354 pkts / 64199 bytes
up 323 pkts / 346790 bytes   down 354 pkts / 64199 bytes
up 323 pkts / 346790 bytes   down 354 pkts / 64199 bytes
up 323 pkts / 346790 bytes   down 354 pkts / 64199 bytes
up 323 pkts / 346790 bytes   down 354 pkts / 64199 bytes
up 323 pkts / 346790 bytes   down 354 pkts / 64199 bytes
up 323 pkts / 346790 bytes   down 354 pkts / 64199 bytes
up 323 pkts / 346790 bytes   down 354 pkts / 64199 bytes
up 323 pkts / 346790 bytes   down 354 pkts / 64199 bytes
up 323 pkts / 346790 bytes   down 354 pkts / 64199 bytes
up 323 pkts / 346790 bytes   down 354 pkts / 64199 bytes
up 323 pkts / 346790 bytes   down 354 pkts / 64199 bytes
up 323 pkts / 346790 bytes   down 354 pkts / 64199 bytes
up 323 pkts / 346790 bytes   down 354 pkts / 64199 bytes
up 323 pkts / 346790 bytes   down 354 pkts / 64199 bytes
up 323 pkts / 346790 bytes   down 354 pkts / 64199 bytes
up 323 pkts / 346790 bytes   down 354 pkts / 64199 bytes
up 323 pkts / 346790 bytes   down 354 pkts / 64199 bytes
up 323 pkts / 346790 bytes   down 354 pkts / 64199 bytes
up 323 pkts / 346790 bytes   down 354 pkts / 64199 bytes
up 323 pkts / 346790 bytes   down 354 pkts / 64199 bytes
up 323 pkts / 346790 bytes   down 354 pkts / 64199 bytes
up 323 pkts / 346790 bytes   down 354 pkts / 64199 bytes
up 323 pkts / 346790 bytes   down 354 pkts / 64199 bytes
up 323 pkts / 346790 bytes   down 354 pkts / 64199 bytes
up 323 pkts / 346790 bytes   down 354 pkts / 64199 bytes
up 323 pkts / 346790 bytes   down 354 pkts / 64199 bytes
up 323 pkts / 346790 bytes   down 354 pkts / 64199 bytes
up 323 pkts / 346790 bytes   down 354 pkts / 64199 bytes
up 323 pkts / 346790 bytes   down 354 pkts / 64199 bytes
up 323 pkts / 346790 bytes   down 354 pkts / 64199 bytes
up 323 pkts / 346790 bytes   down 354 pkts / 64199 bytes
up 323 pkts / 346790 bytes   down 354 pkts / 64199 bytes
up 323 pkts / 346790 bytes   down 354 pkts / 64199 bytes
up 323 pkts / 346790 bytes   down 354 pkts / 64199 bytes
up 323 pkts / 346790 bytes   down 354 pkts / 64199 bytes
up 323 pkts / 346790 bytes   down 354 pkts / 64199 bytes
up 323 pkts / 346790 bytes   down 354 pkts / 64199 bytes
up 323 pkts / 346790 bytes   down 354 pkts / 64199 bytes
up 323 pkts / 346790 bytes   down 354 pkts / 64199 bytes
up 323 pkts / 346790 bytes   down 354 pkts / 64199 bytes
up 323 pkts / 346790 bytes   down 354 pkts / 64199 bytes
up 323 pkts / 346790 bytes   down 354 pkts / 64199 bytes
up 323 pkts / 346790 bytes   down 354 pkts / 64199 bytes
up 323 pkts / 346790 bytes   down 354 pkts / 64199 bytes
up 323 pkts / 346790 bytes   down 354 pkts / 64199 bytes
up 323 pkts / 346790 bytes   down 354 pkts / 64199 bytes
up 323 pkts / 346790 bytes   down 354 pkts / 64199 bytes
up 323 pkts / 346790 bytes   down 354 pkts / 64199 bytes
up 323 pkts / 346790 bytes   down 354 pkts / 64199 bytes
up 323 pkts / 346790 bytes   down 354 pkts / 64199 bytes
up 323 pkts / 346790 bytes   down 354 pkts / 64199 bytes
up 323 pkts / 346790 bytes   down 354 pkts / 64199 bytes
up 323 pkts / 346790 bytes   down 354 pkts / 64199 bytes
up 323 pkts / 346790 bytes   down 354 pkts / 64199 bytes
up 323 pkts / 346790 bytes   down 354 pkts / 64199 bytes
up 323 pkts / 346790 bytes   down 354 pkts / 64199 bytes
up 323 pkts / 346790 bytes   down 354 pkts / 64199 bytes
up 323 pkts / 346790 bytes   down 354 pkts / 64199 bytes
up 323 pkts / 346790 bytes   down 354 pkts / 64199 bytes
up 323 pkts / 346790 bytes   down 354 pkts / 64199 bytes
up 323 pkts / 346790 bytes   down 354 pkts / 64199 bytes
up 323 pkts / 346790 bytes   down 354 pkts / 64199 bytes
up 323 pkts / 346790 bytes   down 354 pkts / 64199 bytes
up 323 pkts / 346790 bytes   down 354 pkts / 64199 bytes
up 323 pkts / 346790 bytes   down 354 pkts / 64199 bytes
up 323 pkts / 346790 bytes   down 354 pkts / 64199 bytes
up 323 pkts / 346790 bytes   down 354 pkts / 64199 bytes
up 323 pkts / 346790 bytes   down 354 pkts / 64199 bytes
up 323 pkts / 346790 bytes   down 354 pkts / 64199 bytes
up 323 pkts / 346790 bytes   down 354 pkts / 64199 bytes
up 323 pkts / 346790 bytes   down 354 pkts / 64199 bytes
up 323 pkts / 346790 bytes   down 354 pkts / 64199 bytes
up 323 pkts / 346790 bytes   down 354 pkts / 64199 bytes
up 323 pkts / 346790 bytes   down 354 pkts / 64199 bytes
up 323 pkts / 346790 bytes   down 354 pkts / 64199 bytes
up 323 pkts / 346790 bytes   down 354 pkts / 64199 bytes
up 323 pkts / 346790 bytes   down 354 pkts / 64199 bytes
up 323 pkts / 346790 bytes   down 354 pkts / 64199 bytes
up 323 pkts / 346790 bytes   down 354 pkts / 64199 bytes
up 323 pkts / 346790 bytes   down 354 pkts / 64199 bytes
up 323 pkts / 346790 bytes   down 354 pkts / 64199 bytes
up 323 pkts / 346790 bytes   down 354 pkts / 64199 bytes
up 323 pkts / 346790 bytes   down 354 pkts / 64199 bytes
up 323 pkts / 346790 bytes   down 354 pkts / 64199 bytes
up 323 pkts / 346790 bytes   down 354 pkts / 64199 bytes
up 323 pkts / 346790 bytes   down 354 pkts / 64199 bytes
up 323 pkts / 346790 bytes   down 354 pkts / 64199 bytes
up 323 pkts / 346790 bytes   down 354 pkts / 64199 bytes
up 323 pkts / 346790 bytes   down 354 pkts / 64199 bytes
up 323 pkts / 346790 bytes   down 354 pkts / 64199 bytes
up 323 pkts / 346790 bytes   down 354 pkts / 64199 bytes
up 323 pkts / 346790 bytes   down 354 pkts / 64199 bytes
up 323 pkts / 346790 bytes   down 354 pkts / 64199 bytes
up 323 pkts / 346790 bytes   down 354 pkts / 64199 bytes
up 323 pkts / 346790 bytes   down 354 pkts / 64199 bytes
up 323 pkts / 346790 bytes   down 354 pkts / 64199 bytes
up 323 pkts / 346790 bytes   down 354 pkts / 64199 bytes
up 323 pkts / 346790 bytes   down 354 pkts / 64199 bytes
up 323 pkts / 346790 bytes   down 354 pkts / 64199 bytes
up 323 pkts / 346790 bytes   down 354 pkts / 64199 bytes
up 323 pkts / 346790 bytes   down 354 pkts / 64199 bytes
up 323 pkts / 346790 bytes   down 354 pkts / 64199 bytes
up 323 pkts / 346790 bytes   down 354 pkts / 64199 bytes
up 323 pkts / 346790 bytes   down 354 pkts / 64199 bytes
up 323 pkts / 346790 bytes   down 354 pkts / 64199 bytes
up 323 pkts / 346790 bytes   down 354 pkts / 64199 bytes
up 323 pkts / 346790 bytes   down 354 pkts / 64199 bytes
up 323 pkts / 346790 bytes   down 354 pkts / 64199 bytes
up 323 pkts / 346790 bytes   down 354 pkts / 64199 bytes
up 323 pkts / 346790 bytes   down 354 pkts / 64199 bytes
up 323 pkts / 346790 bytes   down 354 pkts / 64199 bytes
up 323 pkts / 346790 bytes   down 354 pkts / 64199 bytes
up 323 pkts / 346790 bytes   down 354 pkts / 64199 bytes
up 323 pkts / 346790 bytes   down 354 pkts / 64199 bytes
up 323 pkts / 346790 bytes   down 354 pkts / 64199 bytes
up 323 pkts / 346790 bytes   down 354 pkts / 64199 bytes
up 323 pkts / 346790 bytes   down 354 pkts / 64199 bytes
up 323 pkts / 346790 bytes   down 354 pkts / 64199 bytes
up 323 pkts / 346790 bytes   down 354 pkts / 64199 bytes
up 323 pkts / 346790 bytes   down 354 pkts / 64199 bytes
up 323 pkts / 346790 bytes   down 354 pkts / 64199 bytes
up 323 pkts / 346790 bytes   down 354 pkts / 64199 bytes
up 323 pkts / 346790 bytes   down 354 pkts / 64199 bytes
up 323 pkts / 346790 bytes   down 354 pkts / 64199 bytes
up 323 pkts / 346790 bytes   down 354 pkts / 64199 bytes
up 323 pkts / 346790 bytes   down 354 pkts / 64199 bytes
up 323 pkts / 346790 bytes   down 354 pkts / 64199 bytes
up 323 pkts / 346790 bytes   down 354 pkts / 64199 bytes
up 323 pkts / 346790 bytes   down 354 pkts / 64199 bytes
up 323 pkts / 346790 bytes   down 354 pkts / 64199 bytes
up 323 pkts / 346790 bytes   down 354 pkts / 64199 bytes
up 323 pkts / 346790 bytes   down 354 pkts / 64199 bytes
up 323 pkts / 346790 bytes   down 354 pkts / 64199 bytes
up 323 pkts / 346790 bytes   down 354 pkts / 64199 bytes
up 323 pkts / 346790 bytes   down 354 pkts / 64199 bytes
up 323 pkts / 346790 bytes   down 354 pkts / 64199 bytes
up 323 pkts / 346790 bytes   down 354 pkts / 64199 bytes
up 323 pkts / 346790 bytes   down 354 pkts / 64199 bytes
up 323 pkts / 346790 bytes   down 354 pkts / 64199 bytes
up 323 pkts / 346790 bytes   down 354 pkts / 64199 bytes
up 323 pkts / 346790 bytes   down 354 pkts / 64199 bytes
up 323 pkts / 346790 bytes   down 354 pkts / 64199 bytes
up 323 pkts / 346790 bytes   down 354 pkts / 64199 bytes
up 323 pkts / 346790 bytes   down 354 pkts / 64199 bytes
up 323 pkts / 346790 bytes   down 354 pkts / 64199 bytes
up 323 pkts / 346790 bytes   down 354 pkts / 64199 bytes
up 323 pkts / 346790 bytes   down 354 pkts / 64199 bytes
up 323 pkts / 346790 bytes   down 354 pkts / 64199 bytes
up 323 pkts / 346790 bytes   down 354 pkts / 64199 bytes
up 323 pkts / 346790 bytes   down 354 pkts / 64199 bytes
up 323 pkts / 346790 bytes   down 354 pkts / 64199 bytes
up 323 pkts / 346790 bytes   down 354 pkts / 64199 bytes
up 323 pkts / 346790 bytes   down 354 pkts / 64199 bytes
up 323 pkts / 346790 bytes   down 354 pkts / 64199 bytes
up 323 pkts / 346790 bytes   down 354 pkts / 64199 bytes
up 323 pkts / 346790 bytes   down 354 pkts / 64199 bytes
up 323 pkts / 346790 bytes   down 354 pkts / 64199 bytes
up 323 pkts / 346790 bytes   down 354 pkts / 64199 bytes
up 323 pkts / 346790 bytes   down 354 pkts / 64199 bytes
up 323 pkts / 346790 bytes   down 354 pkts / 64199 bytes
up 323 pkts / 346790 bytes   down 354 pkts / 64199 bytes
up 323 pkts / 346790 bytes   down 354 pkts / 64199 bytes
up 323 pkts / 346790 bytes   down 354 pkts / 64199 bytes
up 323 pkts / 346790 bytes   down 354 pkts / 64199 bytes
up 323 pkts / 346790 bytes   down 354 pkts / 64199 bytes
up 323 pkts / 346790 bytes   down 354 pkts / 64199 bytes
up 323 pkts / 346790 bytes   down 354 pkts / 64199 bytes
up 323 pkts / 346790 bytes   down 354 pkts / 64199 bytes
up 323 pkts / 346790 bytes   down 354 pkts / 64199 bytes
up 323 pkts / 346790 bytes   down 354 pkts / 64199 bytes
up 323 pkts / 346790 bytes   down 354 pkts / 64199 bytes
up 323 pkts / 346790 bytes   down 354 pkts / 64199 bytes
up 323 pkts / 346790 bytes   down 354 pkts / 64199 bytes
up 323 pkts / 346790 bytes   down 354 pkts / 64199 bytes
up 323 pkts / 346790 bytes   down 354 pkts / 64199 bytes
up 323 pkts / 346790 bytes   down 354 pkts / 64199 bytes
up 323 pkts / 346790 bytes   down 354 pkts / 64199 bytes
up 323 pkts / 346790 bytes   down 354 pkts / 64199 bytes
up 323 pkts / 346790 bytes   down 354 pkts / 64199 bytes
up 323 pkts / 346790 bytes   down 354 pkts / 64199 bytes
up 323 pkts / 346790 bytes   down 354 pkts / 64199 bytes
up 323 pkts / 346790 bytes   down 354 pkts / 64199 bytes
up 323 pkts / 346790 bytes   down 354 pkts / 64199 bytes
up 323 pkts / 346790 bytes   down 354 pkts / 64199 bytes
up 323 pkts / 346790 bytes   down 354 pkts / 64199 bytes
up 323 pkts / 346790 bytes   down 354 pkts / 64199 bytes
up 323 pkts / 346790 bytes   down 354 pkts / 64199 bytes
up 323 pkts / 346790 bytes   down 354 pkts / 64199 bytes
up 323 pkts / 346790 bytes   down 354 pkts / 64199 bytes
up 323 pkts / 346790 bytes   down 354 pkts / 64199 bytes
up 323 pkts / 346790 bytes   down 354 pkts / 64199 bytes
up 323 pkts / 346790 bytes   down 354 pkts / 64199 bytes
up 323 pkts / 346790 bytes   down 354 pkts / 64199 bytes
up 323 pkts / 346790 bytes   down 354 pkts / 64199 bytes
up 323 pkts / 346790 bytes   down 354 pkts / 64199 bytes
up 323 pkts / 346790 bytes   down 354 pkts / 64199 bytes
up 323 pkts / 346790 bytes   down 354 pkts / 64199 bytes
up 323 pkts / 346790 bytes   down 354 pkts / 64199 bytes
up 323 pkts / 346790 bytes   down 354 pkts / 64199 bytes
up 323 pkts / 346790 bytes   down 354 pkts / 64199 bytes
up 323 pkts / 346790 bytes   down 354 pkts / 64199 bytes
up 323 pkts / 346790 bytes   down 354 pkts / 64199 bytes
up 323 pkts / 346790 bytes   down 354 pkts / 64199 bytes
up 323 pkts / 346790 bytes   down 354 pkts / 64199 bytes
up 323 pkts / 346790 bytes   down 354 pkts / 64199 bytes
up 323 pkts / 346790 bytes   down 354 pkts / 64199 bytes
up 323 pkts / 346790 bytes   down 354 pkts / 64199 bytes
up 323 pkts / 346790 bytes   down 354 pkts / 64199 bytes
up 323 pkts / 346790 bytes   down 354 pkts / 64199 bytes
up 323 pkts / 346790 bytes   down 354 pkts / 64199 bytes
up 323 pkts / 346790 bytes   down 354 pkts / 64199 bytes
up 323 pkts / 346790 bytes   down 354 pkts / 64199 bytes
up 323 pkts / 346790 bytes   down 354 pkts / 64199 bytes
up 323 pkts / 346790 bytes   down 354 pkts / 64199 bytes
up 323 pkts / 346790 bytes   down 354 pkts / 64199 bytes
up 323 pkts / 346790 bytes   down 354 pkts / 64199 bytes
up 323 pkts / 346790 bytes   down 354 pkts / 64199 bytes
up 323 pkts / 346790 bytes   down 354 pkts / 64199 bytes
up 323 pkts / 346790 bytes   down 354 pkts / 64199 bytes
up 323 pkts / 346790 bytes   down 354 pkts / 64199 bytes
up 323 pkts / 346790 bytes   down 354 pkts / 64199 bytes
up 323 pkts / 346790 bytes   down 354 pkts / 64199 bytes
up 323 pkts / 346790 bytes   down 354 pkts / 64199 bytes
up 323 pkts / 346790 bytes   down 354 pkts / 64199 bytes
up 323 pkts / 346790 bytes   down 354 pkts / 64199 bytes
up 323 pkts / 346790 bytes   down 354 pkts / 64199 bytes
up 323 pkts / 346790 bytes   down 354 pkts / 64199 bytes
up 323 pkts / 346790 bytes   down 354 pkts / 64199 bytes
up 323 pkts / 346790 bytes   down 354 pkts / 64199 bytes
up 323 pkts / 346790 bytes   down 354 pkts / 64199 bytes
up 323 pkts / 346790 bytes   down 354 pkts / 64199 bytes
up 323 pkts / 346790 bytes   down 354 pkts / 64199 bytes
up 323 pkts / 346790 bytes   down 354 pkts / 64199 bytes
up 323 pkts / 346790 bytes   down 354 pkts / 64199 bytes
up 323 pkts / 346790 bytes   down 354 pkts / 64199 bytes
up 323 pkts / 346790 bytes   down 354 pkts / 64199 bytes
up 323 pkts / 346790 bytes   down 354 pkts / 64199 bytes
up 323 pkts / 346790 bytes   down 354 pkts / 64199 bytes
up 323 pkts / 346790 bytes   down 354 pkts / 64199 bytes
up 323 pkts / 346790 bytes   down 354 pkts / 64199 bytes
up 323 pkts / 346790 bytes   down 354 pkts / 64199 bytes
up 323 pkts / 346790 bytes   down 354 pkts / 64199 bytes
up 323 pkts / 346790 bytes   down 354 pkts / 64199 bytes
up 323 pkts / 346790 bytes   down 354 pkts / 64199 bytes
up 323 pkts / 346790 bytes   down 354 pkts / 64199 bytes
up 323 pkts / 346790 bytes   down 354 pkts / 64199 bytes
up 323 pkts / 346790 bytes   down 354 pkts / 64199 bytes
up 323 pkts / 346790 bytes   down 354 pkts / 64199 bytes
up 323 pkts / 346790 bytes   down 354 pkts / 64199 bytes
up 323 pkts / 346790 bytes   down 354 pkts / 64199 bytes
up 323 pkts / 346790 bytes   down 354 pkts / 64199 bytes
up 323 pkts / 346790 bytes   down 354 pkts / 64199 bytes
up 323 pkts / 346790 bytes   down 354 pkts / 64199 bytes
up 323 pkts / 346790 bytes   down 354 pkts / 64199 bytes
up 323 pkts / 346790 bytes   down 354 pkts / 64199 bytes
up 323 pkts / 346790 bytes   down 354 pkts / 64199 bytes
up 323 pkts / 346790 bytes   down 354 pkts / 64199 bytes
up 323 pkts / 346790 bytes   down 354 pkts / 64199 bytes
up 323 pkts / 346790 bytes   down 354 pkts / 64199 bytes
up 323 pkts / 346790 bytes   down 354 pkts / 64199 bytes
up 323 pkts / 346790 bytes   down 354 pkts / 64199 bytes
up 323 pkts / 346790 bytes   down 354 pkts / 64199 bytes
up 323 pkts / 346790 bytes   down 354 pkts / 64199 bytes
up 323 pkts / 346790 bytes   down 354 pkts / 64199 bytes
up 323 pkts / 346790 bytes   down 354 pkts / 64199 bytes
up 323 pkts / 346790 bytes   down 354 pkts / 64199 bytes
up 323 pkts / 346790 bytes   down 354 pkts / 64199 bytes
up 323 pkts / 346790 bytes   down 354 pkts / 64199 bytes
up 323 pkts / 346790 bytes   down 354 pkts / 64199 bytes
up 323 pkts / 346790 bytes   down 354 pkts / 64199 bytes
up 323 pkts / 346790 bytes   down 354 pkts / 64199 bytes
up 323 pkts / 346790 bytes   down 354 pkts / 64199 bytes
up 323 pkts / 346790 bytes   down 354 pkts / 64199 bytes
up 323 pkts / 346790 bytes   down 354 pkts / 64199 bytes
up 323 pkts / 346790 bytes   down 354 pkts / 64199 bytes
up 323 pkts / 346790 bytes   down 354 pkts / 64199 bytes
up 323 pkts / 346790 bytes   down 354 pkts / 64199 bytes
up 323 pkts / 346790 bytes   down 354 pkts / 64199 bytes
up 323 pkts / 346790 bytes   down 354 pkts / 64199 bytes
up 323 pkts / 346790 bytes   down 354 pkts / 64199 bytes
up 323 pkts / 346790 bytes   down 354 pkts / 64199 bytes
up 323 pkts / 346790 bytes   down 354 pkts / 64199 bytes
up 323 pkts / 346790 bytes   down 354 pkts / 64199 bytes
up 323 pkts / 346790 bytes   down 354 pkts / 64199 bytes
up 323 pkts / 346790 bytes   down 354 pkts / 64199 bytes
up 323 pkts / 346790 bytes   down 354 pkts / 64199 bytes
up 323 pkts / 346790 bytes   down 354 pkts / 64199 bytes
up 323 pkts / 346790 bytes   down 354 pkts / 64199 bytes
up 323 pkts / 346790 bytes   down 354 pkts / 64199 bytes
up 323 pkts / 346790 bytes   down 354 pkts / 64199 bytes
up 323 pkts / 346790 bytes   down 354 pkts / 64199 bytes
up 323 pkts / 346790 bytes   down 354 pkts / 64199 bytes
up 323 pkts / 346790 bytes   down 354 pkts / 64199 bytes
up 323 pkts / 346790 bytes   down 354 pkts / 64199 bytes
up 323 pkts / 346790 bytes   down 354 pkts / 64199 bytes
up 323 pkts / 346790 bytes   down 354 pkts / 64199 bytes
up 323 pkts / 346790 bytes   down 354 pkts / 64199 bytes
up 323 pkts / 346790 bytes   down 354 pkts / 64199 bytes
up 323 pkts / 346790 bytes   down 354 pkts / 64199 bytes
up 323 pkts / 346790 bytes   down 354 pkts / 64199 bytes
up 323 pkts / 346790 bytes   down 354 pkts / 64199 bytes
up 323 pkts / 346790 bytes   down 354 pkts / 64199 bytes
up 323 pkts / 346790 bytes   down 354 pkts / 64199 bytes
up 323 pkts / 346790 bytes   down 354 pkts / 64199 bytes
up 323 pkts / 346790 bytes   down 354 pkts / 64199 bytes
up 323 pkts / 346790 bytes   down 354 pkts / 64199 bytes
up 323 pkts / 346790 bytes   down 354 pkts / 64199 bytes
up 323 pkts / 346790 bytes   down 354 pkts / 64199 bytes
up 323 pkts / 346790 bytes   down 354 pkts / 64199 bytes
up 323 pkts / 346790 bytes   down 354 pkts / 64199 bytes
up 323 pkts / 346790 bytes   down 354 pkts / 64199 bytes
up 323 pkts / 346790 bytes   down 354 pkts / 64199 bytes
up 323 pkts / 346790 bytes   down 354 pkts / 64199 bytes
up 323 pkts / 346790 bytes   down 354 pkts / 64199 bytes
up 323 pkts / 346790 bytes   down 354 pkts / 64199 bytes
up 323 pkts / 346790 bytes   down 354 pkts / 64199 bytes
up 323 pkts / 346790 bytes   down 354 pkts / 64199 bytes
up 323 pkts / 346790 bytes   down 354 pkts / 64199 bytes
up 323 pkts / 346790 bytes   down 354 pkts / 64199 bytes
up 323 pkts / 346790 bytes   down 354 pkts / 64199 bytes
up 323 pkts / 346790 bytes   down 354 pkts / 64199 bytes
up 323 pkts / 346790 bytes   down 354 pkts / 64199 bytes
up 323 pkts / 346790 bytes   down 354 pkts / 64199 bytes
up 323 pkts / 346790 bytes   down 354 pkts / 64199 bytes
up 323 pkts / 346790 bytes   down 354 pkts / 64199 bytes
up 323 pkts / 346790 bytes   down 354 pkts / 64199 bytes
up 323 pkts / 346790 bytes   down 354 pkts / 64199 bytes
up 323 pkts / 346790 bytes   down 354 pkts / 64199 bytes
up 323 pkts / 346790 bytes   down 354 pkts / 64199 bytes
up 323 pkts / 346790 bytes   down 354 pkts / 64199 bytes
up 323 pkts / 346790 bytes   down 354 pkts / 64199 bytes
up 323 pkts / 346790 bytes   down 354 pkts / 64199 bytes
up 323 pkts / 346790 bytes   down 354 pkts / 64199 bytes
up 323 pkts / 346790 bytes   down 354 pkts / 64199 bytes
up 323 pkts / 346790 bytes   down 354 pkts / 64199 bytes
up 323 pkts / 346790 bytes   down 354 pkts / 64199 bytes
up 323 pkts / 346790 bytes   down 354 pkts / 64199 bytes
up 323 pkts / 346790 bytes   down 354 pkts / 64199 bytes
up 323 pkts / 346790 bytes   down 354 pkts / 64199 bytes
up 323 pkts / 346790 bytes   down 354 pkts / 64199 bytes
up 323 pkts / 346790 bytes   down 354 pkts / 64199 bytes
up 323 pkts / 346790 bytes   down 354 pkts / 64199 bytes
up 323 pkts / 346790 bytes   down 354 pkts / 64199 bytes
up 323 pkts / 346790 bytes   down 354 pkts / 64199 bytes
up 323 pkts / 346790 bytes   down 354 pkts / 64199 bytes
up 323 pkts / 346790 bytes   down 354 pkts / 64199 bytes
up 323 pkts / 346790 bytes   down 354 pkts / 64199 bytes
up 323 pkts / 346790 bytes   down 354 pkts / 64199 bytes
up 323 pkts / 346790 bytes   down 354 pkts / 64199 bytes
up 323 pkts / 346790 bytes   down 354 pkts / 64199 bytes
up 323 pkts / 346790 bytes   down 354 pkts / 64199 bytes
up 323 pkts / 346790 bytes   down 354 pkts / 64199 bytes
up 323 pkts / 346790 bytes   down 354 pkts / 64199 bytes
up 323 pkts / 346790 bytes   down 354 pkts / 64199 bytes
up 323 pkts / 346790 bytes   down 354 pkts / 64199 bytes
up 323 pkts / 346790 bytes   down 354 pkts / 64199 bytes
up 323 pkts / 346790 bytes   down 354 pkts / 64199 bytes
up 323 pkts / 346790 bytes   down 354 pkts / 64199 bytes
up 323 pkts / 346790 bytes   down 354 pkts / 64199 bytes
up 323 pkts / 346790 bytes   down 354 pkts / 64199 bytes
up 323 pkts / 346790 bytes   down 354 pkts / 64199 bytes
up 323 pkts / 346790 bytes   down 354 pkts / 64199 bytes
up 323 pkts / 346790 bytes   down 354 pkts / 64199 bytes
up 323 pkts / 346790 bytes   down 354 pkts / 64199 bytes
up 323 pkts / 346790 bytes   down 354 pkts / 64199 bytes
up 323 pkts / 346790 bytes   down 354 pkts / 64199 bytes
up 323 pkts / 346790 bytes   down 354 pkts / 64199 bytes
up 323 pkts / 346790 bytes   down 354 pkts / 64199 bytes
up 323 pkts / 346790 bytes   down 354 pkts / 64199 bytes
up 323 pkts / 346790 bytes   down 354 pkts / 64199 bytes
up 323 pkts / 346790 bytes   down 354 pkts / 64199 bytes
up 323 pkts / 346790 bytes   down 354 pkts / 64199 bytes
up 323 pkts / 346790 bytes   down 354 pkts / 64199 bytes
up 323 pkts / 346790 bytes   down 354 pkts / 64199 bytes
up 323 pkts / 346790 bytes   down 354 pkts / 64199 bytes
up 323 pkts / 346790 bytes   down 354 pkts / 64199 bytes
up 323 pkts / 346790 bytes   down 354 pkts / 64199 bytes
up 323 pkts / 346790 bytes   down 354 pkts / 64199 bytes
up 323 pkts / 346790 bytes   down 354 pkts / 64199 bytes
up 323 pkts / 346790 bytes   down 354 pkts / 64199 bytes
up 323 pkts / 346790 bytes   down 354 pkts / 64199 bytes
up 323 pkts / 346790 bytes   down 354 pkts / 64199 bytes
up 323 pkts / 346790 bytes   down 354 pkts / 64199 bytes
up 323 pkts / 346790 bytes   down 354 pkts / 64199 bytes
up 323 pkts / 346790 bytes   down 354 pkts / 64199 bytes
up 323 pkts / 346790 bytes   down 354 pkts / 64199 bytes
up 323 pkts / 346790 bytes   down 354 pkts / 64199 bytes
up 323 pkts / 346790 bytes   down 354 pkts / 64199 bytes
up 323 pkts / 346790 bytes   down 354 pkts / 64199 bytes
up 323 pkts / 346790 bytes   down 354 pkts / 64199 bytes
up 323 pkts / 346790 bytes   down 354 pkts / 64199 bytes
up 323 pkts / 346790 bytes   down 354 pkts / 64199 bytes
up 323 pkts / 346790 bytes   down 354 pkts / 64199 bytes
up 323 pkts / 346790 bytes   down 354 pkts / 64199 bytes
up 323 pkts / 346790 bytes   down 354 pkts / 64199 bytes
up 323 pkts / 346790 bytes   down 354 pkts / 64199 bytes
up 323 pkts / 346790 bytes   down 354 pkts / 64199 bytes
up 323 pkts / 346790 bytes   down 354 pkts / 64199 bytes
up 323 pkts / 346790 bytes   down 354 pkts / 64199 bytes
up 323 pkts / 346790 bytes   down 354 pkts / 64199 bytes
up 323 pkts / 346790 bytes   down 354 pkts / 64199 bytes
up 323 pkts / 346790 bytes   down 354 pkts / 64199 bytes
up 323 pkts / 346790 bytes   down 354 pkts / 64199 bytes
up 323 pkts / 346790 bytes   down 354 pkts / 64199 bytes
up 323 pkts / 346790 bytes   down 354 pkts / 64199 bytes
up 323 pkts / 346790 bytes   down 354 pkts / 64199 bytes
up 323 pkts / 346790 bytes   down 354 pkts / 64199 bytes
up 323 pkts / 346790 bytes   down 354 pkts / 64199 bytes
up 323 pkts / 346790 bytes   down 354 pkts / 64199 bytes
up 323 pkts / 346790 bytes   down 354 pkts / 64199 bytes
up 323 pkts / 346790 bytes   down 354 pkts / 64199 bytes
up 323 pkts / 346790 bytes   down 354 pkts / 64199 bytes
up 323 pkts / 346790 bytes   down 354 pkts / 64199 bytes
up 323 pkts / 346790 bytes   down 354 pkts / 64199 bytes
up 323 pkts / 346790 bytes   down 354 pkts / 64199 bytes
up 323 pkts / 346790 bytes   down 354 pkts / 64199 bytes
up 323 pkts / 346790 bytes   down 354 pkts / 64199 bytes
up 323 pkts / 346790 bytes   down 354 pkts / 64199 bytes
up 323 pkts / 346790 bytes   down 354 pkts / 64199 bytes
up 323 pkts / 346790 bytes   down 354 pkts / 64199 bytes
up 323 pkts / 346790 bytes   down 354 pkts / 64199 bytes
up 323 pkts / 346790 bytes   down 354 pkts / 64199 bytes
up 323 pkts / 346790 bytes   down 354 pkts / 64199 bytes
up 323 pkts / 346790 bytes   down 354 pkts / 64199 bytes
up 323 pkts / 346790 bytes   down 354 pkts / 64199 bytes
up 323 pkts / 346790 bytes   down 354 pkts / 64199 bytes
up 323 pkts / 346790 bytes   down 354 pkts / 64199 bytes
up 323 pkts / 346790 bytes   down 354 pkts / 64199 bytes
up 323 pkts / 346790 bytes   down 354 pkts / 64199 bytes
up 323 pkts / 346790 bytes   down 354 pkts / 64199 bytes
up 323 pkts / 346790 bytes   down 354 pkts / 64199 bytes
up 323 pkts / 346790 bytes   down 354 pkts / 64199 bytes
up 323 pkts / 346790 bytes   down 354 pkts / 64199 bytes
up 323 pkts / 346790 bytes   down 354 pkts / 64199 bytes
up 323 pkts / 346790 bytes   down 354 pkts / 64199 bytes
up 323 pkts / 346790 bytes   down 354 pkts / 64199 bytes
up 323 pkts / 346790 bytes   down 354 pkts / 64199 bytes
up 323 pkts / 346790 bytes   down 354 pkts / 64199 bytes
up 323 pkts / 346790 bytes   down 354 pkts / 64199 bytes
up 323 pkts / 346790 bytes   down 354 pkts / 64199 bytes
up 323 pkts / 346790 bytes   down 354 pkts / 64199 bytes
up 323 pkts / 346790 bytes   down 354 pkts / 64199 bytes
up 323 pkts / 346790 bytes   down 354 pkts / 64199 bytes
up 323 pkts / 346790 bytes   down 354 pkts / 64199 bytes
up 323 pkts / 346790 bytes   down 354 pkts / 64199 bytes
up 323 pkts / 346790 bytes   down 354 pkts / 64199 bytes
up 323 pkts / 346790 bytes   down 354 pkts / 64199 bytes
up 323 pkts / 346790 bytes   down 354 pkts / 64199 bytes
up 323 pkts / 346790 bytes   down 354 pkts / 64199 bytes
up 323 pkts / 346790 bytes   down 354 pkts / 64199 bytes
up 323 pkts / 346790 bytes   down 354 pkts / 64199 bytes
up 323 pkts / 346790 bytes   down 354 pkts / 64199 bytes
up 323 pkts / 346790 bytes   down 354 pkts / 64199 bytes
up 323 pkts / 346790 bytes   down 354 pkts / 64199 bytes
up 323 pkts / 346790 bytes   down 354 pkts / 64199 bytes
up 323 pkts / 346790 bytes   down 354 pkts / 64199 bytes
up 323 pkts / 346790 bytes   down 354 pkts / 64199 bytes
up 323 pkts / 346790 bytes   down 354 pkts / 64199 bytes
up 323 pkts / 346790 bytes   down 354 pkts / 64199 bytes
up 323 pkts / 346790 bytes   down 354 pkts / 64199 bytes
up 323 pkts / 346790 bytes   down 354 pkts / 64199 bytes
up 323 pkts / 346790 bytes   down 354 pkts / 64199 bytes
up 323 pkts / 346790 bytes   down 354 pkts / 64199 bytes
up 323 pkts / 346790 bytes   down 354 pkts / 64199 bytes
up 323 pkts / 346790 bytes   down 354 pkts / 64199 bytes
up 323 pkts / 346790 bytes   down 354 pkts / 64199 bytes
up 323 pkts / 346790 bytes   down 354 pkts / 64199 bytes
up 323 pkts / 346790 bytes   down 354 pkts / 64199 bytes
up 323 pkts / 346790 bytes   down 354 pkts / 64199 bytes
up 323 pkts / 346790 bytes   down 354 pkts / 64199 bytes
up 323 pkts / 346790 bytes   down 354 pkts / 64199 bytes
up 323 pkts / 346790 bytes   down 354 pkts / 64199 bytes
up 323 pkts / 346790 bytes   down 354 pkts / 64199 bytes
up 323 pkts / 346790 bytes   down 354 pkts / 64199 bytes
up 323 pkts / 346790 bytes   down 354 pkts / 64199 bytes
up 323 pkts / 346790 bytes   down 354 pkts / 64199 bytes
up 323 pkts / 346790 bytes   down 354 pkts / 64199 bytes
up 323 pkts / 346790 bytes   down 354 pkts / 64199 bytes
up 323 pkts / 346790 bytes   down 354 pkts / 64199 bytes
up 323 pkts / 346790 bytes   down 354 pkts / 64199 bytes
up 323 pkts / 346790 bytes   down 354 pkts / 64199 bytes
up 323 pkts / 346790 bytes   down 354 pkts / 64199 bytes
up 323 pkts / 346790 bytes   down 354 pkts / 64199 bytes
up 323 pkts / 346790 bytes   down 354 pkts / 64199 bytes
up 323 pkts / 346790 bytes   down 354 pkts / 64199 bytes
up 323 pkts / 346790 bytes   down 354 pkts / 64199 bytes
up 323 pkts / 346790 bytes   down 354 pkts / 64199 bytes
up 323 pkts / 346790 bytes   down 354 pkts / 64199 bytes
up 323 pkts / 346790 bytes   down 354 pkts / 64199 bytes
up 323 pkts / 346790 bytes   down 354 pkts / 64199 bytes
up 323 pkts / 346790 bytes   down 354 pkts / 64199 bytes
up 323 pkts / 346790 bytes   down 354 pkts / 64199 bytes
up 323 pkts / 346790 bytes   down 354 pkts / 64199 bytes
up 323 pkts / 346790 bytes   down 354 pkts / 64199 bytes
up 323 pkts / 346790 bytes   down 354 pkts / 64199 bytes
up 323 pkts / 346790 bytes   down 354 pkts / 64199 bytes
up 323 pkts / 346790 bytes   down 354 pkts / 64199 bytes
up 323 pkts / 346790 bytes   down 354 pkts / 64199 bytes
up 323 pkts / 346790 bytes   down 354 pkts / 64199 bytes
up 323 pkts / 346790 bytes   down 354 pkts / 64199 bytes
up 323 pkts / 346790 bytes   down 354 pkts / 64199 bytes
up 323 pkts / 346790 bytes   down 354 pkts / 64199 bytes
up 323 pkts / 346790 bytes   down 354 pkts / 64199 bytes
up 323 pkts / 346790 bytes   down 354 pkts / 64199 bytes
up 323 pkts / 346790 bytes   down 354 pkts / 64199 bytes
up 323 pkts / 346790 bytes   down 354 pkts / 64199 bytes
up 323 pkts / 346790 bytes   down 354 pkts / 64199 bytes
up 323 pkts / 346790 bytes   down 354 pkts / 64199 bytes
up 323 pkts / 346790 bytes   down 354 pkts / 64199 bytes
up 323 pkts / 346790 bytes   down 354 pkts / 64199 bytes
up 323 pkts / 346790 bytes   down 354 pkts / 64199 bytes
up 323 pkts / 346790 bytes   down 354 pkts / 64199 bytes
up 323 pkts / 346790 bytes   down 354 pkts / 64199 bytes
up 323 pkts / 346790 bytes   down 354 pkts / 64199 bytes
up 323 pkts / 346790 bytes   down 354 pkts / 64199 bytes
up 323 pkts / 346790 bytes   down 354 pkts / 64199 bytes
up 323 pkts / 346790 bytes   down 354 pkts / 64199 bytes
up 323 pkts / 346790 bytes   down 354 pkts / 64199 bytes
up 323 pkts / 346790 bytes   down 354 pkts / 64199 bytes
up 323 pkts / 346790 bytes   down 354 pkts / 64199 bytes
up 323 pkts / 346790 bytes   down 354 pkts / 64199 bytes
up 323 pkts / 346790 bytes   down 354 pkts / 64199 bytes
up 323 pkts / 346790 bytes   down 354 pkts / 64199 bytes
up 323 pkts / 346790 bytes   down 354 pkts / 64199 bytes
up 323 pkts / 346790 bytes   down 354 pkts / 64199 bytes
up 323 pkts / 346790 bytes   down 354 pkts / 64199 bytes
up 323 pkts / 346790 bytes   down 354 pkts / 64199 bytes
up 323 pkts / 346790 bytes   down 354 pkts / 64199 bytes
up 323 pkts / 346790 bytes   down 354 pkts / 64199 bytes
up 323 pkts / 346790 bytes   down 354 pkts / 64199 bytes
up 323 pkts / 346790 bytes   down 354 pkts / 64199 bytes
up 323 pkts / 346790 bytes   down 354 pkts / 64199 bytes
up 323 pkts / 346790 bytes   down 354 pkts / 64199 bytes
up 323 pkts / 346790 bytes   down 354 pkts / 64199 bytes
up 323 pkts / 346790 bytes   down 354 pkts / 64199 bytes
up 323 pkts / 346790 bytes   down 354 pkts / 64199 bytes
up 323 pkts / 346790 bytes   down 354 pkts / 64199 bytes
up 323 pkts / 346790 bytes   down 354 pkts / 64199 bytes
up 323 pkts / 346790 bytes   down 354 pkts / 64199 bytes
up 323 pkts / 346790 bytes   down 354 pkts / 64199 bytes
up 323 pkts / 346790 bytes   down 354 pkts / 64199 bytes
up 323 pkts / 346790 bytes   down 354 pkts / 64199 bytes
up 323 pkts / 346790 bytes   down 354 pkts / 64199 bytes
up 323 pkts / 346790 bytes   down 354 pkts / 64199 bytes
up 323 pkts / 346790 bytes   down 354 pkts / 64199 bytes
up 323 pkts / 346790 bytes   down 354 pkts / 64199 bytes
up 323 pkts / 346790 bytes   down 354 pkts / 64199 bytes
up 323 pkts / 346790 bytes   down 354 pkts / 64199 bytes
up 323 pkts / 346790 bytes   down 354 pkts / 64199 bytes
up 323 pkts / 346790 bytes   down 354 pkts / 64199 bytes
up 323 pkts / 346790 bytes   down 354 pkts / 64199 bytes
up 323 pkts / 346790 bytes   down 354 pkts / 64199 bytes
up 323 pkts / 346790 bytes   down 354 pkts / 64199 bytes
up 323 pkts / 346790 bytes   down 354 pkts / 64199 bytes
up 323 pkts / 346790 bytes   down 354 pkts / 64199 bytes
up 323 pkts / 346790 bytes   down 354 pkts / 64199 bytes
up 323 pkts / 346790 bytes   down 354 pkts / 64199 bytes
up 323 pkts / 346790 bytes   down 354 pkts / 64199 bytes
up 323 pkts / 346790 bytes   down 354 pkts / 64199 bytes
up 323 pkts / 346790 bytes   down 354 pkts / 64199 bytes
up 323 pkts / 346790 bytes   down 354 pkts / 64199 bytes
up 323 pkts / 346790 bytes   down 354 pkts / 64199 bytes
up 323 pkts / 346790 bytes   down 354 pkts / 64199 bytes
up 323 pkts / 346790 bytes   down 354 pkts / 64199 bytes
up 323 pkts / 346790 bytes   down 354 pkts / 64199 bytes
up 323 pkts / 346790 bytes   down 354 pkts / 64199 bytes
up 323 pkts / 346790 bytes   down 354 pkts / 64199 bytes
up 323 pkts / 346790 bytes   down 354 pkts / 64199 bytes
up 323 pkts / 346790 bytes   down 354 pkts / 64199 bytes
up 323 pkts / 346790 bytes   down 354 pkts / 64199 bytes
up 323 pkts / 346790 bytes   down 354 pkts / 64199 bytes
up 323 pkts / 346790 bytes   down 354 pkts / 64199 bytes
up 323 pkts / 346790 bytes   down 354 pkts / 64199 bytes
up 323 pkts / 346790 bytes   down 354 pkts / 64199 bytes
up 323 pkts / 346790 bytes   down 354 pkts / 64199 bytes
up 323 pkts / 346790 bytes   down 354 pkts / 64199 bytes
up 323 pkts / 346790 bytes   down 354 pkts / 64199 bytes
up 323 pkts / 346790 bytes   down 354 pkts / 64199 bytes
up 323 pkts / 346790 bytes   down 354 pkts / 64199 bytes
up 323 pkts / 346790 bytes   down 354 pkts / 64199 bytes
up 323 pkts / 346790 bytes   down 354 pkts / 64199 bytes
up 323 pkts / 346790 bytes   down 354 pkts / 64199 bytes
up 323 pkts / 346790 bytes   down 354 pkts / 64199 bytes
up 323 pkts / 346790 bytes   down 354 pkts / 64199 bytes
up 323 pkts / 346790 bytes   down 354 pkts / 64199 bytes
up 323 pkts / 346790 bytes   down 354 pkts / 64199 bytes
up 323 pkts / 346790 bytes   down 354 pkts / 64199 bytes
up 323 pkts / 346790 bytes   down 354 pkts / 64199 bytes
up 323 pkts / 346790 bytes   down 354 pkts / 64199 bytes
up 323 pkts / 346790 bytes   down 354 pkts / 64199 bytes
up 323 pkts / 346790 bytes   down 354 pkts / 64199 bytes
up 323 pkts / 346790 bytes   down 354 pkts / 64199 bytes
up 323 pkts / 346790 bytes   down 354 pkts / 64199 bytes
up 323 pkts / 346790 bytes   down 354 pkts / 64199 bytes
up 323 pkts / 346790 bytes   down 354 pkts / 64199 bytes
up 323 pkts / 346790 bytes   down 354 pkts / 64199 bytes
up 323 pkts / 346790 bytes   down 354 pkts / 64199 bytes
up 323 pkts / 346790 bytes   down 354 pkts / 64199 bytes
up 323 pkts / 346790 bytes   down 354 pkts / 64199 bytes
up 323 pkts / 346790 bytes   down 354 pkts / 64199 bytes
up 323 pkts / 346790 bytes   down 354 pkts / 64199 bytes
up 323 pkts / 346790 bytes   down 354 pkts / 64199 bytes
up 323 pkts / 346790 bytes   down 354 pkts / 64199 bytes
up 323 pkts / 346790 bytes   down 354 pkts / 64199 bytes
up 323 pkts / 346790 bytes   down 354 pkts / 64199 bytes
up 323 pkts / 346790 bytes   down 354 pkts / 64199 bytes
up 323 pkts / 346790 bytes   down 354 pkts / 64199 bytes
up 323 pkts / 346790 bytes   down 354 pkts / 64199 bytes
up 323 pkts / 346790 bytes   down 354 pkts / 64199 bytes
up 323 pkts / 346790 bytes   down 354 pkts / 64199 bytes
up 323 pkts / 346790 bytes   down 354 pkts / 64199 bytes
up 323 pkts / 346790 bytes   down 354 pkts / 64199 bytes
up 323 pkts / 346790 bytes   down 354 pkts / 64199 bytes
up 323 pkts / 346790 bytes   down 354 pkts / 64199 bytes
up 323 pkts / 346790 bytes   down 354 pkts / 64199 bytes
up 323 pkts / 346790 bytes   down 354 pkts / 64199 bytes
up 323 pkts / 346790 bytes   down 354 pkts / 64199 bytes
up 323 pkts / 346790 bytes   down 354 pkts / 64199 bytes
up 323 pkts / 346790 bytes   down 354 pkts / 64199 bytes
up 323 pkts / 346790 bytes   down 354 pkts / 64199 bytes
up 323 pkts / 346790 bytes   down 354 pkts / 64199 bytes
up 323 pkts / 346790 bytes   down 354 pkts / 64199 bytes
up 323 pkts / 346790 bytes   down 354 pkts / 64199 bytes
up 323 pkts / 346790 bytes   down 354 pkts / 64199 bytes
up 323 pkts / 346790 bytes   down 354 pkts / 64199 bytes
up 323 pkts / 346790 bytes   down 354 pkts / 64199 bytes
up 323 pkts / 346790 bytes   down 354 pkts / 64199 bytes
up 323 pkts / 346790 bytes   down 354 pkts / 64199 bytes
up 323 pkts / 346790 bytes   down 354 pkts / 64199 bytes
up 323 pkts / 346790 bytes   down 354 pkts / 64199 bytes
up 323 pkts / 346790 bytes   down 354 pkts / 64199 bytes
up 323 pkts / 346790 bytes   down 354 pkts / 64199 bytes
up 323 pkts / 346790 bytes   down 354 pkts / 64199 bytes
up 323 pkts / 346790 bytes   down 354 pkts / 64199 bytes
up 323 pkts / 346790 bytes   down 354 pkts / 64199 bytes
up 323 pkts / 346790 bytes   down 354 pkts / 64199 bytes
up 323 pkts / 346790 bytes   down 354 pkts / 64199 bytes
up 323 pkts / 346790 bytes   down 354 pkts / 64199 bytes
up 323 pkts / 346790 bytes   down 354 pkts / 64199 bytes
up 323 pkts / 346790 bytes   down 354 pkts / 64199 bytes
up 323 pkts / 346790 bytes   down 354 pkts / 64199 bytes
up 323 pkts / 346790 bytes   down 354 pkts / 64199 bytes
up 323 pkts / 346790 bytes   down 354 pkts / 64199 bytes
up 323 pkts / 346790 bytes   down 354 pkts / 64199 bytes
up 323 pkts / 346790 bytes   down 354 pkts / 64199 bytes
up 323 pkts / 346790 bytes   down 354 pkts / 64199 bytes
up 323 pkts / 346790 bytes   down 354 pkts / 64199 bytes
up 323 pkts / 346790 bytes   down 354 pkts / 64199 bytes
up 323 pkts / 346790 bytes   down 354 pkts / 64199 bytes
up 323 pkts / 346790 bytes   down 354 pkts / 64199 bytes
up 323 pkts / 346790 bytes   down 354 pkts / 64199 bytes
up 323 pkts / 346790 bytes   down 354 pkts / 64199 bytes
up 323 pkts / 346790 bytes   down 354 pkts / 64199 bytes
up 323 pkts / 346790 bytes   down 354 pkts / 64199 bytes
up 323 pkts / 346790 bytes   down 354 pkts / 64199 bytes
up 323 pkts / 346790 bytes   down 354 pkts / 64199 bytes
up 323 pkts / 346790 bytes   down 354 pkts / 64199 bytes
up 323 pkts / 346790 bytes   down 354 pkts / 64199 bytes
up 323 pkts / 346790 bytes   down 354 pkts / 64199 bytes
up 323 pkts / 346790 bytes   down 354 pkts / 64199 bytes
up 323 pkts / 346790 bytes   down 354 pkts / 64199 bytes
up 323 pkts / 346790 bytes   down 354 pkts / 64199 bytes
up 323 pkts / 346790 bytes   down 354 pkts / 64199 bytes
up 323 pkts / 346790 bytes   down 354 pkts / 64199 bytes
up 323 pkts / 346790 bytes   down 354 pkts / 64199 bytes
up 323 pkts / 346790 bytes   down 354 pkts / 64199 bytes
up 323 pkts / 346790 bytes   down 354 pkts / 64199 bytes
up 323 pkts / 346790 bytes   down 354 pkts / 64199 bytes
up 323 pkts / 346790 bytes   down 354 pkts / 64199 bytes
up 323 pkts / 346790 bytes   down 354 pkts / 64199 bytes
up 323 pkts / 346790 bytes   down 354 pkts / 64199 bytes
up 323 pkts / 346790 bytes   down 354 pkts / 64199 bytes
up 323 pkts / 346790 bytes   down 354 pkts / 64199 bytes
up 323 pkts / 346790 bytes   down 354 pkts / 64199 bytes
up 323 pkts / 346790 bytes   down 354 pkts / 64199 bytes
up 323 pkts / 346790 bytes   down 354 pkts / 64199 bytes
up 323 pkts / 346790 bytes   down 354 pkts / 64199 bytes
up 323 pkts / 346790 bytes   down 354 pkts / 64199 bytes
up 323 pkts / 346790 bytes   down 354 pkts / 64199 bytes
up 323 pkts / 346790 bytes   down 354 pkts / 64199 bytes
up 323 pkts / 346790 bytes   down 354 pkts / 64199 bytes
up 323 pkts / 346790 bytes   down 354 pkts / 64199 bytes
up 323 pkts / 346790 bytes   down 354 pkts / 64199 bytes
up 323 pkts / 346790 bytes   down 354 pkts / 64199 bytes
up 323 pkts / 346790 bytes   down 354 pkts / 64199 bytes
up 323 pkts / 346790 bytes   down 354 pkts / 64199 bytes
up 323 pkts / 346790 bytes   down 354 pkts / 64199 bytes
up 323 pkts / 346790 bytes   down 354 pkts / 64199 bytes
up 323 pkts / 346790 bytes   down 354 pkts / 64199 bytes
up 323 pkts / 346790 bytes   down 354 pkts / 64199 bytes
up 323 pkts / 346790 bytes   down 354 pkts / 64199 bytes
up 323 pkts / 346790 bytes   down 354 pkts / 64199 bytes
up 323 pkts / 346790 bytes   down 354 pkts / 64199 bytes
up 323 pkts / 346790 bytes   down 354 pkts / 64199 bytes
up 323 pkts / 346790 bytes   down 354 pkts / 64199 bytes
up 323 pkts / 346790 bytes   down 354 pkts / 64199 bytes
up 323 pkts / 346790 bytes   down 354 pkts / 64199 bytes
up 323 pkts / 346790 bytes   down 354 pkts / 64199 bytes
up 323 pkts / 346790 bytes   down 354 pkts / 64199 bytes
up 323 pkts / 346790 bytes   down 354 pkts / 64199 bytes
up 323 pkts / 346790 bytes   down 354 pkts / 64199 bytes
up 323 pkts / 346790 bytes   down 354 pkts / 64199 bytes
up 323 pkts / 346790 bytes   down 354 pkts / 64199 bytes
up 323 pkts / 346790 bytes   down 354 pkts / 64199 bytes
up 323 pkts / 346790 bytes   down 354 pkts / 64199 bytes
up 323 pkts / 346790 bytes   down 354 pkts / 64199 bytes
up 323 pkts / 346790 bytes   down 354 pkts / 64199 bytes
up 323 pkts / 346790 bytes   down 354 pkts / 64199 bytes
up 323 pkts / 346790 bytes   down 354 pkts / 64199 bytes
up 323 pkts / 346790 bytes   down 354 pkts / 64199 bytes
up 323 pkts / 346790 bytes   down 354 pkts / 64199 bytes
up 323 pkts / 346790 bytes   down 354 pkts / 64199 bytes
up 323 pkts / 346790 bytes   down 354 pkts / 64199 bytes
up 323 pkts / 346790 bytes   down 354 pkts / 64199 bytes
up 323 pkts / 346790 bytes   down 354 pkts / 64199 bytes
up 323 pkts / 346790 bytes   down 354 pkts / 64199 bytes
up 323 pkts / 346790 bytes   down 354 pkts / 64199 bytes
up 323 pkts / 346790 bytes   down 354 pkts / 64199 bytes
up 323 pkts / 346790 bytes   down 354 pkts / 64199 bytes
up 323 pkts / 346790 bytes   down 354 pkts / 64199 bytes
up 323 pkts / 346790 bytes   down 354 pkts / 64199 bytes
up 323 pkts / 346790 bytes   down 354 pkts / 64199 bytes
up 323 pkts / 346790 bytes   down 354 pkts / 64199 bytes
up 323 pkts / 346790 bytes   down 354 pkts / 64199 bytes
up 323 pkts / 346790 bytes   down 354 pkts / 64199 bytes
up 323 pkts / 346790 bytes   down 354 pkts / 64199 bytes
up 323 pkts / 346790 bytes   down 354 pkts / 64199 bytes
up 323 pkts / 346790 bytes   down 354 pkts / 64199 bytes
up 323 pkts / 346790 bytes   down 354 pkts / 64199 bytes
up 323 pkts / 346790 bytes   down 354 pkts / 64199 bytes
up 323 pkts / 346790 bytes   down 354 pkts / 64199 bytes
up 323 pkts / 346790 bytes   down 354 pkts / 64199 bytes
up 323 pkts / 346790 bytes   down 354 pkts / 64199 bytes
up 323 pkts / 346790 bytes   down 354 pkts / 64199 bytes
up 323 pkts / 346790 bytes   down 354 pkts / 64199 bytes
up 323 pkts / 346790 bytes   down 354 pkts / 64199 bytes
up 323 pkts / 346790 bytes   down 354 pkts / 64199 bytes
up 323 pkts / 346790 bytes   down 354 pkts / 64199 bytes
up 323 pkts / 346790 bytes   down 354 pkts / 64199 bytes
up 323 pkts / 346790 bytes   down 354 pkts / 64199 bytes
up 323 pkts / 346790 bytes   down 354 pkts / 64199 bytes
up 323 pkts / 346790 bytes   down 354 pkts / 64199 bytes
up 323 pkts / 346790 bytes   down 354 pkts / 64199 bytes
up 323 pkts / 346790 bytes   down 354 pkts / 64199 bytes
up 323 pkts / 346790 bytes   down 354 pkts / 64199 bytes
up 323 pkts / 346790 bytes   down 354 pkts / 64199 bytes
up 323 pkts / 346790 bytes   down 354 pkts / 64199 bytes
up 323 pkts / 346790 bytes   down 354 pkts / 64199 bytes
up 323 pkts / 346790 bytes   down 354 pkts / 64199 bytes
up 323 pkts / 346790 bytes   down 354 pkts / 64199 bytes
up 323 pkts / 346790 bytes   down 354 pkts / 64199 bytes
up 323 pkts / 346790 bytes   down 354 pkts / 64199 bytes
up 323 pkts / 346790 bytes   down 354 pkts / 64199 bytes
up 323 pkts / 346790 bytes   down 354 pkts / 64199 bytes
up 323 pkts / 346790 bytes   down 354 pkts / 64199 bytes
up 323 pkts / 346790 bytes   down 354 pkts / 64199 bytes
up 323 pkts / 346790 bytes   down 354 pkts / 64199 bytes
up 323 pkts / 346790 bytes   down 354 pkts / 64199 bytes
up 323 pkts / 346790 bytes   down 354 pkts / 64199 bytes
up 323 pkts / 346790 bytes   down 354 pkts / 64199 bytes
up 323 pkts / 346790 bytes   down 354 pkts / 64199 bytes
up 323 pkts / 346790 bytes   down 354 pkts / 64199 bytes
up 323 pkts / 346790 bytes   down 354 pkts / 64199 bytes
up 323 pkts / 346790 bytes   down 354 pkts / 64199 bytes
up 323 pkts / 346790 bytes   down 354 pkts / 64199 bytes
up 323 pkts / 346790 bytes   down 354 pkts / 64199 bytes
up 323 pkts / 346790 bytes   down 354 pkts / 64199 bytes
up 323 pkts / 346790 bytes   down 354 pkts / 64199 bytes
up 323 pkts / 346790 bytes   down 354 pkts / 64199 bytes
up 323 pkts / 346790 bytes   down 354 pkts / 64199 bytes
up 323 pkts / 346790 bytes   down 354 pkts / 64199 bytes
up 323 pkts / 346790 bytes   down 354 pkts / 64199 bytes
up 323 pkts / 346790 bytes   down 354 pkts / 64199 bytes
up 323 pkts / 346790 bytes   down 354 pkts / 64199 bytes
up 323 pkts / 346790 bytes   down 354 pkts / 64199 bytes
up 323 pkts / 346790 bytes   down 354 pkts / 64199 bytes
up 323 pkts / 346790 bytes   down 354 pkts / 64199 bytes
up 323 pkts / 346790 bytes   down 354 pkts / 64199 bytes
up 323 pkts / 346790 bytes   down 354 pkts / 64199 bytes
up 323 pkts / 346790 bytes   down 354 pkts / 64199 bytes
up 323 pkts / 346790 bytes   down 354 pkts / 64199 bytes
up 323 pkts / 346790 bytes   down 354 pkts / 64199 bytes
up 323 pkts / 346790 bytes   down 354 pkts / 64199 bytes
up 323 pkts / 346790 bytes   down 354 pkts / 64199 bytes
up 323 pkts / 346790 bytes   down 354 pkts / 64199 bytes
up 323 pkts / 346790 bytes   down 354 pkts / 64199 bytes
up 323 pkts / 346790 bytes   down 354 pkts / 64199 bytes
up 323 pkts / 346790 bytes   down 354 pkts / 64199 bytes
up 323 pkts / 346790 bytes   down 354 pkts / 64199 bytes
up 323 pkts / 346790 bytes   down 354 pkts / 64199 bytes
up 323 pkts / 346790 bytes   down 354 pkts / 64199 bytes
up 323 pkts / 346790 bytes   down 354 pkts / 64199 bytes
up 323 pkts / 346790 bytes   down 354 pkts / 64199 bytes
up 323 pkts / 346790 bytes   down 354 pkts / 64199 bytes
up 323 pkts / 346790 bytes   down 354 pkts / 64199 bytes
up 323 pkts / 346790 bytes   down 354 pkts / 64199 bytes
up 323 pkts / 346790 bytes   down 354 pkts / 64199 bytes
up 323 pkts / 346790 bytes   down 354 pkts / 64199 bytes
up 323 pkts / 346790 bytes   down 354 pkts / 64199 bytes
up 323 pkts / 346790 bytes   down 354 pkts / 64199 bytes
up 323 pkts / 346790 bytes   down 354 pkts / 64199 bytes
up 323 pkts / 346790 bytes   down 354 pkts / 64199 bytes
up 323 pkts / 346790 bytes   down 354 pkts / 64199 bytes
up 323 pkts / 346790 bytes   down 354 pkts / 64199 bytes
up 323 pkts / 346790 bytes   down 354 pkts / 64199 bytes
up 323 pkts / 346790 bytes   down 354 pkts / 64199 bytes
up 323 pkts / 346790 bytes   down 354 pkts / 64199 bytes
up 323 pkts / 346790 bytes   down 354 pkts / 64199 bytes
up 323 pkts / 346790 bytes   down 354 pkts / 64199 bytes
up 323 pkts / 346790 bytes   down 354 pkts / 64199 bytes
up 323 pkts / 346790 bytes   down 354 pkts / 64199 bytes
up 323 pkts / 346790 bytes   down 354 pkts / 64199 bytes
up 323 pkts / 346790 bytes   down 354 pkts / 64199 bytes
up 323 pkts / 346790 bytes   down 354 pkts / 64199 bytes
up 323 pkts / 346790 bytes   down 354 pkts / 64199 bytes
up 323 pkts / 346790 bytes   down 354 pkts / 64199 bytes
up 323 pkts / 346790 bytes   down 354 pkts / 64199 bytes
up 323 pkts / 346790 bytes   down 354 pkts / 64199 bytes
up 323 pkts / 346790 bytes   down 354 pkts / 64199 bytes
up 323 pkts / 346790 bytes   down 354 pkts / 64199 bytes
up 323 pkts / 346790 bytes   down 354 pkts / 64199 bytes
up 323 pkts / 346790 bytes   down 354 pkts / 64199 bytes
up 323 pkts / 346790 bytes   down 354 pkts / 64199 bytes
up 323 pkts / 346790 bytes   down 354 pkts / 64199 bytes
up 323 pkts / 346790 bytes   down 354 pkts / 64199 bytes
up 323 pkts / 346790 bytes   down 354 pkts / 64199 bytes
up 323 pkts / 346790 bytes   down 354 pkts / 64199 bytes
up 323 pkts / 346790 bytes   down 354 pkts / 64199 bytes
up 323 pkts / 346790 bytes   down 354 pkts / 64199 bytes
up 323 pkts / 346790 bytes   down 354 pkts / 64199 bytes
up 323 pkts / 346790 bytes   down 354 pkts / 64199 bytes
up 323 pkts / 346790 bytes   down 354 pkts / 64199 bytes
up 323 pkts / 346790 bytes   down 354 pkts / 64199 bytes
up 323 pkts / 346790 bytes   down 354 pkts / 64199 bytes
up 323 pkts / 346790 bytes   down 354 pkts / 64199 bytes
up 323 pkts / 346790 bytes   down 354 pkts / 64199 bytes
up 323 pkts / 346790 bytes   down 354 pkts / 64199 bytes
up 323 pkts / 346790 bytes   down 354 pkts / 64199 bytes
up 323 pkts / 346790 bytes   down 354 pkts / 64199 bytes
up 323 pkts / 346790 bytes   down 354 pkts / 64199 bytes
up 323 pkts / 346790 bytes   down 354 pkts / 64199 bytes
up 323 pkts / 346790 bytes   down 354 pkts / 64199 bytes
up 323 pkts / 346790 bytes   down 354 pkts / 64199 bytes
up 323 pkts / 346790 bytes   down 354 pkts / 64199 bytes
up 323 pkts / 346790 bytes   down 354 pkts / 64199 bytes
up 323 pkts / 346790 bytes   down 354 pkts / 64199 bytes
up 323 pkts / 346790 bytes   down 354 pkts / 64199 bytes
up 323 pkts / 346790 bytes   down 354 pkts / 64199 bytes
up 323 pkts / 346790 bytes   down 354 pkts / 64199 bytes
up 323 pkts / 346790 bytes   down 354 pkts / 64199 bytes
up 323 pkts / 346790 bytes   down 354 pkts / 64199 bytes
up 323 pkts / 346790 bytes   down 354 pkts / 64199 bytes
up 323 pkts / 346790 bytes   down 354 pkts / 64199 bytes
up 323 pkts / 346790 bytes   down 354 pkts / 64199 bytes
up 323 pkts / 346790 bytes   down 354 pkts / 64199 bytes
up 323 pkts / 346790 bytes   down 354 pkts / 64199 bytes
up 323 pkts / 346790 bytes   down 354 pkts / 64199 bytes
up 323 pkts / 346790 bytes   down 354 pkts / 64199 bytes
up 323 pkts / 346790 bytes   down 354 pkts / 64199 bytes
up 323 pkts / 346790 bytes   down 354 pkts / 64199 bytes
up 323 pkts / 346790 bytes   down 354 pkts / 64199 bytes
up 323 pkts / 346790 bytes   down 354 pkts / 64199 bytes
up 323 pkts / 346790 bytes   down 354 pkts / 64199 bytes
up 323 pkts / 346790 bytes   down 354 pkts / 64199 bytes
up 323 pkts / 346790 bytes   down 354 pkts / 64199 bytes
up 323 pkts / 346790 bytes   down 354 pkts / 64199 bytes
up 323 pkts / 346790 bytes   down 354 pkts / 64199 bytes
up 323 pkts / 346790 bytes   down 354 pkts / 64199 bytes
up 323 pkts / 346790 bytes   down 354 pkts / 64199 bytes
up 323 pkts / 346790 bytes   down 354 pkts / 64199 bytes
up 323 pkts / 346790 bytes   down 354 pkts / 64199 bytes
up 323 pkts / 346790 bytes   down 354 pkts / 64199 bytes
up 323 pkts / 346790 bytes   down 354 pkts / 64199 bytes
up 323 pkts / 346790 bytes   down 354 pkts / 64199 bytes
up 323 pkts / 346790 bytes   down 354 pkts / 64199 bytes
up 323 pkts / 346790 bytes   down 354 pkts / 64199 bytes
up 323 pkts / 346790 bytes   down 354 pkts / 64199 bytes
up 323 pkts / 346790 bytes   down 354 pkts / 64199 bytes
up 323 pkts / 346790 bytes   down 354 pkts / 64199 bytes
up 323 pkts / 346790 bytes   down 354 pkts / 64199 bytes
up 323 pkts / 346790 bytes   down 354 pkts / 64199 bytes
up 323 pkts / 346790 bytes   down 354 pkts / 64199 bytes
up 323 pkts / 346790 bytes   down 354 pkts / 64199 bytes
up 323 pkts / 346790 bytes   down 354 pkts / 64199 bytes
up 323 pkts / 346790 bytes   down 354 pkts / 64199 bytes
up 323 pkts / 346790 bytes   down 354 pkts / 64199 bytes
up 323 pkts / 346790 bytes   down 354 pkts / 64199 bytes
up 323 pkts / 346790 bytes   down 354 pkts / 64199 bytes
up 323 pkts / 346790 bytes   down 354 pkts / 64199 bytes
up 323 pkts / 346790 bytes   down 354 pkts / 64199 bytes
up 323 pkts / 346790 bytes   down 354 pkts / 64199 bytes
up 323 pkts / 346790 bytes   down 354 pkts / 64199 bytes
up 323 pkts / 346790 bytes   down 354 pkts / 64199 bytes
up 323 pkts / 346790 bytes   down 354 pkts / 64199 bytes
up 323 pkts / 346790 bytes   down 354 pkts / 64199 bytes
up 323 pkts / 346790 bytes   down 354 pkts / 64199 bytes
up 323 pkts / 346790 bytes   down 354 pkts / 64199 bytes
up 323 pkts / 346790 bytes   down 354 pkts / 64199 bytes
up 323 pkts / 346790 bytes   down 354 pkts / 64199 bytes
up 323 pkts / 346790 bytes   down 354 pkts / 64199 bytes
up 323 pkts / 346790 bytes   down 354 pkts / 64199 bytes
up 323 pkts / 346790 bytes   down 354 pkts / 64199 bytes
up 323 pkts / 346790 bytes   down 354 pkts / 64199 bytes
up 323 pkts / 346790 bytes   down 354 pkts / 64199 bytes
up 323 pkts / 346790 bytes   down 354 pkts / 64199 bytes
up 323 pkts / 346790 bytes   down 354 pkts / 64199 bytes
up 323 pkts / 346790 bytes   down 354 pkts / 64199 bytes
up 323 pkts / 346790 bytes   down 354 pkts / 64199 bytes
up 323 pkts / 346790 bytes   down 354 pkts / 64199 bytes
up 323 pkts / 346790 bytes   down 354 pkts / 64199 bytes
up 323 pkts / 346790 bytes   down 354 pkts / 64199 bytes
up 323 pkts / 346790 bytes   down 354 pkts / 64199 bytes
up 323 pkts / 346790 bytes   down 354 pkts / 64199 bytes
up 323 pkts / 346790 bytes   down 354 pkts / 64199 bytes
up 323 pkts / 346790 bytes   down 354 pkts / 64199 bytes
up 323 pkts / 346790 bytes   down 354 pkts / 64199 bytes
up 323 pkts / 346790 bytes   down 354 pkts / 64199 bytes
up 323 pkts / 346790 bytes   down 354 pkts / 64199 bytes
up 323 pkts / 346790 bytes   down 354 pkts / 64199 bytes
up 323 pkts / 346790 bytes   down 354 pkts / 64199 bytes
up 323 pkts / 346790 bytes   down 354 pkts / 64199 bytes
up 323 pkts / 346790 bytes   down 354 pkts / 64199 bytes
up 323 pkts / 346790 bytes   down 354 pkts / 64199 bytes
up 323 pkts / 346790 bytes   down 354 pkts / 64199 bytes
up 323 pkts / 346790 bytes   down 354 pkts / 64199 bytes
up 323 pkts / 346790 bytes   down 354 pkts / 64199 bytes
up 323 pkts / 346790 bytes   down 354 pkts / 64199 bytes
up 323 pkts / 346790 bytes   down 354 pkts / 64199 bytes
up 323 pkts / 346790 bytes   down 354 pkts / 64199 bytes
up 323 pkts / 346790 bytes   down 354 pkts / 64199 bytes
up 323 pkts / 346790 bytes   down 354 pkts / 64199 bytes
up 323 pkts / 346790 bytes   down 354 pkts / 64199 bytes
up 323 pkts / 346790 bytes   down 354 pkts / 64199 bytes
up 323 pkts / 346790 bytes   down 354 pkts / 64199 bytes
up 323 pkts / 346790 bytes   down 354 pkts / 64199 bytes
up 323 pkts / 346790 bytes   down 354 pkts / 64199 bytes
up 323 pkts / 346790 bytes   down 354 pkts / 64199 bytes
up 323 pkts / 346790 bytes   down 354 pkts / 64199 bytes
up 323 pkts / 346790 bytes   down 354 pkts / 64199 bytes
up 323 pkts / 346790 bytes   down 354 pkts / 64199 bytes
up 323 pkts / 346790 bytes   down 354 pkts / 64199 bytes
up 323 pkts / 346790 bytes   down 354 pkts / 64199 bytes
up 323 pkts / 346790 bytes   down 354 pkts / 64199 bytes
up 323 pkts / 346790 bytes   down 354 pkts / 64199 bytes
up 323 pkts / 346790 bytes   down 354 pkts / 64199 bytes
up 323 pkts / 346790 bytes   down 354 pkts / 64199 bytes
up 323 pkts / 346790 bytes   down 354 pkts / 64199 bytes
up 323 pkts / 346790 bytes   down 354 pkts / 64199 bytes
up 323 pkts / 346790 bytes   down 354 pkts / 64199 bytes
up 323 pkts / 346790 bytes   down 354 pkts / 64199 bytes
up 323 pkts / 346790 bytes   down 354 pkts / 64199 bytes
up 323 pkts / 346790 bytes   down 354 pkts / 64199 bytes
up 323 pkts / 346790 bytes   down 354 pkts / 64199 bytes
up 323 pkts / 346790 bytes   down 354 pkts / 64199 bytes
up 323 pkts / 346790 bytes   down 354 pkts / 64199 bytes
up 323 pkts / 346790 bytes   down 354 pkts / 64199 bytes
up 323 pkts / 346790 bytes   down 354 pkts / 64199 bytes
up 323 pkts / 346790 bytes   down 354 pkts / 64199 bytes
up 323 pkts / 346790 bytes   down 354 pkts / 64199 bytes
up 323 pkts / 346790 bytes   down 354 pkts / 64199 bytes
up 323 pkts / 346790 bytes   down 354 pkts / 64199 bytes
up 323 pkts / 346790 bytes   down 354 pkts / 64199 bytes
up 323 pkts / 346790 bytes   down 354 pkts / 64199 bytes
up 323 pkts / 346790 bytes   down 354 pkts / 64199 bytes
up 323 pkts / 346790 bytes   down 354 pkts / 64199 bytes
up 323 pkts / 346790 bytes   down 354 pkts / 64199 bytes
up 323 pkts / 346790 bytes   down 354 pkts / 64199 bytes
up 323 pkts / 346790 bytes   down 354 pkts / 64199 bytes
up 323 pkts / 346790 bytes   down 354 pkts / 64199 bytes
up 323 pkts / 346790 bytes   down 354 pkts / 64199 bytes
up 323 pkts / 346790 bytes   down 354 pkts / 64199 bytes
up 323 pkts / 346790 bytes   down 354 pkts / 64199 bytes
up 323 pkts / 346790 bytes   down 354 pkts / 64199 bytes
up 323 pkts / 346790 bytes   down 354 pkts / 64199 bytes
up 323 pkts / 346790 bytes   down 354 pkts / 64199 bytes
up 323 pkts / 346790 bytes   down 354 pkts / 64199 bytes
up 323 pkts / 346790 bytes   down 354 pkts / 64199 bytes
up 323 pkts / 346790 bytes   down 354 pkts / 64199 bytes
up 323 pkts / 346790 bytes   down 354 pkts / 64199 bytes
up 323 pkts / 346790 bytes   down 354 pkts / 64199 bytes
up 323 pkts / 346790 bytes   down 354 pkts / 64199 bytes
up 323 pkts / 346790 bytes   down 354 pkts / 64199 bytes
up 323 pkts / 346790 bytes   down 354 pkts / 64199 bytes
up 323 pkts / 346790 bytes   down 354 pkts / 64199 bytes
up 323 pkts / 346790 bytes   down 354 pkts / 64199 bytes
up 323 pkts / 346790 bytes   down 354 pkts / 64199 bytes
up 323 pkts / 346790 bytes   down 354 pkts / 64199 bytes
up 323 pkts / 346790 bytes   down 354 pkts / 64199 bytes
up 323 pkts / 346790 bytes   down 354 pkts / 64199 bytes
up 323 pkts / 346790 bytes   down 354 pkts / 64199 bytes
up 323 pkts / 346790 bytes   down 354 pkts / 64199 bytes
up 323 pkts / 346790 bytes   down 354 pkts / 64199 bytes
up 323 pkts / 346790 bytes   down 354 pkts / 64199 bytes
up 323 pkts / 346790 bytes   down 354 pkts / 64199 bytes
up 323 pkts / 346790 bytes   down 354 pkts / 64199 bytes
up 323 pkts / 346790 bytes   down 354 pkts / 64199 bytes
up 323 pkts / 346790 bytes   down 354 pkts / 64199 bytes
up 323 pkts / 346790 bytes   down 354 pkts / 64199 bytes
up 323 pkts / 346790 bytes   down 354 pkts / 64199 bytes
up 323 pkts / 346790 bytes   down 354 pkts / 64199 bytes
up 323 pkts / 346790 bytes   down 354 pkts / 64199 bytes
up 323 pkts / 346790 bytes   down 354 pkts / 64199 bytes
up 323 pkts / 346790 bytes   down 354 pkts / 64199 bytes
up 323 pkts / 346790 bytes   down 354 pkts / 64199 bytes
up 323 pkts / 346790 bytes   down 354 pkts / 64199 bytes
up 323 pkts / 346790 bytes   down 354 pkts / 64199 bytes
up 323 pkts / 346790 bytes   down 354 pkts / 64199 bytes
up 323 pkts / 346790 bytes   down 354 pkts / 64199 bytes
up 323 pkts / 346790 bytes   down 354 pkts / 64199 bytes
up 323 pkts / 346790 bytes   down 354 pkts / 64199 bytes
up 323 pkts / 346790 bytes   down 354 pkts / 64199 bytes
up 323 pkts / 346790 bytes   down 354 pkts / 64199 bytes
up 323 pkts / 346790 bytes   down 354 pkts / 64199 bytes
up 323 pkts / 346790 bytes   down 354 pkts / 64199 bytes
up 323 pkts / 346790 bytes   down 354 pkts / 64199 bytes
up 323 pkts / 346790 bytes   down 354 pkts / 64199 bytes
up 323 pkts / 346790 bytes   down 354 pkts / 64199 bytes
up 323 pkts / 346790 bytes   down 354 pkts / 64199 bytes
up 323 pkts / 346790 bytes   down 354 pkts / 64199 bytes
up 323 pkts / 346790 bytes   down 354 pkts / 64199 bytes
up 323 pkts / 346790 bytes   down 354 pkts / 64199 bytes
up 323 pkts / 346790 bytes   down 354 pkts / 64199 bytes
up 323 pkts / 346790 bytes   down 354 pkts / 64199 bytes
up 323 pkts / 346790 bytes   down 354 pkts / 64199 bytes
up 323 pkts / 346790 bytes   down 354 pkts / 64199 bytes
up 323 pkts / 346790 bytes   down 354 pkts / 64199 bytes
up 323 pkts / 346790 bytes   down 354 pkts / 64199 bytes
up 323 pkts / 346790 bytes   down 354 pkts / 64199 bytes
up 323 pkts / 346790 bytes   down 354 pkts / 64199 bytes
up 323 pkts / 346790 bytes   down 354 pkts / 64199 bytes
up 323 pkts / 346790 bytes   down 354 pkts / 64199 bytes
up 323 pkts / 346790 bytes   down 354 pkts / 64199 bytes
up 323 pkts / 346790 bytes   down 354 pkts / 64199 bytes
up 323 pkts / 346790 bytes   down 354 pkts / 64199 bytes
up 323 pkts / 346790 bytes   down 354 pkts / 64199 bytes
up 323 pkts / 346790 bytes   down 354 pkts / 64199 bytes
up 323 pkts / 346790 bytes   down 354 pkts / 64199 bytes
up 323 pkts / 346790 bytes   down 354 pkts / 64199 bytes
up 323 pkts / 346790 bytes   down 354 pkts / 64199 bytes
up 323 pkts / 346790 bytes   down 354 pkts / 64199 bytes
up 323 pkts / 346790 bytes   down 354 pkts / 64199 bytes
up 323 pkts / 346790 bytes   down 354 pkts / 64199 bytes
up 323 pkts / 346790 bytes   down 354 pkts / 64199 bytes
up 323 pkts / 346790 bytes   down 354 pkts / 64199 bytes
up 323 pkts / 346790 bytes   down 354 pkts / 64199 bytes
up 323 pkts / 346790 bytes   down 354 pkts / 64199 bytes
up 323 pkts / 346790 bytes   down 354 pkts / 64199 bytes
up 323 pkts / 346790 bytes   down 354 pkts / 64199 bytes
up 323 pkts / 346790 bytes   down 354 pkts / 64199 bytes
up 323 pkts / 346790 bytes   down 354 pkts / 64199 bytes
up 323 pkts / 346790 bytes   down 354 pkts / 64199 bytes
up 323 pkts / 346790 bytes   down 354 pkts / 64199 bytes
up 323 pkts / 346790 bytes   down 354 pkts / 64199 bytes
up 323 pkts / 346790 bytes   down 354 pkts / 64199 bytes
up 323 pkts / 346790 bytes   down 354 pkts / 64199 bytes
up 323 pkts / 346790 bytes   down 354 pkts / 64199 bytes
up 323 pkts / 346790 bytes   down 354 pkts / 64199 bytes
up 323 pkts / 346790 bytes   down 354 pkts / 64199 bytes
up 323 pkts / 346790 bytes   down 354 pkts / 64199 bytes
up 323 pkts / 346790 bytes   down 354 pkts / 64199 bytes
up 323 pkts / 346790 bytes   down 354 pkts / 64199 bytes
up 323 pkts / 346790 bytes   down 354 pkts / 64199 bytes
up 323 pkts / 346790 bytes   down 354 pkts / 64199 bytes
up 323 pkts / 346790 bytes   down 354 pkts / 64199 bytes
up 323 pkts / 346790 bytes   down 354 pkts / 64199 bytes
up 323 pkts / 346790 bytes   down 354 pkts / 64199 bytes
up 323 pkts / 346790 bytes   down 354 pkts / 64199 bytes
up 323 pkts / 346790 bytes   down 354 pkts / 64199 bytes
up 323 pkts / 346790 bytes   down 354 pkts / 64199 bytes
up 323 pkts / 346790 bytes   down 354 pkts / 64199 bytes
up 323 pkts / 346790 bytes   down 354 pkts / 64199 bytes
up 323 pkts / 346790 bytes   down 354 pkts / 64199 bytes
up 323 pkts / 346790 bytes   down 354 pkts / 64199 bytes
up 323 pkts / 346790 bytes   down 354 pkts / 64199 bytes
up 323 pkts / 346790 bytes   down 354 pkts / 64199 bytes
up 323 pkts / 346790 bytes   down 354 pkts / 64199 bytes
up 323 pkts / 346790 bytes   down 354 pkts / 64199 bytes
up 323 pkts / 346790 bytes   down 354 pkts / 64199 bytes
up 323 pkts / 346790 bytes   down 354 pkts / 64199 bytes
up 323 pkts / 346790 bytes   down 354 pkts / 64199 bytes
up 323 pkts / 346790 bytes   down 354 pkts / 64199 bytes
up 323 pkts / 346790 bytes   down 354 pkts / 64199 bytes
up 323 pkts / 346790 bytes   down 354 pkts / 64199 bytes
up 323 pkts / 346790 bytes   down 354 pkts / 64199 bytes
up 323 pkts / 346790 bytes   down 354 pkts / 64199 bytes
up 323 pkts / 346790 bytes   down 354 pkts / 64199 bytes
up 323 pkts / 346790 bytes   down 354 pkts / 64199 bytes
up 323 pkts / 346790 bytes   down 354 pkts / 64199 bytes
up 323 pkts / 346790 bytes   down 354 pkts / 64199 bytes
up 323 pkts / 346790 bytes   down 354 pkts / 64199 bytes
up 323 pkts / 346790 bytes   down 354 pkts / 64199 bytes
up 323 pkts / 346790 bytes   down 354 pkts / 64199 bytes
up 323 pkts / 346790 bytes   down 354 pkts / 64199 bytes
up 323 pkts / 346790 bytes   down 354 pkts / 64199 bytes
up 323 pkts / 346790 bytes   down 354 pkts / 64199 bytes
up 323 pkts / 346790 bytes   down 354 pkts / 64199 bytes
up 323 pkts / 346790 bytes   down 354 pkts / 64199 bytes
up 323 pkts / 346790 bytes   down 354 pkts / 64199 bytes
up 323 pkts / 346790 bytes   down 354 pkts / 64199 bytes
up 323 pkts / 346790 bytes   down 354 pkts / 64199 bytes
up 323 pkts / 346790 bytes   down 354 pkts / 64199 bytes
up 323 pkts / 346790 bytes   down 354 pkts / 64199 bytes
up 323 pkts / 346790 bytes   down 354 pkts / 64199 bytes
up 323 pkts / 346790 bytes   down 354 pkts / 64199 bytes
up 323 pkts / 346790 bytes   down 354 pkts / 64199 bytes
up 323 pkts / 346790 bytes   down 354 pkts / 64199 bytes
up 323 pkts / 346790 bytes   down 354 pkts / 64199 bytes
up 323 pkts / 346790 bytes   down 354 pkts / 64199 bytes
up 323 pkts / 346790 bytes   down 354 pkts / 64199 bytes
up 323 pkts / 346790 bytes   down 354 pkts / 64199 bytes
up 323 pkts / 346790 bytes   down 354 pkts / 64199 bytes
up 323 pkts / 346790 bytes   down 354 pkts / 64199 bytes
up 323 pkts / 346790 bytes   down 354 pkts / 64199 bytes
up 323 pkts / 346790 bytes   down 354 pkts / 64199 bytes
up 323 pkts / 346790 bytes   down 354 pkts / 64199 bytes
up 323 pkts / 346790 bytes   down 354 pkts / 64199 bytes
up 323 pkts / 346790 bytes   down 354 pkts / 64199 bytes
up 323 pkts / 346790 bytes   down 354 pkts / 64199 bytes
up 323 pkts / 346790 bytes   down 354 pkts / 64199 bytes
up 323 pkts / 346790 bytes   down 354 pkts / 64199 bytes
up 323 pkts / 346790 bytes   down 354 pkts / 64199 bytes
up 323 pkts / 346790 bytes   down 354 pkts / 64199 bytes
up 323 pkts / 346790 bytes   down 354 pkts / 64199 bytes
up 323 pkts / 346790 bytes   down 354 pkts / 64199 bytes
up 323 pkts / 346790 bytes   down 354 pkts / 64199 bytes
up 323 pkts / 346790 bytes   down 354 pkts / 64199 bytes
up 323 pkts / 346790 bytes   down 354 pkts / 64199 bytes
up 323 pkts / 346790 bytes   down 354 pkts / 64199 bytes
up 323 pkts / 346790 bytes   down 354 pkts / 64199 bytes
up 323 pkts / 346790 bytes   down 354 pkts / 64199 bytes
up 323 pkts / 346790 bytes   down 354 pkts / 64199 bytes
up 323 pkts / 346790 bytes   down 354 pkts / 64199 bytes
up 323 pkts / 346790 bytes   down 354 pkts / 64199 bytes
up 323 pkts / 346790 bytes   down 354 pkts / 64199 bytes
up 323 pkts / 346790 bytes   down 354 pkts / 64199 bytes
up 323 pkts / 346790 bytes   down 354 pkts / 64199 bytes
up 323 pkts / 346790 bytes   down 354 pkts / 64199 bytes
up 323 pkts / 346790 bytes   down 354 pkts / 64199 bytes
up 323 pkts / 346790 bytes   down 354 pkts / 64199 bytes
up 323 pkts / 346790 bytes   down 354 pkts / 64199 bytes
up 323 pkts / 346790 bytes   down 354 pkts / 64199 bytes
up 323 pkts / 346790 bytes   down 354 pkts / 64199 bytes
up 323 pkts / 346790 bytes   down 354 pkts / 64199 bytes
up 323 pkts / 346790 bytes   down 354 pkts / 64199 bytes
up 323 pkts / 346790 bytes   down 354 pkts / 64199 bytes
up 323 pkts / 346790 bytes   down 354 pkts / 64199 bytes
up 323 pkts / 346790 bytes   down 354 pkts / 64199 bytes
up 323 pkts / 346790 bytes   down 354 pkts / 64199 bytes
up 323 pkts / 346790 bytes   down 354 pkts / 64199 bytes
up 323 pkts / 346790 bytes   down 354 pkts / 64199 bytes
up 323 pkts / 346790 bytes   down 354 pkts / 64199 bytes
up 323 pkts / 346790 bytes   down 354 pkts / 64199 bytes
up 323 pkts / 346790 bytes   down 354 pkts / 64199 bytes
up 323 pkts / 346790 bytes   down 354 pkts / 64199 bytes
up 323 pkts / 346790 bytes   down 354 pkts / 64199 bytes
up 323 pkts / 346790 bytes   down 354 pkts / 64199 bytes
up 323 pkts / 346790 bytes   down 354 pkts / 64199 bytes
up 323 pkts / 346790 bytes   down 354 pkts / 64199 bytes
up 323 pkts / 346790 bytes   down 354 pkts / 64199 bytes
up 323 pkts / 346790 bytes   down 354 pkts / 64199 bytes
up 323 pkts / 346790 bytes   down 354 pkts / 64199 bytes
up 323 pkts / 346790 bytes   down 354 pkts / 64199 bytes
up 323 pkts / 346790 bytes   down 354 pkts / 64199 bytes
relay: upstream session opened
up 333 pkts / 358800 bytes   down 354 pkts / 64199 bytes
up 343 pkts / 370810 bytes   down 354 pkts / 64199 bytes
up 353 pkts / 382820 bytes   down 354 pkts / 64199 bytes
up 363 pkts / 394830 bytes   down 354 pkts / 64199 bytes
up 373 pkts / 406840 bytes   down 354 pkts / 64199 bytes
up 383 pkts / 418850 bytes   down 354 pkts / 64199 bytes
up 383 pkts / 418850 bytes   down 354 pkts / 64199 bytes
up 383 pkts / 418850 bytes   down 354 pkts / 64199 bytes
up 383 pkts / 418850 bytes   down 354 pkts / 64199 bytes
up 383 pkts / 418850 bytes   down 354 pkts / 64199 bytes
up 383 pkts / 418850 bytes   down 354 pkts / 64199 bytes
up 383 pkts / 418850 bytes   down 354 pkts / 64199 bytes
up 383 pkts / 418850 bytes   down 354 pkts / 64199 bytes
up 383 pkts / 418850 bytes   down 354 pkts / 64199 bytes
up 383 pkts / 418850 bytes   down 354 pkts / 64199 bytes
up 383 pkts / 418850 bytes   down 354 pkts / 64199 bytes
up 383 pkts / 418850 bytes   down 354 pkts / 64199 bytes
up 383 pkts / 418850 bytes   down 354 pkts / 64199 bytes
up 383 pkts / 418850 bytes   down 354 pkts / 64199 bytes
up 383 pkts / 418850 bytes   down 354 pkts / 64199 bytes
up 383 pkts / 418850 bytes   down 354 pkts / 64199 bytes
up 383 pkts / 418850 bytes   down 354 pkts / 64199 bytes
up 383 pkts / 418850 bytes   down 354 pkts / 64199 bytes
up 383 pkts / 418850 bytes   down 354 pkts / 64199 bytes
up 383 pkts / 418850 bytes   down 354 pkts / 64199 bytes
up 383 pkts / 418850 bytes   down 354 pkts / 64199 bytes
up 383 pkts / 418850 bytes   down 354 pkts / 64199 bytes
up 383 pkts / 418850 bytes   down 354 pkts / 64199 bytes
up 383 pkts / 418850 bytes   down 354 pkts / 64199 bytes
up 383 pkts / 418850 bytes   down 354 pkts / 64199 bytes
up 383 pkts / 418850 bytes   down 354 pkts / 64199 bytes
up 383 pkts / 418850 bytes   down 354 pkts / 64199 bytes
up 383 pkts / 418850 bytes   down 354 pkts / 64199 bytes
up 383 pkts / 418850 bytes   down 354 pkts / 64199 bytes
up 383 pkts / 418850 bytes   down 354 pkts / 64199 bytes
up 383 pkts / 418850 bytes   down 354 pkts / 64199 bytes
up 383 pkts / 418850 bytes   down 354 pkts / 64199 bytes
up 383 pkts / 418850 bytes   down 354 pkts / 64199 bytes
up 383 pkts / 418850 bytes   down 354 pkts / 64199 bytes
up 383 pkts / 418850 bytes   down 354 pkts / 64199 bytes
up 383 pkts / 418850 bytes   down 354 pkts / 64199 bytes
up 383 pkts / 418850 bytes   down 354 pkts / 64199 bytes
up 383 pkts / 418850 bytes   down 354 pkts / 64199 bytes
up 383 pkts / 418850 bytes   down 354 pkts / 64199 bytes
up 383 pkts / 418850 bytes   down 354 pkts / 64199 bytes
up 383 pkts / 418850 bytes   down 354 pkts / 64199 bytes
up 383 pkts / 418850 bytes   down 354 pkts / 64199 bytes
up 383 pkts / 418850 bytes   down 354 pkts / 64199 bytes
up 383 pkts / 418850 bytes   down 354 pkts / 64199 bytes
up 383 pkts / 418850 bytes   down 354 pkts / 64199 bytes
up 383 pkts / 418850 bytes   down 354 pkts / 64199 bytes
up 383 pkts / 418850 bytes   down 354 pkts / 64199 bytes
up 383 pkts / 418850 bytes   down 354 pkts / 64199 bytes
up 383 pkts / 418850 bytes   down 354 pkts / 64199 bytes
up 383 pkts / 418850 bytes   down 354 pkts / 64199 bytes
up 383 pkts / 418850 bytes   down 354 pkts / 64199 bytes
up 383 pkts / 418850 bytes   down 354 pkts / 64199 bytes
up 383 pkts / 418850 bytes   down 354 pkts / 64199 bytes
up 383 pkts / 418850 bytes   down 354 pkts / 64199 bytes
up 383 pkts / 418850 bytes   down 354 pkts / 64199 bytes
up 383 pkts / 418850 bytes   down 354 pkts / 64199 bytes
up 383 pkts / 418850 bytes   down 354 pkts / 64199 bytes
up 383 pkts / 418850 bytes   down 354 pkts / 64199 bytes
up 383 pkts / 418850 bytes   down 354 pkts / 64199 bytes
up 383 pkts / 418850 bytes   down 354 pkts / 64199 bytes
up 383 pkts / 418850 bytes   down 354 pkts / 64199 bytes
up 383 pkts / 418850 bytes   down 354 pkts / 64199 bytes
up 383 pkts / 418850 bytes   down 354 pkts / 64199 bytes
up 383 pkts / 418850 bytes   down 354 pkts / 64199 bytes
up 383 pkts / 418850 bytes   down 354 pkts / 64199 bytes
up 383 pkts / 418850 bytes   down 354 pkts / 64199 bytes
up 383 pkts / 418850 bytes   down 354 pkts / 64199 bytes
up 383 pkts / 418850 bytes   down 354 pkts / 64199 bytes
up 383 pkts / 418850 bytes   down 354 pkts / 64199 bytes
up 383 pkts / 418850 bytes   down 354 pkts / 64199 bytes
up 383 pkts / 418850 bytes   down 354 pkts / 64199 bytes
up 383 pkts / 418850 bytes   down 354 pkts / 64199 bytes
up 383 pkts / 418850 bytes   down 354 pkts / 64199 bytes
up 383 pkts / 418850 bytes   down 354 pkts / 64199 bytes
up 383 pkts / 418850 bytes   down 354 pkts / 64199 bytes
up 383 pkts / 418850 bytes   down 354 pkts / 64199 bytes
up 383 pkts / 418850 bytes   down 354 pkts / 64199 bytes
up 383 pkts / 418850 bytes   down 354 pkts / 64199 bytes
up 383 pkts / 418850 bytes   down 354 pkts / 64199 bytes
up 383 pkts / 418850 bytes   down 354 pkts / 64199 bytes
up 383 pkts / 418850 bytes   down 354 pkts / 64199 bytes
up 383 pkts / 418850 bytes   down 354 pkts / 64199 bytes
up 383 pkts / 418850 bytes   down 354 pkts / 64199 bytes
up 383 pkts / 418850 bytes   down 354 pkts / 64199 bytes
up 383 pkts / 418850 bytes   down 354 pkts / 64199 bytes
