bridge 0.0.0.0:15150 -> udp 162.159.198.2:443
advertise      : 10.0.2.2
egress bind    : 192.168.0.4
up 0 pkts / 0 bytes   down 0 pkts / 0 bytes   sessions 0
up 0 pkts / 0 bytes   down 0 pkts / 0 bytes   sessions 0
up 0 pkts / 0 bytes   down 0 pkts / 0 bytes   sessions 0
up 0 pkts / 0 bytes   down 0 pkts / 0 bytes   sessions 0
up 0 pkts / 0 bytes   down 0 pkts / 0 bytes   sessions 0
up 0 pkts / 0 bytes   down 0 pkts / 0 bytes   sessions 0
up 0 pkts / 0 bytes   down 0 pkts / 0 bytes   sessions 0
up 0 pkts / 0 bytes   down 0 pkts / 0 bytes   sessions 0
up 0 pkts / 0 bytes   down 0 pkts / 0 bytes   sessions 0
up 0 pkts / 0 bytes   down 0 pkts / 0 bytes   sessions 0
up 0 pkts / 0 bytes   down 0 pkts / 0 bytes   sessions 0
up 0 pkts / 0 bytes   down 0 pkts / 0 bytes   sessions 0
up 0 pkts / 0 bytes   down 0 pkts / 0 bytes   sessions 0
up 0 pkts / 0 bytes   down 0 pkts / 0 bytes   sessions 0
up 0 pkts / 0 bytes   down 0 pkts / 0 bytes   sessions 0
up 0 pkts / 0 bytes   down 0 pkts / 0 bytes   sessions 0
up 0 pkts / 0 bytes   down 0 pkts / 0 bytes   sessions 0
up 0 pkts / 0 bytes   down 0 pkts / 0 bytes   sessions 0
up 0 pkts / 0 bytes   down 0 pkts / 0 bytes   sessions 0
up 0 pkts / 0 bytes   down 0 pkts / 0 bytes   sessions 0
up 0 pkts / 0 bytes   down 0 pkts / 0 bytes   sessions 0
up 0 pkts / 0 bytes   down 0 pkts / 0 bytes   sessions 0
up 0 pkts / 0 bytes   down 0 pkts / 0 bytes   sessions 0
up 0 pkts / 0 bytes   down 0 pkts / 0 bytes   sessions 0
up 0 pkts / 0 bytes   down 0 pkts / 0 bytes   sessions 0
up 0 pkts / 0 bytes   down 0 pkts / 0 bytes   sessions 0
up 0 pkts / 0 bytes   down 0 pkts / 0 bytes   sessions 0
up 0 pkts / 0 bytes   down 0 pkts / 0 bytes   sessions 0
up 0 pkts / 0 bytes   down 0 pkts / 0 bytes   sessions 0
up 0 pkts / 0 bytes   down 0 pkts / 0 bytes   sessions 0
up 0 pkts / 0 bytes   down 0 pkts / 0 bytes   sessions 0
up 0 pkts / 0 bytes   down 0 pkts / 0 bytes   sessions 0
up 0 pkts / 0 bytes   down 0 pkts / 0 bytes   sessions 0
up 0 pkts / 0 bytes   down 0 pkts / 0 bytes   sessions 0
up 0 pkts / 0 bytes   down 0 pkts / 0 bytes   sessions 0
up 0 pkts / 0 bytes   down 0 pkts / 0 bytes   sessions 0
up 0 pkts / 0 bytes   down 0 pkts / 0 bytes   sessions 0
up 0 pkts / 0 bytes   down 0 pkts / 0 bytes   sessions 0
up 0 pkts / 0 bytes   down 0 pkts / 0 bytes   sessions 0
up 0 pkts / 0 bytes   down 0 pkts / 0 bytes   sessions 0
up 0 pkts / 0 bytes   down 0 pkts / 0 bytes   sessions 0
up 0 pkts / 0 bytes   down 0 pkts / 0 bytes   sessions 0
up 0 pkts / 0 bytes   down 0 pkts / 0 bytes   sessions 0
up 0 pkts / 0 bytes   down 0 pkts / 0 bytes   sessions 0
up 0 pkts / 0 bytes   down 0 pkts / 0 bytes   sessions 0
up 0 pkts / 0 bytes   down 0 pkts / 0 bytes   sessions 0
up 0 pkts / 0 bytes   down 0 pkts / 0 bytes   sessions 0
up 0 pkts / 0 bytes   down 0 pkts / 0 bytes   sessions 0
up 0 pkts / 0 bytes   down 0 pkts / 0 bytes   sessions 0
up 0 pkts / 0 bytes   down 0 pkts / 0 bytes   sessions 0
up 0 pkts / 0 bytes   down 0 pkts / 0 bytes   sessions 0
up 0 pkts / 0 bytes   down 0 pkts / 0 bytes   sessions 0
up 0 pkts / 0 bytes   down 0 pkts / 0 bytes   sessions 0
up 0 pkts / 0 bytes   down 0 pkts / 0 bytes   sessions 0
up 0 pkts / 0 bytes   down 0 pkts / 0 bytes   sessions 0
up 0 pkts / 0 bytes   down 0 pkts / 0 bytes   sessions 0
up 0 pkts / 0 bytes   down 0 pkts / 0 bytes   sessions 0
up 0 pkts / 0 bytes   down 0 pkts / 0 bytes   sessions 0
up 0 pkts / 0 bytes   down 0 pkts / 0 bytes   sessions 0
up 0 pkts / 0 bytes   down 0 pkts / 0 bytes   sessions 0
up 0 pkts / 0 bytes   down 0 pkts / 0 bytes   sessions 0
up 0 pkts / 0 bytes   down 0 pkts / 0 bytes   sessions 0
up 0 pkts / 0 bytes   down 0 pkts / 0 bytes   sessions 0
up 0 pkts / 0 bytes   down 0 pkts / 0 bytes   sessions 0
up 0 pkts / 0 bytes   down 0 pkts / 0 bytes   sessions 0
up 0 pkts / 0 bytes   down 0 pkts / 0 bytes   sessions 0
up 0 pkts / 0 bytes   down 0 pkts / 0 bytes   sessions 0
up 0 pkts / 0 bytes   down 0 pkts / 0 bytes   sessions 0
up 0 pkts / 0 bytes   down 0 pkts / 0 bytes   sessions 0
up 0 pkts / 0 bytes   down 0 pkts / 0 bytes   sessions 0
up 0 pkts / 0 bytes   down 0 pkts / 0 bytes   sessions 0
up 0 pkts / 0 bytes   down 0 pkts / 0 bytes   sessions 0
up 0 pkts / 0 bytes   down 0 pkts / 0 bytes   sessions 0
up 0 pkts / 0 bytes   down 0 pkts / 0 bytes   sessions 0
up 0 pkts / 0 bytes   down 0 pkts / 0 bytes   sessions 0
up 0 pkts / 0 bytes   down 0 pkts / 0 bytes   sessions 0
up 0 pkts / 0 bytes   down 0 pkts / 0 bytes   sessions 0
up 0 pkts / 0 bytes   down 0 pkts / 0 bytes   sessions 0
up 0 pkts / 0 bytes   down 0 pkts / 0 bytes   sessions 0
session 127.0.0.1:62468: handshake: EOF
up 0 pkts / 0 bytes   down 0 pkts / 0 bytes   sessions 0
session 192.168.0.4:62479: handshake: EOF
up 0 pkts / 0 bytes   down 0 pkts / 0 bytes   sessions 0
up 0 pkts / 0 bytes   down 0 pkts / 0 bytes   sessions 0
up 0 pkts / 0 bytes   down 0 pkts / 0 bytes   sessions 0
up 0 pkts / 0 bytes   down 0 pkts / 0 bytes   sessions 0
up 0 pkts / 0 bytes   down 0 pkts / 0 bytes   sessions 0
up 0 pkts / 0 bytes   down 0 pkts / 0 bytes   sessions 0
up 0 pkts / 0 bytes   down 0 pkts / 0 bytes   sessions 0
up 0 pkts / 0 bytes   down 0 pkts / 0 bytes   sessions 0
up 0 pkts / 0 bytes   down 0 pkts / 0 bytes   sessions 0
up 0 pkts / 0 bytes   down 0 pkts / 0 bytes   sessions 0
up 0 pkts / 0 bytes   down 0 pkts / 0 bytes   sessions 0
up 0 pkts / 0 bytes   down 0 pkts / 0 bytes   sessions 0
up 0 pkts / 0 bytes   down 0 pkts / 0 bytes   sessions 0
up 0 pkts / 0 bytes   down 0 pkts / 0 bytes   sessions 0
up 0 pkts / 0 bytes   down 0 pkts / 0 bytes   sessions 0
up 0 pkts / 0 bytes   down 0 pkts / 0 bytes   sessions 0
up 0 pkts / 0 bytes   down 0 pkts / 0 bytes   sessions 0
up 0 pkts / 0 bytes   down 0 pkts / 0 bytes   sessions 0
up 0 pkts / 0 bytes   down 0 pkts / 0 bytes   sessions 0
up 0 pkts / 0 bytes   down 0 pkts / 0 bytes   sessions 0
up 0 pkts / 0 bytes   down 0 pkts / 0 bytes   sessions 0
up 0 pkts / 0 bytes   down 0 pkts / 0 bytes   sessions 0
up 0 pkts / 0 bytes   down 0 pkts / 0 bytes   sessions 0
up 0 pkts / 0 bytes   down 0 pkts / 0 bytes   sessions 0
up 0 pkts / 0 bytes   down 0 pkts / 0 bytes   sessions 0
up 0 pkts / 0 bytes   down 0 pkts / 0 bytes   sessions 0
up 0 pkts / 0 bytes   down 0 pkts / 0 bytes   sessions 0
up 0 pkts / 0 bytes   down 0 pkts / 0 bytes   sessions 0
up 0 pkts / 0 bytes   down 0 pkts / 0 bytes   sessions 0
up 0 pkts / 0 bytes   down 0 pkts / 0 bytes   sessions 0
up 0 pkts / 0 bytes   down 0 pkts / 0 bytes   sessions 0
up 0 pkts / 0 bytes   down 0 pkts / 0 bytes   sessions 0
up 0 pkts / 0 bytes   down 0 pkts / 0 bytes   sessions 0
up 0 pkts / 0 bytes   down 0 pkts / 0 bytes   sessions 0
up 0 pkts / 0 bytes   down 0 pkts / 0 bytes   sessions 0
up 0 pkts / 0 bytes   down 0 pkts / 0 bytes   sessions 0
up 0 pkts / 0 bytes   down 0 pkts / 0 bytes   sessions 0
up 0 pkts / 0 bytes   down 0 pkts / 0 bytes   sessions 0
up 0 pkts / 0 bytes   down 0 pkts / 0 bytes   sessions 0
up 0 pkts / 0 bytes   down 0 pkts / 0 bytes   sessions 0
up 0 pkts / 0 bytes   down 0 pkts / 0 bytes   sessions 0
up 0 pkts / 0 bytes   down 0 pkts / 0 bytes   sessions 0
up 0 pkts / 0 bytes   down 0 pkts / 0 bytes   sessions 0
up 0 pkts / 0 bytes   down 0 pkts / 0 bytes   sessions 0
up 0 pkts / 0 bytes   down 0 pkts / 0 bytes   sessions 0
up 0 pkts / 0 bytes   down 0 pkts / 0 bytes   sessions 0
up 0 pkts / 0 bytes   down 0 pkts / 0 bytes   sessions 0
up 0 pkts / 0 bytes   down 0 pkts / 0 bytes   sessions 0
up 0 pkts / 0 bytes   down 0 pkts / 0 bytes   sessions 0
up 0 pkts / 0 bytes   down 0 pkts / 0 bytes   sessions 0
up 0 pkts / 0 bytes   down 0 pkts / 0 bytes   sessions 0
up 0 pkts / 0 bytes   down 0 pkts / 0 bytes   sessions 0
up 0 pkts / 0 bytes   down 0 pkts / 0 bytes   sessions 0
up 0 pkts / 0 bytes   down 0 pkts / 0 bytes   sessions 0
up 0 pkts / 0 bytes   down 0 pkts / 0 bytes   sessions 0
up 0 pkts / 0 bytes   down 0 pkts / 0 bytes   sessions 0
up 0 pkts / 0 bytes   down 0 pkts / 0 bytes   sessions 0
up 0 pkts / 0 bytes   down 0 pkts / 0 bytes   sessions 0
up 0 pkts / 0 bytes   down 0 pkts / 0 bytes   sessions 0
up 0 pkts / 0 bytes   down 0 pkts / 0 bytes   sessions 0
up 0 pkts / 0 bytes   down 0 pkts / 0 bytes   sessions 0
up 0 pkts / 0 bytes   down 0 pkts / 0 bytes   sessions 0
up 0 pkts / 0 bytes   down 0 pkts / 0 bytes   sessions 0
up 0 pkts / 0 bytes   down 0 pkts / 0 bytes   sessions 0
up 0 pkts / 0 bytes   down 0 pkts / 0 bytes   sessions 0
up 0 pkts / 0 bytes   down 0 pkts / 0 bytes   sessions 0
up 0 pkts / 0 bytes   down 0 pkts / 0 bytes   sessions 0
up 0 pkts / 0 bytes   down 0 pkts / 0 bytes   sessions 0
up 0 pkts / 0 bytes   down 0 pkts / 0 bytes   sessions 0
up 0 pkts / 0 bytes   down 0 pkts / 0 bytes   sessions 0
up 0 pkts / 0 bytes   down 0 pkts / 0 bytes   sessions 0
up 0 pkts / 0 bytes   down 0 pkts / 0 bytes   sessions 0
up 0 pkts / 0 bytes   down 0 pkts / 0 bytes   sessions 0
up 0 pkts / 0 bytes   down 0 pkts / 0 bytes   sessions 0
up 0 pkts / 0 bytes   down 0 pkts / 0 bytes   sessions 0
up 0 pkts / 0 bytes   down 0 pkts / 0 bytes   sessions 0
up 0 pkts / 0 bytes   down 0 pkts / 0 bytes   sessions 0
up 0 pkts / 0 bytes   down 0 pkts / 0 bytes   sessions 0
up 0 pkts / 0 bytes   down 0 pkts / 0 bytes   sessions 0
up 0 pkts / 0 bytes   down 0 pkts / 0 bytes   sessions 0
up 0 pkts / 0 bytes   down 0 pkts / 0 bytes   sessions 0
up 0 pkts / 0 bytes   down 0 pkts / 0 bytes   sessions 0
up 0 pkts / 0 bytes   down 0 pkts / 0 bytes   sessions 0
up 0 pkts / 0 bytes   down 0 pkts / 0 bytes   sessions 0
up 0 pkts / 0 bytes   down 0 pkts / 0 bytes   sessions 0
up 0 pkts / 0 bytes   down 0 pkts / 0 bytes   sessions 0
up 0 pkts / 0 bytes   down 0 pkts / 0 bytes   sessions 0
up 0 pkts / 0 bytes   down 0 pkts / 0 bytes   sessions 0
up 0 pkts / 0 bytes   down 0 pkts / 0 bytes   sessions 0
up 0 pkts / 0 bytes   down 0 pkts / 0 bytes   sessions 0
up 0 pkts / 0 bytes   down 0 pkts / 0 bytes   sessions 0
up 0 pkts / 0 bytes   down 0 pkts / 0 bytes   sessions 0
up 0 pkts / 0 bytes   down 0 pkts / 0 bytes   sessions 0
up 0 pkts / 0 bytes   down 0 pkts / 0 bytes   sessions 0
up 0 pkts / 0 bytes   down 0 pkts / 0 bytes   sessions 0
up 0 pkts / 0 bytes   down 0 pkts / 0 bytes   sessions 0
up 0 pkts / 0 bytes   down 0 pkts / 0 bytes   sessions 0
up 0 pkts / 0 bytes   down 0 pkts / 0 bytes   sessions 0
up 0 pkts / 0 bytes   down 0 pkts / 0 bytes   sessions 0
up 0 pkts / 0 bytes   down 0 pkts / 0 bytes   sessions 0
up 0 pkts / 0 bytes   down 0 pkts / 0 bytes   sessions 0
up 0 pkts / 0 bytes   down 0 pkts / 0 bytes   sessions 0
up 0 pkts / 0 bytes   down 0 pkts / 0 bytes   sessions 0
up 0 pkts / 0 bytes   down 0 pkts / 0 bytes   sessions 0
up 0 pkts / 0 bytes   down 0 pkts / 0 bytes   sessions 0
up 0 pkts / 0 bytes   down 0 pkts / 0 bytes   sessions 0
up 0 pkts / 0 bytes   down 0 pkts / 0 bytes   sessions 0
up 0 pkts / 0 bytes   down 0 pkts / 0 bytes   sessions 0
up 0 pkts / 0 bytes   down 0 pkts / 0 bytes   sessions 0
up 0 pkts / 0 bytes   down 0 pkts / 0 bytes   sessions 0
up 0 pkts / 0 bytes   down 0 pkts / 0 bytes   sessions 0
up 0 pkts / 0 bytes   down 0 pkts / 0 bytes   sessions 0
up 0 pkts / 0 bytes   down 0 pkts / 0 bytes   sessions 0
up 0 pkts / 0 bytes   down 0 pkts / 0 bytes   sessions 0
up 0 pkts / 0 bytes   down 0 pkts / 0 bytes   sessions 0
up 0 pkts / 0 bytes   down 0 pkts / 0 bytes   sessions 0
up 0 pkts / 0 bytes   down 0 pkts / 0 bytes   sessions 0
up 0 pkts / 0 bytes   down 0 pkts / 0 bytes   sessions 0
up 0 pkts / 0 bytes   down 0 pkts / 0 bytes   sessions 0
up 0 pkts / 0 bytes   down 0 pkts / 0 bytes   sessions 0
up 0 pkts / 0 bytes   down 0 pkts / 0 bytes   sessions 0
up 0 pkts / 0 bytes   down 0 pkts / 0 bytes   sessions 0
up 0 pkts / 0 bytes   down 0 pkts / 0 bytes   sessions 0
up 0 pkts / 0 bytes   down 0 pkts / 0 bytes   sessions 0
up 0 pkts / 0 bytes   down 0 pkts / 0 bytes   sessions 0
up 0 pkts / 0 bytes   down 0 pkts / 0 bytes   sessions 0
up 0 pkts / 0 bytes   down 0 pkts / 0 bytes   sessions 0
up 0 pkts / 0 bytes   down 0 pkts / 0 bytes   sessions 0
up 0 pkts / 0 bytes   down 0 pkts / 0 bytes   sessions 0
up 0 pkts / 0 bytes   down 0 pkts / 0 bytes   sessions 0
up 0 pkts / 0 bytes   down 0 pkts / 0 bytes   sessions 0
up 0 pkts / 0 bytes   down 0 pkts / 0 bytes   sessions 0
up 0 pkts / 0 bytes   down 0 pkts / 0 bytes   sessions 0
up 0 pkts / 0 bytes   down 0 pkts / 0 bytes   sessions 0
up 0 pkts / 0 bytes   down 0 pkts / 0 bytes   sessions 0
up 0 pkts / 0 bytes   down 0 pkts / 0 bytes   sessions 0
up 0 pkts / 0 bytes   down 0 pkts / 0 bytes   sessions 0
up 0 pkts / 0 bytes   down 0 pkts / 0 bytes   sessions 0
up 0 pkts / 0 bytes   down 0 pkts / 0 bytes   sessions 0
up 0 pkts / 0 bytes   down 0 pkts / 0 bytes   sessions 0
up 0 pkts / 0 bytes   down 0 pkts / 0 bytes   sessions 0
up 0 pkts / 0 bytes   down 0 pkts / 0 bytes   sessions 0
up 0 pkts / 0 bytes   down 0 pkts / 0 bytes   sessions 0
up 0 pkts / 0 bytes   down 0 pkts / 0 bytes   sessions 0
up 0 pkts / 0 bytes   down 0 pkts / 0 bytes   sessions 0
up 0 pkts / 0 bytes   down 0 pkts / 0 bytes   sessions 0
up 0 pkts / 0 bytes   down 0 pkts / 0 bytes   sessions 0
up 0 pkts / 0 bytes   down 0 pkts / 0 bytes   sessions 0
up 0 pkts / 0 bytes   down 0 pkts / 0 bytes   sessions 0
up 0 pkts / 0 bytes   down 0 pkts / 0 bytes   sessions 0
up 0 pkts / 0 bytes   down 0 pkts / 0 bytes   sessions 0
up 0 pkts / 0 bytes   down 0 pkts / 0 bytes   sessions 0
up 0 pkts / 0 bytes   down 0 pkts / 0 bytes   sessions 0
up 0 pkts / 0 bytes   down 0 pkts / 0 bytes   sessions 0
session 127.0.0.1:51672: egress 192.168.0.4:0, advertise 10.0.2.2:26780
up: 1200 bytes to 162.159.198.2:443
up: 1200 bytes to 162.159.198.2:443
down: 94 bytes from 162.159.198.2:443
down: 94 bytes from 162.159.198.2:443
up: 1200 bytes to 162.159.198.2:443
up: 1200 bytes to 162.159.198.2:443
down: 1200 bytes from 162.159.198.2:443
down: 1200 bytes from 162.159.198.2:443
up 16 pkts / 8446 bytes   down 18 pkts / 5417 bytes   sessions 1
up 19 pkts / 8657 bytes   down 23 pkts / 5625 bytes   sessions 1
up 19 pkts / 8657 bytes   down 23 pkts / 5625 bytes   sessions 1
up 21 pkts / 8785 bytes   down 25 pkts / 5711 bytes   sessions 1
up 21 pkts / 8785 bytes   down 25 pkts / 5711 bytes   sessions 1
up 23 pkts / 8913 bytes   down 27 pkts / 5797 bytes   sessions 1
up 27 pkts / 9169 bytes   down 31 pkts / 5969 bytes   sessions 1
up 29 pkts / 9297 bytes   down 33 pkts / 6055 bytes   sessions 1
up 31 pkts / 9654 bytes   down 35 pkts / 6141 bytes   sessions 1
up 35 pkts / 10139 bytes   down 39 pkts / 6313 bytes   sessions 1
up 35 pkts / 10139 bytes   down 39 pkts / 6313 bytes   sessions 1
up 37 pkts / 10862 bytes   down 41 pkts / 6399 bytes   sessions 1
up 42 pkts / 11263 bytes   down 45 pkts / 6571 bytes   sessions 1
up 47 pkts / 11747 bytes   down 51 pkts / 6789 bytes   sessions 1
up 51 pkts / 12026 bytes   down 55 pkts / 7028 bytes   sessions 1
up 51 pkts / 12026 bytes   down 55 pkts / 7028 bytes   sessions 1
up 52 pkts / 12180 bytes   down 56 pkts / 7051 bytes   sessions 1
up 52 pkts / 12180 bytes   down 56 pkts / 7051 bytes   sessions 1
up 53 pkts / 12420 bytes   down 57 pkts / 7074 bytes   sessions 1
up 54 pkts / 12648 bytes   down 58 pkts / 7097 bytes   sessions 1
up 54 pkts / 12648 bytes   down 58 pkts / 7097 bytes   sessions 1
up 58 pkts / 12938 bytes   down 62 pkts / 7426 bytes   sessions 1
up 62 pkts / 13228 bytes   down 66 pkts / 7725 bytes   sessions 1
up 62 pkts / 13228 bytes   down 66 pkts / 7725 bytes   sessions 1
up 63 pkts / 13381 bytes   down 67 pkts / 7748 bytes   sessions 1
up 64 pkts / 13609 bytes   down 68 pkts / 7771 bytes   sessions 1
up 64 pkts / 13609 bytes   down 68 pkts / 7771 bytes   sessions 1
up 66 pkts / 13738 bytes   down 70 pkts / 7857 bytes   sessions 1
up 68 pkts / 14096 bytes   down 72 pkts / 7943 bytes   sessions 1
up 70 pkts / 14454 bytes   down 74 pkts / 8029 bytes   sessions 1
up 72 pkts / 14583 bytes   down 76 pkts / 8115 bytes   sessions 1
up 73 pkts / 14811 bytes   down 77 pkts / 8139 bytes   sessions 1
up 74 pkts / 15039 bytes   down 78 pkts / 8163 bytes   sessions 1
up 75 pkts / 15210 bytes   down 79 pkts / 8187 bytes   sessions 1
up 76 pkts / 15363 bytes   down 80 pkts / 8211 bytes   sessions 1
up 77 pkts / 15591 bytes   down 81 pkts / 8235 bytes   sessions 1
up 79 pkts / 15720 bytes   down 83 pkts / 8322 bytes   sessions 1
up 79 pkts / 15720 bytes   down 83 pkts / 8322 bytes   sessions 1
up 79 pkts / 15720 bytes   down 83 pkts / 8322 bytes   sessions 1
up 79 pkts / 15720 bytes   down 83 pkts / 8322 bytes   sessions 1
up 79 pkts / 15720 bytes   down 83 pkts / 8322 bytes   sessions 1
up 80 pkts / 15874 bytes   down 84 pkts / 8346 bytes   sessions 1
up 91 pkts / 16548 bytes   down 95 pkts / 8943 bytes   sessions 1
up 95 pkts / 16951 bytes   down 99 pkts / 9137 bytes   sessions 1
up 97 pkts / 17080 bytes   down 101 pkts / 9224 bytes   sessions 1
up 104 pkts / 17536 bytes   down 108 pkts / 9714 bytes   sessions 1
up 108 pkts / 17817 bytes   down 112 pkts / 10004 bytes   sessions 1
up 108 pkts / 17817 bytes   down 112 pkts / 10004 bytes   sessions 1
up 112 pkts / 18114 bytes   down 116 pkts / 10198 bytes   sessions 1
up 116 pkts / 18411 bytes   down 120 pkts / 10512 bytes   sessions 1
up 117 pkts / 18565 bytes   down 121 pkts / 10536 bytes   sessions 1
up 122 pkts / 18889 bytes   down 126 pkts / 10793 bytes   sessions 1
up 123 pkts / 19117 bytes   down 127 pkts / 10817 bytes   sessions 1
up 125 pkts / 19475 bytes   down 129 pkts / 10904 bytes   sessions 1
up 127 pkts / 19833 bytes   down 131 pkts / 10991 bytes   sessions 1
up 127 pkts / 19833 bytes   down 131 pkts / 10991 bytes   sessions 1
up 129 pkts / 19962 bytes   down 133 pkts / 11078 bytes   sessions 1
up 130 pkts / 20116 bytes   down 134 pkts / 11102 bytes   sessions 1
up 131 pkts / 20344 bytes   down 135 pkts / 11126 bytes   sessions 1
up 135 pkts / 20625 bytes   down 139 pkts / 11367 bytes   sessions 1
up 146 pkts / 21299 bytes   down 150 pkts / 11964 bytes   sessions 1
up 153 pkts / 21766 bytes   down 157 pkts / 12435 bytes   sessions 1
up 162 pkts / 22268 bytes   down 166 pkts / 12898 bytes   sessions 1
up 167 pkts / 22572 bytes   down 171 pkts / 13157 bytes   sessions 1
up 168 pkts / 22675 bytes   down 172 pkts / 13181 bytes   sessions 1
up 179 pkts / 23400 bytes   down 183 pkts / 13778 bytes   sessions 1
up 186 pkts / 23978 bytes   down 190 pkts / 14142 bytes   sessions 1
up 187 pkts / 24081 bytes   down 191 pkts / 14166 bytes   sessions 1
up 193 pkts / 24394 bytes   down 197 pkts / 14503 bytes   sessions 1
up 193 pkts / 24394 bytes   down 197 pkts / 14503 bytes   sessions 1
up 193 pkts / 24394 bytes   down 197 pkts / 14503 bytes   sessions 1
up 196 pkts / 24569 bytes   down 200 pkts / 14673 bytes   sessions 1
up 197 pkts / 24740 bytes   down 201 pkts / 14697 bytes   sessions 1
up 198 pkts / 24894 bytes   down 202 pkts / 14721 bytes   sessions 1
up 202 pkts / 25172 bytes   down 206 pkts / 14915 bytes   sessions 1
up 205 pkts / 25347 bytes   down 209 pkts / 15065 bytes   sessions 1
up 207 pkts / 25476 bytes   down 211 pkts / 15152 bytes   sessions 1
up 209 pkts / 25605 bytes   down 213 pkts / 15239 bytes   sessions 1
up 210 pkts / 25833 bytes   down 214 pkts / 15263 bytes   sessions 1
up 211 pkts / 25987 bytes   down 215 pkts / 15287 bytes   sessions 1
up 212 pkts / 26215 bytes   down 216 pkts / 15311 bytes   sessions 1
up 223 pkts / 26889 bytes   down 227 pkts / 15908 bytes   sessions 1
up 230 pkts / 27345 bytes   down 234 pkts / 16368 bytes   sessions 1
up 234 pkts / 27642 bytes   down 238 pkts / 16682 bytes   sessions 1
up 243 pkts / 28180 bytes   down 246 pkts / 17200 bytes   sessions 1
up 247 pkts / 28477 bytes   down 250 pkts / 17544 bytes   sessions 1
up 249 pkts / 28606 bytes   down 252 pkts / 17631 bytes   sessions 1
up 259 pkts / 29234 bytes   down 262 pkts / 18165 bytes   sessions 1
up 269 pkts / 29865 bytes   down 273 pkts / 18672 bytes   sessions 1
up 270 pkts / 30093 bytes   down 274 pkts / 18698 bytes   sessions 1
up 284 pkts / 30942 bytes   down 288 pkts / 19469 bytes   sessions 1
up 292 pkts / 31441 bytes   down 296 pkts / 19896 bytes   sessions 1
up 293 pkts / 31595 bytes   down 297 pkts / 19920 bytes   sessions 1
up 301 pkts / 32303 bytes   down 305 pkts / 20347 bytes   sessions 1
up 301 pkts / 32303 bytes   down 305 pkts / 20347 bytes   sessions 1
up 303 pkts / 32661 bytes   down 307 pkts / 20434 bytes   sessions 1
up 310 pkts / 33114 bytes   down 314 pkts / 20798 bytes   sessions 1
up 312 pkts / 33388 bytes   down 316 pkts / 20885 bytes   sessions 1
up 314 pkts / 33831 bytes   down 318 pkts / 20972 bytes   sessions 1
up 318 pkts / 34112 bytes   down 322 pkts / 21213 bytes   sessions 1
up 320 pkts / 34555 bytes   down 324 pkts / 21300 bytes   sessions 1
up 333 pkts / 35310 bytes   down 337 pkts / 21951 bytes   sessions 1
up 340 pkts / 35777 bytes   down 344 pkts / 22422 bytes   sessions 1
up 344 pkts / 36069 bytes   down 348 pkts / 22753 bytes   sessions 1
session 127.0.0.1:51672 ended: EOF
up 348 pkts / 36398 bytes   down 352 pkts / 22947 bytes   sessions 0
up 348 pkts / 36398 bytes   down 352 pkts / 22947 bytes   sessions 0
up 348 pkts / 36398 bytes   down 352 pkts / 22947 bytes   sessions 0
up 348 pkts / 36398 bytes   down 352 pkts / 22947 bytes   sessions 0
up 348 pkts / 36398 bytes   down 352 pkts / 22947 bytes   sessions 0
up 348 pkts / 36398 bytes   down 352 pkts / 22947 bytes   sessions 0
up 348 pkts / 36398 bytes   down 352 pkts / 22947 bytes   sessions 0
up 348 pkts / 36398 bytes   down 352 pkts / 22947 bytes   sessions 0
up 348 pkts / 36398 bytes   down 352 pkts / 22947 bytes   sessions 0
up 348 pkts / 36398 bytes   down 352 pkts / 22947 bytes   sessions 0
up 348 pkts / 36398 bytes   down 352 pkts / 22947 bytes   sessions 0
up 348 pkts / 36398 bytes   down 352 pkts / 22947 bytes   sessions 0
up 348 pkts / 36398 bytes   down 352 pkts / 22947 bytes   sessions 0
up 348 pkts / 36398 bytes   down 352 pkts / 22947 bytes   sessions 0
up 348 pkts / 36398 bytes   down 352 pkts / 22947 bytes   sessions 0
up 348 pkts / 36398 bytes   down 352 pkts / 22947 bytes   sessions 0
up 348 pkts / 36398 bytes   down 352 pkts / 22947 bytes   sessions 0
up 348 pkts / 36398 bytes   down 352 pkts / 22947 bytes   sessions 0
up 348 pkts / 36398 bytes   down 352 pkts / 22947 bytes   sessions 0
up 348 pkts / 36398 bytes   down 352 pkts / 22947 bytes   sessions 0
up 348 pkts / 36398 bytes   down 352 pkts / 22947 bytes   sessions 0
up 348 pkts / 36398 bytes   down 352 pkts / 22947 bytes   sessions 0
up 348 pkts / 36398 bytes   down 352 pkts / 22947 bytes   sessions 0
up 348 pkts / 36398 bytes   down 352 pkts / 22947 bytes   sessions 0
up 348 pkts / 36398 bytes   down 352 pkts / 22947 bytes   sessions 0
up 348 pkts / 36398 bytes   down 352 pkts / 22947 bytes   sessions 0
up 348 pkts / 36398 bytes   down 352 pkts / 22947 bytes   sessions 0
up 348 pkts / 36398 bytes   down 352 pkts / 22947 bytes   sessions 0
up 348 pkts / 36398 bytes   down 352 pkts / 22947 bytes   sessions 0
up 348 pkts / 36398 bytes   down 352 pkts / 22947 bytes   sessions 0
up 348 pkts / 36398 bytes   down 352 pkts / 22947 bytes   sessions 0
up 348 pkts / 36398 bytes   down 352 pkts / 22947 bytes   sessions 0
up 348 pkts / 36398 bytes   down 352 pkts / 22947 bytes   sessions 0
up 348 pkts / 36398 bytes   down 352 pkts / 22947 bytes   sessions 0
up 348 pkts / 36398 bytes   down 352 pkts / 22947 bytes   sessions 0
up 348 pkts / 36398 bytes   down 352 pkts / 22947 bytes   sessions 0
up 348 pkts / 36398 bytes   down 352 pkts / 22947 bytes   sessions 0
up 348 pkts / 36398 bytes   down 352 pkts / 22947 bytes   sessions 0
up 348 pkts / 36398 bytes   down 352 pkts / 22947 bytes   sessions 0
up 348 pkts / 36398 bytes   down 352 pkts / 22947 bytes   sessions 0
up 348 pkts / 36398 bytes   down 352 pkts / 22947 bytes   sessions 0
up 348 pkts / 36398 bytes   down 352 pkts / 22947 bytes   sessions 0
up 348 pkts / 36398 bytes   down 352 pkts / 22947 bytes   sessions 0
up 348 pkts / 36398 bytes   down 352 pkts / 22947 bytes   sessions 0
up 348 pkts / 36398 bytes   down 352 pkts / 22947 bytes   sessions 0
up 348 pkts / 36398 bytes   down 352 pkts / 22947 bytes   sessions 0
up 348 pkts / 36398 bytes   down 352 pkts / 22947 bytes   sessions 0
up 348 pkts / 36398 bytes   down 352 pkts / 22947 bytes   sessions 0
up 348 pkts / 36398 bytes   down 352 pkts / 22947 bytes   sessions 0
up 348 pkts / 36398 bytes   down 352 pkts / 22947 bytes   sessions 0
up 348 pkts / 36398 bytes   down 352 pkts / 22947 bytes   sessions 0
up 348 pkts / 36398 bytes   down 352 pkts / 22947 bytes   sessions 0
up 348 pkts / 36398 bytes   down 352 pkts / 22947 bytes   sessions 0
up 348 pkts / 36398 bytes   down 352 pkts / 22947 bytes   sessions 0
up 348 pkts / 36398 bytes   down 352 pkts / 22947 bytes   sessions 0
up 348 pkts / 36398 bytes   down 352 pkts / 22947 bytes   sessions 0
up 348 pkts / 36398 bytes   down 352 pkts / 22947 bytes   sessions 0
up 348 pkts / 36398 bytes   down 352 pkts / 22947 bytes   sessions 0
up 348 pkts / 36398 bytes   down 352 pkts / 22947 bytes   sessions 0
up 348 pkts / 36398 bytes   down 352 pkts / 22947 bytes   sessions 0
up 348 pkts / 36398 bytes   down 352 pkts / 22947 bytes   sessions 0
up 348 pkts / 36398 bytes   down 352 pkts / 22947 bytes   sessions 0
up 348 pkts / 36398 bytes   down 352 pkts / 22947 bytes   sessions 0
up 348 pkts / 36398 bytes   down 352 pkts / 22947 bytes   sessions 0
session 127.0.0.1:65392: egress 192.168.0.4:0, advertise 10.0.2.2:45966
up 368 pkts / 45084 bytes   down 373 pkts / 28517 bytes   sessions 1
up 368 pkts / 45084 bytes   down 373 pkts / 28517 bytes   sessions 1
up 368 pkts / 45084 bytes   down 373 pkts / 28517 bytes   sessions 1
up 372 pkts / 45340 bytes   down 377 pkts / 28689 bytes   sessions 1
up 374 pkts / 45798 bytes   down 379 pkts / 28775 bytes   sessions 1
up 376 pkts / 46096 bytes   down 381 pkts / 28861 bytes   sessions 1
up 380 pkts / 46682 bytes   down 385 pkts / 29033 bytes   sessions 1
up 382 pkts / 46875 bytes   down 387 pkts / 29119 bytes   sessions 1
up 384 pkts / 47068 bytes   down 389 pkts / 29205 bytes   sessions 1
up 386 pkts / 47196 bytes   down 391 pkts / 29291 bytes   sessions 1
up 387 pkts / 47324 bytes   down 392 pkts / 29314 bytes   sessions 1
up 390 pkts / 47580 bytes   down 395 pkts / 29423 bytes   sessions 1
up 397 pkts / 48188 bytes   down 402 pkts / 29704 bytes   sessions 1
up 400 pkts / 48424 bytes   down 405 pkts / 29777 bytes   sessions 1
up 401 pkts / 48552 bytes   down 406 pkts / 29802 bytes   sessions 1
up 403 pkts / 48680 bytes   down 408 pkts / 29890 bytes   sessions 1
up 404 pkts / 48808 bytes   down 409 pkts / 29913 bytes   sessions 1
up 406 pkts / 48936 bytes   down 411 pkts / 29999 bytes   sessions 1
up 407 pkts / 49064 bytes   down 412 pkts / 30022 bytes   sessions 1
up 409 pkts / 49192 bytes   down 414 pkts / 30108 bytes   sessions 1
up 411 pkts / 49320 bytes   down 416 pkts / 30194 bytes   sessions 1
up 412 pkts / 49448 bytes   down 417 pkts / 30217 bytes   sessions 1
up 413 pkts / 49576 bytes   down 418 pkts / 30240 bytes   sessions 1
up 414 pkts / 49707 bytes   down 419 pkts / 30263 bytes   sessions 1
up 415 pkts / 49835 bytes   down 420 pkts / 30286 bytes   sessions 1
up 416 pkts / 49989 bytes   down 421 pkts / 30309 bytes   sessions 1
up 417 pkts / 50117 bytes   down 422 pkts / 30332 bytes   sessions 1
up 418 pkts / 50245 bytes   down 423 pkts / 30356 bytes   sessions 1
up 420 pkts / 50704 bytes   down 425 pkts / 30443 bytes   sessions 1
up 422 pkts / 51163 bytes   down 427 pkts / 30530 bytes   sessions 1
up 424 pkts / 51462 bytes   down 429 pkts / 30617 bytes   sessions 1
up 426 pkts / 51656 bytes   down 431 pkts / 30704 bytes   sessions 1
up 428 pkts / 51850 bytes   down 433 pkts / 30791 bytes   sessions 1
up 429 pkts / 51978 bytes   down 434 pkts / 30815 bytes   sessions 1
up 430 pkts / 52109 bytes   down 435 pkts / 30839 bytes   sessions 1
up 431 pkts / 52240 bytes   down 436 pkts / 30863 bytes   sessions 1
up 432 pkts / 52385 bytes   down 437 pkts / 30887 bytes   sessions 1
up 433 pkts / 52530 bytes   down 438 pkts / 30911 bytes   sessions 1
up 434 pkts / 52661 bytes   down 439 pkts / 30935 bytes   sessions 1
up 435 pkts / 52792 bytes   down 440 pkts / 30959 bytes   sessions 1
up 436 pkts / 53016 bytes   down 441 pkts / 30983 bytes   sessions 1
up 436 pkts / 53016 bytes   down 441 pkts / 30983 bytes   sessions 1
up 436 pkts / 53016 bytes   down 441 pkts / 30983 bytes   sessions 1
up 438 pkts / 53733 bytes   down 443 pkts / 31070 bytes   sessions 1
up 439 pkts / 53864 bytes   down 444 pkts / 31094 bytes   sessions 1
up 440 pkts / 53995 bytes   down 445 pkts / 31118 bytes   sessions 1
up 440 pkts / 53995 bytes   down 445 pkts / 31118 bytes   sessions 1
up 442 pkts / 54712 bytes   down 447 pkts / 31205 bytes   sessions 1
up 443 pkts / 54843 bytes   down 448 pkts / 31229 bytes   sessions 1
up 444 pkts / 54996 bytes   down 449 pkts / 31253 bytes   sessions 1
up 444 pkts / 54996 bytes   down 449 pkts / 31253 bytes   sessions 1
up 446 pkts / 55458 bytes   down 451 pkts / 31340 bytes   sessions 1
up 447 pkts / 55589 bytes   down 452 pkts / 31364 bytes   sessions 1
up 447 pkts / 55589 bytes   down 452 pkts / 31364 bytes   sessions 1
up 448 pkts / 55720 bytes   down 453 pkts / 31388 bytes   sessions 1
up 448 pkts / 55720 bytes   down 453 pkts / 31388 bytes   sessions 1
up 450 pkts / 56182 bytes   down 455 pkts / 31475 bytes   sessions 1
up 451 pkts / 56313 bytes   down 456 pkts / 31499 bytes   sessions 1
up 452 pkts / 56444 bytes   down 457 pkts / 31523 bytes   sessions 1
up 453 pkts / 56575 bytes   down 458 pkts / 31547 bytes   sessions 1
up 454 pkts / 56706 bytes   down 459 pkts / 31571 bytes   sessions 1
up 455 pkts / 56837 bytes   down 460 pkts / 31595 bytes   sessions 1
up 456 pkts / 56968 bytes   down 461 pkts / 31619 bytes   sessions 1
up 457 pkts / 57113 bytes   down 462 pkts / 31643 bytes   sessions 1
up 458 pkts / 57258 bytes   down 463 pkts / 31667 bytes   sessions 1
up 460 pkts / 57557 bytes   down 465 pkts / 31754 bytes   sessions 1
up 462 pkts / 58016 bytes   down 467 pkts / 31841 bytes   sessions 1
up 464 pkts / 58475 bytes   down 469 pkts / 31928 bytes   sessions 1
up 465 pkts / 58603 bytes   down 470 pkts / 31952 bytes   sessions 1
up 466 pkts / 59768 bytes   down 471 pkts / 31976 bytes   sessions 1
up 470 pkts / 60060 bytes   down 475 pkts / 32307 bytes   sessions 1
up 471 pkts / 60233 bytes   down 476 pkts / 32331 bytes   sessions 1
up 475 pkts / 60525 bytes   down 480 pkts / 32632 bytes   sessions 1
up 476 pkts / 60656 bytes   down 481 pkts / 32656 bytes   sessions 1
up 483 pkts / 61109 bytes   down 488 pkts / 33020 bytes   sessions 1
up 491 pkts / 61636 bytes   down 496 pkts / 33447 bytes   sessions 1
up 492 pkts / 61767 bytes   down 497 pkts / 33471 bytes   sessions 1
up 497 pkts / 62136 bytes   down 502 pkts / 33728 bytes   sessions 1
up 498 pkts / 62267 bytes   down 503 pkts / 33752 bytes   sessions 1
up 499 pkts / 62398 bytes   down 504 pkts / 33776 bytes   sessions 1
up 502 pkts / 62573 bytes   down 507 pkts / 33946 bytes   sessions 1
up 504 pkts / 62767 bytes   down 509 pkts / 34033 bytes   sessions 1
up 505 pkts / 62898 bytes   down 510 pkts / 34057 bytes   sessions 1
up 506 pkts / 63026 bytes   down 511 pkts / 34081 bytes   sessions 1
up 507 pkts / 64165 bytes   down 512 pkts / 34105 bytes   sessions 1
up 507 pkts / 64165 bytes   down 512 pkts / 34105 bytes   sessions 1
up 508 pkts / 64342 bytes   down 513 pkts / 34129 bytes   sessions 1
up 508 pkts / 64342 bytes   down 513 pkts / 34129 bytes   sessions 1
up 509 pkts / 64473 bytes   down 514 pkts / 34153 bytes   sessions 1
up 510 pkts / 64697 bytes   down 515 pkts / 34177 bytes   sessions 1
up 511 pkts / 64828 bytes   down 516 pkts / 34201 bytes   sessions 1
up 511 pkts / 64828 bytes   down 516 pkts / 34201 bytes   sessions 1
up 512 pkts / 64959 bytes   down 517 pkts / 34225 bytes   sessions 1
up 512 pkts / 64959 bytes   down 517 pkts / 34225 bytes   sessions 1
up 513 pkts / 65090 bytes   down 518 pkts / 34249 bytes   sessions 1
up 514 pkts / 65971 bytes   down 519 pkts / 34273 bytes   sessions 1
up 515 pkts / 66102 bytes   down 520 pkts / 34297 bytes   sessions 1
up 516 pkts / 66233 bytes   down 521 pkts / 34321 bytes   sessions 1
up 516 pkts / 66233 bytes   down 521 pkts / 34321 bytes   sessions 1
up 517 pkts / 66364 bytes   down 522 pkts / 34345 bytes   sessions 1
up 518 pkts / 66592 bytes   down 523 pkts / 34369 bytes   sessions 1
up 519 pkts / 66723 bytes   down 524 pkts / 34393 bytes   sessions 1
up 520 pkts / 67141 bytes   down 525 pkts / 34417 bytes   sessions 1
up 521 pkts / 67272 bytes   down 526 pkts / 34441 bytes   sessions 1
up 525 pkts / 67553 bytes   down 530 pkts / 34761 bytes   sessions 1
up 529 pkts / 67834 bytes   down 534 pkts / 35051 bytes   sessions 1
up 530 pkts / 67965 bytes   down 535 pkts / 35075 bytes   sessions 1
up 531 pkts / 68096 bytes   down 536 pkts / 35099 bytes   sessions 1
up 532 pkts / 68227 bytes   down 537 pkts / 35123 bytes   sessions 1
up 533 pkts / 68477 bytes   down 538 pkts / 35147 bytes   sessions 1
up 534 pkts / 68608 bytes   down 539 pkts / 35171 bytes   sessions 1
up 535 pkts / 68736 bytes   down 540 pkts / 35195 bytes   sessions 1
up 535 pkts / 68736 bytes   down 540 pkts / 35195 bytes   sessions 1
up 536 pkts / 69901 bytes   down 541 pkts / 35219 bytes   sessions 1
up 537 pkts / 70032 bytes   down 542 pkts / 35243 bytes   sessions 1
up 538 pkts / 70163 bytes   down 543 pkts / 35267 bytes   sessions 1
up 539 pkts / 70294 bytes   down 544 pkts / 35291 bytes   sessions 1
up 541 pkts / 70423 bytes   down 546 pkts / 35378 bytes   sessions 1
up 542 pkts / 70526 bytes   down 547 pkts / 35402 bytes   sessions 1
up 549 pkts / 71007 bytes   down 554 pkts / 35766 bytes   sessions 1
up 557 pkts / 71486 bytes   down 561 pkts / 36169 bytes   sessions 1
up 565 pkts / 71985 bytes   down 570 pkts / 36620 bytes   sessions 1
up 573 pkts / 72512 bytes   down 578 pkts / 37047 bytes   sessions 1
up 577 pkts / 72840 bytes   down 582 pkts / 37241 bytes   sessions 1
up 581 pkts / 73335 bytes   down 586 pkts / 37435 bytes   sessions 1
up 585 pkts / 73641 bytes   down 590 pkts / 37629 bytes   sessions 1
up 586 pkts / 73772 bytes   down 591 pkts / 37653 bytes   sessions 1
up 590 pkts / 75086 bytes   down 595 pkts / 37847 bytes   sessions 1
up 590 pkts / 75086 bytes   down 595 pkts / 37847 bytes   sessions 1
up 591 pkts / 75217 bytes   down 596 pkts / 37871 bytes   sessions 1
up 592 pkts / 75441 bytes   down 597 pkts / 37895 bytes   sessions 1
up 593 pkts / 75572 bytes   down 598 pkts / 37919 bytes   sessions 1
up 594 pkts / 76132 bytes   down 599 pkts / 37943 bytes   sessions 1
up 595 pkts / 76263 bytes   down 600 pkts / 37967 bytes   sessions 1
up 596 pkts / 76394 bytes   down 601 pkts / 37991 bytes   sessions 1
up 597 pkts / 76525 bytes   down 602 pkts / 38015 bytes   sessions 1
up 598 pkts / 77354 bytes   down 603 pkts / 38039 bytes   sessions 1
up 599 pkts / 77485 bytes   down 604 pkts / 38063 bytes   sessions 1
up 604 pkts / 77957 bytes   down 609 pkts / 38195 bytes   sessions 1
up 605 pkts / 78088 bytes   down 610 pkts / 38223 bytes   sessions 1
up 606 pkts / 78225 bytes   down 611 pkts / 38251 bytes   sessions 1
up 606 pkts / 78225 bytes   down 611 pkts / 38251 bytes   sessions 1
up 607 pkts / 78501 bytes   down 612 pkts / 38279 bytes   sessions 1
up 608 pkts / 78632 bytes   down 613 pkts / 38307 bytes   sessions 1
up 609 pkts / 78763 bytes   down 614 pkts / 38335 bytes   sessions 1
up 610 pkts / 79181 bytes   down 615 pkts / 38363 bytes   sessions 1
up 612 pkts / 79310 bytes   down 617 pkts / 38454 bytes   sessions 1
up 613 pkts / 79441 bytes   down 618 pkts / 38478 bytes   sessions 1
up 614 pkts / 79572 bytes   down 619 pkts / 38502 bytes   sessions 1
up 615 pkts / 79725 bytes   down 620 pkts / 38526 bytes   sessions 1
up 615 pkts / 79725 bytes   down 620 pkts / 38526 bytes   sessions 1
up 616 pkts / 80049 bytes   down 621 pkts / 38550 bytes   sessions 1
up 617 pkts / 80180 bytes   down 622 pkts / 38574 bytes   sessions 1
up 617 pkts / 80180 bytes   down 622 pkts / 38574 bytes   sessions 1
up 620 pkts / 80393 bytes   down 624 pkts / 38624 bytes   sessions 1
up 621 pkts / 80524 bytes   down 625 pkts / 38650 bytes   sessions 1
up 622 pkts / 80774 bytes   down 626 pkts / 38676 bytes   sessions 1
up 625 pkts / 81132 bytes   down 629 pkts / 38758 bytes   sessions 1
up 625 pkts / 81132 bytes   down 629 pkts / 38758 bytes   sessions 1
up 626 pkts / 81263 bytes   down 630 pkts / 38786 bytes   sessions 1
up 627 pkts / 81394 bytes   down 631 pkts / 38814 bytes   sessions 1
up 628 pkts / 82559 bytes   down 632 pkts / 38842 bytes   sessions 1
up 628 pkts / 82559 bytes   down 632 pkts / 38842 bytes   sessions 1
up 629 pkts / 82690 bytes   down 633 pkts / 38870 bytes   sessions 1
up 630 pkts / 82821 bytes   down 634 pkts / 38898 bytes   sessions 1
up 630 pkts / 82821 bytes   down 634 pkts / 38898 bytes   sessions 1
up 631 pkts / 82952 bytes   down 635 pkts / 38926 bytes   sessions 1
up 632 pkts / 83083 bytes   down 636 pkts / 38954 bytes   sessions 1
up 633 pkts / 83552 bytes   down 637 pkts / 38982 bytes   sessions 1
up 636 pkts / 84057 bytes   down 640 pkts / 39105 bytes   sessions 1
up 638 pkts / 84516 bytes   down 642 pkts / 39192 bytes   sessions 1
up 639 pkts / 84647 bytes   down 643 pkts / 39216 bytes   sessions 1
up 640 pkts / 84967 bytes   down 644 pkts / 39240 bytes   sessions 1
up 641 pkts / 85195 bytes   down 645 pkts / 39264 bytes   sessions 1
up 642 pkts / 85423 bytes   down 646 pkts / 39288 bytes   sessions 1
up 643 pkts / 85554 bytes   down 647 pkts / 39312 bytes   sessions 1
up 645 pkts / 85853 bytes   down 649 pkts / 39399 bytes   sessions 1
up 646 pkts / 86992 bytes   down 650 pkts / 39423 bytes   sessions 1
up 646 pkts / 86992 bytes   down 650 pkts / 39423 bytes   sessions 1
up 647 pkts / 87123 bytes   down 651 pkts / 39447 bytes   sessions 1
up 648 pkts / 87347 bytes   down 652 pkts / 39471 bytes   sessions 1
up 649 pkts / 87478 bytes   down 653 pkts / 39495 bytes   sessions 1
session 127.0.0.1:65392 ended: EOF
up 650 pkts / 87943 bytes   down 654 pkts / 39519 bytes   sessions 0
up 650 pkts / 87943 bytes   down 654 pkts / 39519 bytes   sessions 0
up 650 pkts / 87943 bytes   down 654 pkts / 39519 bytes   sessions 0
up 650 pkts / 87943 bytes   down 654 pkts / 39519 bytes   sessions 0
up 650 pkts / 87943 bytes   down 654 pkts / 39519 bytes   sessions 0
up 650 pkts / 87943 bytes   down 654 pkts / 39519 bytes   sessions 0
up 650 pkts / 87943 bytes   down 654 pkts / 39519 bytes   sessions 0
up 650 pkts / 87943 bytes   down 654 pkts / 39519 bytes   sessions 0
up 650 pkts / 87943 bytes   down 654 pkts / 39519 bytes   sessions 0
up 650 pkts / 87943 bytes   down 654 pkts / 39519 bytes   sessions 0
up 650 pkts / 87943 bytes   down 654 pkts / 39519 bytes   sessions 0
up 650 pkts / 87943 bytes   down 654 pkts / 39519 bytes   sessions 0
up 650 pkts / 87943 bytes   down 654 pkts / 39519 bytes   sessions 0
up 650 pkts / 87943 bytes   down 654 pkts / 39519 bytes   sessions 0
up 650 pkts / 87943 bytes   down 654 pkts / 39519 bytes   sessions 0
up 650 pkts / 87943 bytes   down 654 pkts / 39519 bytes   sessions 0
up 650 pkts / 87943 bytes   down 654 pkts / 39519 bytes   sessions 0
up 650 pkts / 87943 bytes   down 654 pkts / 39519 bytes   sessions 0
up 650 pkts / 87943 bytes   down 654 pkts / 39519 bytes   sessions 0
up 650 pkts / 87943 bytes   down 654 pkts / 39519 bytes   sessions 0
up 650 pkts / 87943 bytes   down 654 pkts / 39519 bytes   sessions 0
up 650 pkts / 87943 bytes   down 654 pkts / 39519 bytes   sessions 0
session 127.0.0.1:39055: egress 192.168.0.4:0, advertise 10.0.2.2:49854
up 670 pkts / 96628 bytes   down 675 pkts / 45020 bytes   sessions 1
up 670 pkts / 96628 bytes   down 675 pkts / 45020 bytes   sessions 1
up 670 pkts / 96628 bytes   down 675 pkts / 45020 bytes   sessions 1
up 672 pkts / 96756 bytes   down 677 pkts / 45106 bytes   sessions 1
up 672 pkts / 96756 bytes   down 677 pkts / 45106 bytes   sessions 1
up 686 pkts / 97626 bytes   down 690 pkts / 45713 bytes   sessions 1
up 694 pkts / 98139 bytes   down 699 pkts / 46100 bytes   sessions 1
up 696 pkts / 98267 bytes   down 701 pkts / 46186 bytes   sessions 1
up 705 pkts / 98862 bytes   down 710 pkts / 46613 bytes   sessions 1
up 708 pkts / 99035 bytes   down 713 pkts / 46722 bytes   sessions 1
up 710 pkts / 99163 bytes   down 715 pkts / 46808 bytes   sessions 1
up 723 pkts / 100041 bytes   down 728 pkts / 47436 bytes   sessions 1
up 729 pkts / 100428 bytes   down 734 pkts / 47697 bytes   sessions 1
up 731 pkts / 100557 bytes   down 736 pkts / 47784 bytes   sessions 1
up 739 pkts / 101056 bytes   down 744 pkts / 48211 bytes   sessions 1
up 745 pkts / 101406 bytes   down 750 pkts / 48551 bytes   sessions 1
up 745 pkts / 101406 bytes   down 750 pkts / 48551 bytes   sessions 1
up 756 pkts / 102080 bytes   down 761 pkts / 49148 bytes   sessions 1
up 764 pkts / 102559 bytes   down 769 pkts / 49575 bytes   sessions 1
up 766 pkts / 102688 bytes   down 771 pkts / 49662 bytes   sessions 1
up 774 pkts / 103167 bytes   down 779 pkts / 50089 bytes   sessions 1
up 777 pkts / 103342 bytes   down 782 pkts / 50204 bytes   sessions 1
up 781 pkts / 103620 bytes   down 786 pkts / 50398 bytes   sessions 1
up 792 pkts / 104294 bytes   down 797 pkts / 50995 bytes   sessions 1
up 801 pkts / 104819 bytes   down 806 pkts / 51485 bytes   sessions 1
up 808 pkts / 105272 bytes   down 813 pkts / 51849 bytes   sessions 1
up 820 pkts / 105972 bytes   down 825 pkts / 52509 bytes   sessions 1
up 822 pkts / 106101 bytes   down 827 pkts / 52596 bytes   sessions 1
up 830 pkts / 106530 bytes   down 836 pkts / 52959 bytes   sessions 1
up 835 pkts / 106834 bytes   down 841 pkts / 53218 bytes   sessions 1
up 835 pkts / 106834 bytes   down 841 pkts / 53218 bytes   sessions 1
up 838 pkts / 107009 bytes   down 844 pkts / 53388 bytes   sessions 1
up 838 pkts / 107009 bytes   down 844 pkts / 53388 bytes   sessions 1
up 838 pkts / 107009 bytes   down 844 pkts / 53388 bytes   sessions 1
up 845 pkts / 107462 bytes   down 851 pkts / 53752 bytes   sessions 1
up 856 pkts / 108136 bytes   down 862 pkts / 54349 bytes   sessions 1
up 859 pkts / 108311 bytes   down 865 pkts / 54499 bytes   sessions 1
up 862 pkts / 108486 bytes   down 868 pkts / 54669 bytes   sessions 1
up 869 pkts / 108939 bytes   down 875 pkts / 55033 bytes   sessions 1
up 883 pkts / 109788 bytes   down 889 pkts / 55800 bytes   sessions 1
up 896 pkts / 110524 bytes   down 902 pkts / 56486 bytes   sessions 1
up 901 pkts / 110828 bytes   down 907 pkts / 56743 bytes   sessions 1
up 911 pkts / 111456 bytes   down 917 pkts / 57277 bytes   sessions 1
up 920 pkts / 111981 bytes   down 926 pkts / 57767 bytes   sessions 1
up 925 pkts / 112285 bytes   down 931 pkts / 58024 bytes   sessions 1
up 933 pkts / 112764 bytes   down 939 pkts / 58451 bytes   sessions 1
up 942 pkts / 113299 bytes   down 948 pkts / 58869 bytes   sessions 1
up 953 pkts / 113976 bytes   down 959 pkts / 59513 bytes   sessions 1
up 963 pkts / 114604 bytes   down 969 pkts / 60047 bytes   sessions 1
up 974 pkts / 115257 bytes   down 981 pkts / 60707 bytes   sessions 1
up 976 pkts / 115386 bytes   down 983 pkts / 60794 bytes   sessions 1
up 981 pkts / 115690 bytes   down 988 pkts / 61051 bytes   sessions 1
up 992 pkts / 116364 bytes   down 999 pkts / 61613 bytes   sessions 1
up 1006 pkts / 117213 bytes   down 1013 pkts / 62380 bytes   sessions 1
up 1020 pkts / 118100 bytes   down 1027 pkts / 63200 bytes   sessions 1
up 1027 pkts / 118558 bytes   down 1034 pkts / 63613 bytes   sessions 1
up 1037 pkts / 119186 bytes   down 1044 pkts / 64147 bytes   sessions 1
up 1048 pkts / 119859 bytes   down 1056 pkts / 64787 bytes   sessions 1
up 1055 pkts / 120313 bytes   down 1063 pkts / 65168 bytes   sessions 1
up 1068 pkts / 121116 bytes   down 1076 pkts / 65872 bytes   sessions 1
up 1082 pkts / 121965 bytes   down 1090 pkts / 66639 bytes   sessions 1
up 1096 pkts / 122814 bytes   down 1104 pkts / 67406 bytes   sessions 1
up 1116 pkts / 124013 bytes   down 1124 pkts / 68513 bytes   sessions 1
up 1128 pkts / 124713 bytes   down 1136 pkts / 69173 bytes   sessions 1
up 1133 pkts / 125017 bytes   down 1141 pkts / 69430 bytes   sessions 1
up 1143 pkts / 125645 bytes   down 1151 pkts / 69964 bytes   sessions 1
up 1154 pkts / 126319 bytes   down 1162 pkts / 70561 bytes   sessions 1
up 1168 pkts / 127168 bytes   down 1176 pkts / 71328 bytes   sessions 1
up 1176 pkts / 127667 bytes   down 1184 pkts / 71755 bytes   sessions 1
up 1181 pkts / 127991 bytes   down 1189 pkts / 72012 bytes   sessions 1
up 1182 pkts / 128094 bytes   down 1190 pkts / 72036 bytes   sessions 1
up 1183 pkts / 128197 bytes   down 1191 pkts / 72060 bytes   sessions 1
up 1187 pkts / 128475 bytes   down 1195 pkts / 72254 bytes   sessions 1
up 1187 pkts / 128475 bytes   down 1195 pkts / 72254 bytes   sessions 1
up 1187 pkts / 128475 bytes   down 1195 pkts / 72254 bytes   sessions 1
up 1187 pkts / 128475 bytes   down 1195 pkts / 72254 bytes   sessions 1
up 1187 pkts / 128475 bytes   down 1195 pkts / 72254 bytes   sessions 1
up 1190 pkts / 128650 bytes   down 1198 pkts / 72452 bytes   sessions 1
up 1191 pkts / 128696 bytes   down 1199 pkts / 72563 bytes   sessions 1
up 1194 pkts / 128871 bytes   down 1202 pkts / 72761 bytes   sessions 1
up 1197 pkts / 129046 bytes   down 1205 pkts / 72959 bytes   sessions 1
up 1197 pkts / 129046 bytes   down 1205 pkts / 72959 bytes   sessions 1
up 1197 pkts / 129046 bytes   down 1205 pkts / 72959 bytes   sessions 1
up 1197 pkts / 129046 bytes   down 1205 pkts / 72959 bytes   sessions 1
up 1197 pkts / 129046 bytes   down 1205 pkts / 72959 bytes   sessions 1
up 1197 pkts / 129046 bytes   down 1205 pkts / 72959 bytes   sessions 1
up 1197 pkts / 129046 bytes   down 1205 pkts / 72959 bytes   sessions 1
up 1197 pkts / 129046 bytes   down 1205 pkts / 72959 bytes   sessions 1
up 1197 pkts / 129046 bytes   down 1205 pkts / 72959 bytes   sessions 1
up 1197 pkts / 129046 bytes   down 1205 pkts / 72959 bytes   sessions 1
up 1197 pkts / 129046 bytes   down 1205 pkts / 72959 bytes   sessions 1
up 1197 pkts / 129046 bytes   down 1205 pkts / 72959 bytes   sessions 1
up 1197 pkts / 129046 bytes   down 1205 pkts / 72959 bytes   sessions 1
up 1197 pkts / 129046 bytes   down 1205 pkts / 72959 bytes   sessions 1
up 1197 pkts / 129046 bytes   down 1205 pkts / 72959 bytes   sessions 1
up 1197 pkts / 129046 bytes   down 1205 pkts / 72959 bytes   sessions 1
up 1197 pkts / 129046 bytes   down 1205 pkts / 72959 bytes   sessions 1
up 1197 pkts / 129046 bytes   down 1205 pkts / 72959 bytes   sessions 1
up 1197 pkts / 129046 bytes   down 1205 pkts / 72959 bytes   sessions 1
up 1197 pkts / 129046 bytes   down 1205 pkts / 72959 bytes   sessions 1
up 1197 pkts / 129046 bytes   down 1205 pkts / 72959 bytes   sessions 1
up 1197 pkts / 129046 bytes   down 1205 pkts / 72959 bytes   sessions 1
up 1197 pkts / 129046 bytes   down 1205 pkts / 72959 bytes   sessions 1
up 1197 pkts / 129046 bytes   down 1205 pkts / 72959 bytes   sessions 1
up 1197 pkts / 129046 bytes   down 1205 pkts / 72959 bytes   sessions 1
up 1197 pkts / 129046 bytes   down 1205 pkts / 72959 bytes   sessions 1
up 1197 pkts / 129046 bytes   down 1205 pkts / 72959 bytes   sessions 1
up 1197 pkts / 129046 bytes   down 1205 pkts / 72959 bytes   sessions 1
up 1197 pkts / 129046 bytes   down 1205 pkts / 72959 bytes   sessions 1
up 1197 pkts / 129046 bytes   down 1205 pkts / 72959 bytes   sessions 1
up 1197 pkts / 129046 bytes   down 1205 pkts / 72959 bytes   sessions 1
up 1197 pkts / 129046 bytes   down 1205 pkts / 72959 bytes   sessions 1
up 1197 pkts / 129046 bytes   down 1205 pkts / 72959 bytes   sessions 1
up 1197 pkts / 129046 bytes   down 1205 pkts / 72959 bytes   sessions 1
up 1197 pkts / 129046 bytes   down 1205 pkts / 72959 bytes   sessions 1
up 1197 pkts / 129046 bytes   down 1205 pkts / 72959 bytes   sessions 1
up 1197 pkts / 129046 bytes   down 1205 pkts / 72959 bytes   sessions 1
up 1197 pkts / 129046 bytes   down 1205 pkts / 72959 bytes   sessions 1
up 1197 pkts / 129046 bytes   down 1205 pkts / 72959 bytes   sessions 1
up 1197 pkts / 129046 bytes   down 1205 pkts / 72959 bytes   sessions 1
up 1197 pkts / 129046 bytes   down 1205 pkts / 72959 bytes   sessions 1
up 1197 pkts / 129046 bytes   down 1205 pkts / 72959 bytes   sessions 1
up 1197 pkts / 129046 bytes   down 1205 pkts / 72959 bytes   sessions 1
up 1197 pkts / 129046 bytes   down 1205 pkts / 72959 bytes   sessions 1
up 1197 pkts / 129046 bytes   down 1205 pkts / 72959 bytes   sessions 1
up 1197 pkts / 129046 bytes   down 1205 pkts / 72959 bytes   sessions 1
up 1197 pkts / 129046 bytes   down 1205 pkts / 72959 bytes   sessions 1
up 1197 pkts / 129046 bytes   down 1205 pkts / 72959 bytes   sessions 1
up 1197 pkts / 129046 bytes   down 1205 pkts / 72959 bytes   sessions 1
up 1197 pkts / 129046 bytes   down 1205 pkts / 72959 bytes   sessions 1
up 1197 pkts / 129046 bytes   down 1205 pkts / 72959 bytes   sessions 1
up 1197 pkts / 129046 bytes   down 1205 pkts / 72959 bytes   sessions 1
up 1197 pkts / 129046 bytes   down 1205 pkts / 72959 bytes   sessions 1
up 1197 pkts / 129046 bytes   down 1205 pkts / 72959 bytes   sessions 1
up 1197 pkts / 129046 bytes   down 1205 pkts / 72959 bytes   sessions 1
up 1197 pkts / 129046 bytes   down 1205 pkts / 72959 bytes   sessions 1
up 1197 pkts / 129046 bytes   down 1205 pkts / 72959 bytes   sessions 1
up 1197 pkts / 129046 bytes   down 1205 pkts / 72959 bytes   sessions 1
up 1197 pkts / 129046 bytes   down 1205 pkts / 72959 bytes   sessions 1
up 1197 pkts / 129046 bytes   down 1205 pkts / 72959 bytes   sessions 1
up 1197 pkts / 129046 bytes   down 1205 pkts / 72959 bytes   sessions 1
up 1197 pkts / 129046 bytes   down 1205 pkts / 72959 bytes   sessions 1
up 1197 pkts / 129046 bytes   down 1205 pkts / 72959 bytes   sessions 1
up 1197 pkts / 129046 bytes   down 1205 pkts / 72959 bytes   sessions 1
up 1197 pkts / 129046 bytes   down 1205 pkts / 72959 bytes   sessions 1
up 1197 pkts / 129046 bytes   down 1205 pkts / 72959 bytes   sessions 1
up 1197 pkts / 129046 bytes   down 1205 pkts / 72959 bytes   sessions 1
up 1197 pkts / 129046 bytes   down 1205 pkts / 72959 bytes   sessions 1
up 1197 pkts / 129046 bytes   down 1205 pkts / 72959 bytes   sessions 1
up 1197 pkts / 129046 bytes   down 1205 pkts / 72959 bytes   sessions 1
up 1197 pkts / 129046 bytes   down 1205 pkts / 72959 bytes   sessions 1
up 1197 pkts / 129046 bytes   down 1205 pkts / 72959 bytes   sessions 1
up 1197 pkts / 129046 bytes   down 1205 pkts / 72959 bytes   sessions 1
up 1197 pkts / 129046 bytes   down 1205 pkts / 72959 bytes   sessions 1
up 1197 pkts / 129046 bytes   down 1205 pkts / 72959 bytes   sessions 1
up 1197 pkts / 129046 bytes   down 1205 pkts / 72959 bytes   sessions 1
session 127.0.0.1:39055 ended: EOF
up 1197 pkts / 129046 bytes   down 1205 pkts / 72959 bytes   sessions 0
up 1197 pkts / 129046 bytes   down 1205 pkts / 72959 bytes   sessions 0
up 1197 pkts / 129046 bytes   down 1205 pkts / 72959 bytes   sessions 0
up 1197 pkts / 129046 bytes   down 1205 pkts / 72959 bytes   sessions 0
up 1197 pkts / 129046 bytes   down 1205 pkts / 72959 bytes   sessions 0
up 1197 pkts / 129046 bytes   down 1205 pkts / 72959 bytes   sessions 0
up 1197 pkts / 129046 bytes   down 1205 pkts / 72959 bytes   sessions 0
up 1197 pkts / 129046 bytes   down 1205 pkts / 72959 bytes   sessions 0
up 1197 pkts / 129046 bytes   down 1205 pkts / 72959 bytes   sessions 0
up 1197 pkts / 129046 bytes   down 1205 pkts / 72959 bytes   sessions 0
up 1197 pkts / 129046 bytes   down 1205 pkts / 72959 bytes   sessions 0
up 1197 pkts / 129046 bytes   down 1205 pkts / 72959 bytes   sessions 0
up 1197 pkts / 129046 bytes   down 1205 pkts / 72959 bytes   sessions 0
up 1197 pkts / 129046 bytes   down 1205 pkts / 72959 bytes   sessions 0
up 1197 pkts / 129046 bytes   down 1205 pkts / 72959 bytes   sessions 0
up 1197 pkts / 129046 bytes   down 1205 pkts / 72959 bytes   sessions 0
up 1197 pkts / 129046 bytes   down 1205 pkts / 72959 bytes   sessions 0
up 1197 pkts / 129046 bytes   down 1205 pkts / 72959 bytes   sessions 0
up 1197 pkts / 129046 bytes   down 1205 pkts / 72959 bytes   sessions 0
up 1197 pkts / 129046 bytes   down 1205 pkts / 72959 bytes   sessions 0
up 1197 pkts / 129046 bytes   down 1205 pkts / 72959 bytes   sessions 0
up 1197 pkts / 129046 bytes   down 1205 pkts / 72959 bytes   sessions 0
up 1197 pkts / 129046 bytes   down 1205 pkts / 72959 bytes   sessions 0
up 1197 pkts / 129046 bytes   down 1205 pkts / 72959 bytes   sessions 0
up 1197 pkts / 129046 bytes   down 1205 pkts / 72959 bytes   sessions 0
up 1197 pkts / 129046 bytes   down 1205 pkts / 72959 bytes   sessions 0
up 1197 pkts / 129046 bytes   down 1205 pkts / 72959 bytes   sessions 0
up 1197 pkts / 129046 bytes   down 1205 pkts / 72959 bytes   sessions 0
up 1197 pkts / 129046 bytes   down 1205 pkts / 72959 bytes   sessions 0
up 1197 pkts / 129046 bytes   down 1205 pkts / 72959 bytes   sessions 0
up 1197 pkts / 129046 bytes   down 1205 pkts / 72959 bytes   sessions 0
up 1197 pkts / 129046 bytes   down 1205 pkts / 72959 bytes   sessions 0
up 1197 pkts / 129046 bytes   down 1205 pkts / 72959 bytes   sessions 0
up 1197 pkts / 129046 bytes   down 1205 pkts / 72959 bytes   sessions 0
up 1197 pkts / 129046 bytes   down 1205 pkts / 72959 bytes   sessions 0
up 1197 pkts / 129046 bytes   down 1205 pkts / 72959 bytes   sessions 0
up 1197 pkts / 129046 bytes   down 1205 pkts / 72959 bytes   sessions 0
up 1197 pkts / 129046 bytes   down 1205 pkts / 72959 bytes   sessions 0
up 1197 pkts / 129046 bytes   down 1205 pkts / 72959 bytes   sessions 0
up 1197 pkts / 129046 bytes   down 1205 pkts / 72959 bytes   sessions 0
up 1197 pkts / 129046 bytes   down 1205 pkts / 72959 bytes   sessions 0
up 1197 pkts / 129046 bytes   down 1205 pkts / 72959 bytes   sessions 0
up 1197 pkts / 129046 bytes   down 1205 pkts / 72959 bytes   sessions 0
up 1197 pkts / 129046 bytes   down 1205 pkts / 72959 bytes   sessions 0
session 127.0.0.1:11019: egress 192.168.0.4:0, advertise 10.0.2.2:26318
up 1219 pkts / 137821 bytes   down 1227 pkts / 79885 bytes   sessions 1
up 1219 pkts / 137821 bytes   down 1227 pkts / 79885 bytes   sessions 1
up 1219 pkts / 137821 bytes   down 1227 pkts / 79885 bytes   sessions 1
up 1221 pkts / 137949 bytes   down 1229 pkts / 79971 bytes   sessions 1
up 1223 pkts / 138077 bytes   down 1231 pkts / 80057 bytes   sessions 1
up 1225 pkts / 138240 bytes   down 1233 pkts / 80280 bytes   sessions 1
up 1229 pkts / 138496 bytes   down 1237 pkts / 80452 bytes   sessions 1
up 1231 pkts / 138624 bytes   down 1239 pkts / 80538 bytes   sessions 1
up 1231 pkts / 138624 bytes   down 1239 pkts / 80538 bytes   sessions 1
up 1235 pkts / 138880 bytes   down 1243 pkts / 80710 bytes   sessions 1
up 1236 pkts / 138983 bytes   down 1244 pkts / 80733 bytes   sessions 1
up 1236 pkts / 138983 bytes   down 1244 pkts / 80733 bytes   sessions 1
up 1245 pkts / 139577 bytes   down 1254 pkts / 81163 bytes   sessions 1
up 1247 pkts / 139705 bytes   down 1256 pkts / 81249 bytes   sessions 1
up 1249 pkts / 139833 bytes   down 1258 pkts / 81335 bytes   sessions 1
up 1251 pkts / 139961 bytes   down 1260 pkts / 81421 bytes   sessions 1
up 1253 pkts / 140109 bytes   down 1262 pkts / 81527 bytes   sessions 1
up 1259 pkts / 140437 bytes   down 1268 pkts / 81945 bytes   sessions 1
up 1265 pkts / 140770 bytes   down 1274 pkts / 82438 bytes   sessions 1
up 1267 pkts / 140862 bytes   down 1276 pkts / 82604 bytes   sessions 1
up 1268 pkts / 140908 bytes   down 1277 pkts / 82687 bytes   sessions 1
up 1270 pkts / 141037 bytes   down 1279 pkts / 82774 bytes   sessions 1
up 1272 pkts / 141166 bytes   down 1281 pkts / 82861 bytes   sessions 1
up 1275 pkts / 141341 bytes   down 1284 pkts / 83031 bytes   sessions 1
up 1278 pkts / 141516 bytes   down 1287 pkts / 83201 bytes   sessions 1
up 1280 pkts / 141645 bytes   down 1289 pkts / 83288 bytes   sessions 1
up 1282 pkts / 141774 bytes   down 1291 pkts / 83375 bytes   sessions 1
up 1284 pkts / 141903 bytes   down 1293 pkts / 83462 bytes   sessions 1
up 1285 pkts / 142006 bytes   down 1294 pkts / 83486 bytes   sessions 1
up 1287 pkts / 142135 bytes   down 1296 pkts / 83573 bytes   sessions 1
up 1289 pkts / 142264 bytes   down 1298 pkts / 83660 bytes   sessions 1
up 1291 pkts / 142413 bytes   down 1300 pkts / 83767 bytes   sessions 1
up 1296 pkts / 142700 bytes   down 1305 pkts / 84103 bytes   sessions 1
up 1302 pkts / 143033 bytes   down 1311 pkts / 84522 bytes   sessions 1
up 1309 pkts / 143412 bytes   down 1318 pkts / 85024 bytes   sessions 1
up 1316 pkts / 143771 bytes   down 1325 pkts / 85506 bytes   sessions 1
up 1322 pkts / 144084 bytes   down 1331 pkts / 85898 bytes   sessions 1
up 1325 pkts / 144259 bytes   down 1334 pkts / 86068 bytes   sessions 1
up 1328 pkts / 144434 bytes   down 1337 pkts / 86238 bytes   sessions 1
up 1331 pkts / 144609 bytes   down 1340 pkts / 86408 bytes   sessions 1
up 1334 pkts / 144784 bytes   down 1343 pkts / 86578 bytes   sessions 1
up 1337 pkts / 144959 bytes   down 1346 pkts / 86748 bytes   sessions 1
up 1339 pkts / 145088 bytes   down 1348 pkts / 86835 bytes   sessions 1
up 1341 pkts / 145237 bytes   down 1350 pkts / 86942 bytes   sessions 1
up 1344 pkts / 145432 bytes   down 1353 pkts / 87112 bytes   sessions 1
up 1347 pkts / 145570 bytes   down 1356 pkts / 87341 bytes   sessions 1
up 1348 pkts / 145616 bytes   down 1357 pkts / 87424 bytes   sessions 1
up 1349 pkts / 145662 bytes   down 1358 pkts / 87507 bytes   sessions 1
up 1349 pkts / 145662 bytes   down 1358 pkts / 87507 bytes   sessions 1
up 1351 pkts / 145811 bytes   down 1360 pkts / 87614 bytes   sessions 1
up 1356 pkts / 146078 bytes   down 1365 pkts / 87930 bytes   sessions 1
up 1360 pkts / 146299 bytes   down 1369 pkts / 88183 bytes   sessions 1
up 1363 pkts / 146474 bytes   down 1372 pkts / 88353 bytes   sessions 1
up 1365 pkts / 146603 bytes   down 1374 pkts / 88440 bytes   sessions 1
up 1365 pkts / 146603 bytes   down 1374 pkts / 88440 bytes   sessions 1
up 1367 pkts / 146752 bytes   down 1376 pkts / 88547 bytes   sessions 1
up 1373 pkts / 147085 bytes   down 1382 pkts / 89094 bytes   sessions 1
up 1376 pkts / 147260 bytes   down 1385 pkts / 89264 bytes   sessions 1
up 1380 pkts / 147501 bytes   down 1389 pkts / 89482 bytes   sessions 1
up 1383 pkts / 147676 bytes   down 1392 pkts / 89632 bytes   sessions 1
up 1388 pkts / 147933 bytes   down 1399 pkts / 89859 bytes   sessions 1
up 1390 pkts / 148062 bytes   down 1401 pkts / 89946 bytes   sessions 1
up 1393 pkts / 148270 bytes   down 1404 pkts / 90428 bytes   sessions 1
up 1395 pkts / 148399 bytes   down 1406 pkts / 90515 bytes   sessions 1
up 1397 pkts / 148548 bytes   down 1408 pkts / 90622 bytes   sessions 1
up 1402 pkts / 148835 bytes   down 1413 pkts / 90958 bytes   sessions 1
up 1408 pkts / 149148 bytes   down 1419 pkts / 91357 bytes   sessions 1
up 1412 pkts / 149369 bytes   down 1423 pkts / 91610 bytes   sessions 1
up 1415 pkts / 149579 bytes   down 1426 pkts / 91917 bytes   sessions 1
up 1417 pkts / 149734 bytes   down 1428 pkts / 92157 bytes   sessions 1
up 1419 pkts / 149883 bytes   down 1430 pkts / 92264 bytes   sessions 1
up 1425 pkts / 150232 bytes   down 1436 pkts / 92714 bytes   sessions 1
up 1430 pkts / 150499 bytes   down 1441 pkts / 92995 bytes   sessions 1
up 1433 pkts / 150694 bytes   down 1444 pkts / 93185 bytes   sessions 1
up 1438 pkts / 150984 bytes   down 1449 pkts / 93568 bytes   sessions 1
up 1441 pkts / 151159 bytes   down 1452 pkts / 93738 bytes   sessions 1
up 1444 pkts / 151354 bytes   down 1455 pkts / 93928 bytes   sessions 1
up 1450 pkts / 151687 bytes   down 1461 pkts / 94347 bytes   sessions 1
up 1456 pkts / 152020 bytes   down 1467 pkts / 94766 bytes   sessions 1
up 1462 pkts / 152353 bytes   down 1473 pkts / 95185 bytes   sessions 1
up 1472 pkts / 152908 bytes   down 1483 pkts / 95934 bytes   sessions 1
up 1476 pkts / 153148 bytes   down 1487 pkts / 96222 bytes   sessions 1
up 1479 pkts / 153348 bytes   down 1490 pkts / 96461 bytes   sessions 1
up 1482 pkts / 153544 bytes   down 1493 pkts / 96668 bytes   sessions 1
up 1485 pkts / 153739 bytes   down 1496 pkts / 96858 bytes   sessions 1
up 1491 pkts / 154052 bytes   down 1502 pkts / 97257 bytes   sessions 1
up 1495 pkts / 154293 bytes   down 1506 pkts / 97530 bytes   sessions 1
up 1500 pkts / 154580 bytes   down 1511 pkts / 97866 bytes   sessions 1
up 1507 pkts / 154959 bytes   down 1518 pkts / 98368 bytes   sessions 1
up 1513 pkts / 155235 bytes   down 1524 pkts / 98791 bytes   sessions 1
up 1515 pkts / 155327 bytes   down 1526 pkts / 98957 bytes   sessions 1
up 1516 pkts / 155373 bytes   down 1528 pkts / 99123 bytes   sessions 1
up 1517 pkts / 155419 bytes   down 1528 pkts / 99123 bytes   sessions 1
up 1520 pkts / 155594 bytes   down 1531 pkts / 99293 bytes   sessions 1
up 1523 pkts / 155769 bytes   down 1534 pkts / 99463 bytes   sessions 1
up 1527 pkts / 156010 bytes   down 1538 pkts / 99681 bytes   sessions 1
up 1532 pkts / 156297 bytes   down 1543 pkts / 100017 bytes   sessions 1
up 1538 pkts / 156630 bytes   down 1549 pkts / 100436 bytes   sessions 1
up 1545 pkts / 157009 bytes   down 1556 pkts / 100938 bytes   sessions 1
up 1553 pkts / 157434 bytes   down 1564 pkts / 101496 bytes   sessions 1
up 1556 pkts / 157629 bytes   down 1567 pkts / 101714 bytes   sessions 1
up 1559 pkts / 157824 bytes   down 1570 pkts / 101932 bytes   sessions 1
up 1563 pkts / 158065 bytes   down 1574 pkts / 102233 bytes   sessions 1
up 1566 pkts / 158240 bytes   down 1577 pkts / 102403 bytes   sessions 1
up 1569 pkts / 158435 bytes   down 1580 pkts / 102593 bytes   sessions 1
up 1575 pkts / 158768 bytes   down 1586 pkts / 103012 bytes   sessions 1
up 1581 pkts / 159101 bytes   down 1592 pkts / 103431 bytes   sessions 1
up 1588 pkts / 159460 bytes   down 1599 pkts / 103913 bytes   sessions 1
up 1591 pkts / 159635 bytes   down 1603 pkts / 104166 bytes   sessions 1
up 1594 pkts / 159849 bytes   down 1605 pkts / 104393 bytes   sessions 1
up 1597 pkts / 160044 bytes   down 1608 pkts / 104583 bytes   sessions 1
up 1603 pkts / 160377 bytes   down 1614 pkts / 105002 bytes   sessions 1
up 1611 pkts / 160802 bytes   down 1622 pkts / 105534 bytes   sessions 1
up 1618 pkts / 161181 bytes   down 1629 pkts / 106036 bytes   sessions 1
up 1625 pkts / 161560 bytes   down 1636 pkts / 106666 bytes   sessions 1
up 1629 pkts / 161801 bytes   down 1640 pkts / 106939 bytes   sessions 1
up 1636 pkts / 162180 bytes   down 1647 pkts / 107441 bytes   sessions 1
up 1641 pkts / 162447 bytes   down 1652 pkts / 107757 bytes   sessions 1
up 1644 pkts / 162655 bytes   down 1655 pkts / 108239 bytes   sessions 1
up 1647 pkts / 162850 bytes   down 1658 pkts / 108429 bytes   sessions 1
up 1649 pkts / 162999 bytes   down 1660 pkts / 108536 bytes   sessions 1
up 1650 pkts / 163102 bytes   down 1661 pkts / 108560 bytes   sessions 1
up 1656 pkts / 163435 bytes   down 1667 pkts / 108979 bytes   sessions 1
up 1665 pkts / 163905 bytes   down 1677 pkts / 109675 bytes   sessions 1
up 1675 pkts / 164422 bytes   down 1687 pkts / 110351 bytes   sessions 1
up 1686 pkts / 164999 bytes   down 1699 pkts / 111310 bytes   sessions 1
up 1692 pkts / 165338 bytes   down 1705 pkts / 111882 bytes   sessions 1
up 1695 pkts / 165533 bytes   down 1708 pkts / 112072 bytes   sessions 1
up 1703 pkts / 165974 bytes   down 1716 pkts / 112688 bytes   sessions 1
up 1708 pkts / 166261 bytes   down 1722 pkts / 113070 bytes   sessions 1
up 1714 pkts / 166594 bytes   down 1728 pkts / 113489 bytes   sessions 1
up 1723 pkts / 167065 bytes   down 1737 pkts / 114157 bytes   sessions 1
up 1730 pkts / 167444 bytes   down 1744 pkts / 114659 bytes   sessions 1
up 1737 pkts / 167823 bytes   down 1751 pkts / 115161 bytes   sessions 1
up 1744 pkts / 168205 bytes   down 1758 pkts / 115710 bytes   sessions 1
up 1748 pkts / 168426 bytes   down 1762 pkts / 115963 bytes   sessions 1
up 1752 pkts / 168647 bytes   down 1766 pkts / 116216 bytes   sessions 1
up 1756 pkts / 168926 bytes   down 1770 pkts / 116542 bytes   sessions 1
up 1759 pkts / 169120 bytes   down 1773 pkts / 116747 bytes   sessions 1
up 1762 pkts / 169320 bytes   down 1776 pkts / 116986 bytes   sessions 1
up 1765 pkts / 169516 bytes   down 1779 pkts / 117193 bytes   sessions 1
up 1767 pkts / 169665 bytes   down 1781 pkts / 117300 bytes   sessions 1
up 1771 pkts / 169906 bytes   down 1785 pkts / 117553 bytes   sessions 1
up 1773 pkts / 170055 bytes   down 1787 pkts / 117660 bytes   sessions 1
up 1778 pkts / 170342 bytes   down 1792 pkts / 117996 bytes   sessions 1
up 1785 pkts / 170721 bytes   down 1799 pkts / 118498 bytes   sessions 1
up 1789 pkts / 170962 bytes   down 1803 pkts / 118716 bytes   sessions 1
up 1795 pkts / 171295 bytes   down 1809 pkts / 119135 bytes   sessions 1
up 1803 pkts / 171720 bytes   down 1817 pkts / 119720 bytes   sessions 1
up 1809 pkts / 171996 bytes   down 1823 pkts / 120198 bytes   sessions 1
up 1817 pkts / 172401 bytes   down 1831 pkts / 120763 bytes   sessions 1
up 1820 pkts / 172596 bytes   down 1834 pkts / 120953 bytes   sessions 1
up 1823 pkts / 172791 bytes   down 1837 pkts / 121143 bytes   sessions 1
up 1826 pkts / 172986 bytes   down 1840 pkts / 121361 bytes   sessions 1
up 1828 pkts / 173135 bytes   down 1842 pkts / 121468 bytes   sessions 1
up 1831 pkts / 173330 bytes   down 1846 pkts / 121741 bytes   sessions 1
up 1835 pkts / 173571 bytes   down 1849 pkts / 121911 bytes   sessions 1
up 1838 pkts / 173766 bytes   down 1852 pkts / 122081 bytes   sessions 1
up 1843 pkts / 174072 bytes   down 1857 pkts / 122537 bytes   sessions 1
up 1847 pkts / 174293 bytes   down 1861 pkts / 122818 bytes   sessions 1
up 1850 pkts / 174488 bytes   down 1864 pkts / 123036 bytes   sessions 1
up 1857 pkts / 174867 bytes   down 1871 pkts / 123566 bytes   sessions 1
up 1864 pkts / 175246 bytes   down 1878 pkts / 124096 bytes   sessions 1
up 1870 pkts / 175579 bytes   down 1884 pkts / 124515 bytes   sessions 1
up 1878 pkts / 175984 bytes   down 1892 pkts / 125080 bytes   sessions 1
up 1882 pkts / 176205 bytes   down 1896 pkts / 125333 bytes   sessions 1
up 1885 pkts / 176400 bytes   down 1899 pkts / 125523 bytes   sessions 1
up 1892 pkts / 176779 bytes   down 1906 pkts / 126025 bytes   sessions 1
up 1899 pkts / 177158 bytes   down 1913 pkts / 126527 bytes   sessions 1
up 1906 pkts / 177537 bytes   down 1920 pkts / 127029 bytes   sessions 1
up 1914 pkts / 177962 bytes   down 1928 pkts / 127614 bytes   sessions 1
up 1922 pkts / 178387 bytes   down 1936 pkts / 128327 bytes   sessions 1
up 1925 pkts / 178582 bytes   down 1940 pkts / 128600 bytes   sessions 1
up 1932 pkts / 178941 bytes   down 1946 pkts / 128999 bytes   sessions 1
up 1937 pkts / 179208 bytes   down 1951 pkts / 129335 bytes   sessions 1
up 1940 pkts / 179403 bytes   down 1954 pkts / 129525 bytes   sessions 1
up 1947 pkts / 179762 bytes   down 1961 pkts / 130007 bytes   sessions 1
up 1951 pkts / 180016 bytes   down 1965 pkts / 130572 bytes   sessions 1
up 1953 pkts / 180165 bytes   down 1967 pkts / 130679 bytes   sessions 1
session 127.0.0.1:11019 ended: EOF
up 1956 pkts / 180303 bytes   down 1970 pkts / 130928 bytes   sessions 0
up 1956 pkts / 180303 bytes   down 1970 pkts / 130928 bytes   sessions 0
up 1956 pkts / 180303 bytes   down 1970 pkts / 130928 bytes   sessions 0
up 1956 pkts / 180303 bytes   down 1970 pkts / 130928 bytes   sessions 0
up 1956 pkts / 180303 bytes   down 1970 pkts / 130928 bytes   sessions 0
up 1956 pkts / 180303 bytes   down 1970 pkts / 130928 bytes   sessions 0
up 1956 pkts / 180303 bytes   down 1970 pkts / 130928 bytes   sessions 0
up 1956 pkts / 180303 bytes   down 1970 pkts / 130928 bytes   sessions 0
up 1956 pkts / 180303 bytes   down 1970 pkts / 130928 bytes   sessions 0
up 1956 pkts / 180303 bytes   down 1970 pkts / 130928 bytes   sessions 0
up 1956 pkts / 180303 bytes   down 1970 pkts / 130928 bytes   sessions 0
up 1956 pkts / 180303 bytes   down 1970 pkts / 130928 bytes   sessions 0
up 1956 pkts / 180303 bytes   down 1970 pkts / 130928 bytes   sessions 0
up 1956 pkts / 180303 bytes   down 1970 pkts / 130928 bytes   sessions 0
up 1956 pkts / 180303 bytes   down 1970 pkts / 130928 bytes   sessions 0
up 1956 pkts / 180303 bytes   down 1970 pkts / 130928 bytes   sessions 0
up 1956 pkts / 180303 bytes   down 1970 pkts / 130928 bytes   sessions 0
up 1956 pkts / 180303 bytes   down 1970 pkts / 130928 bytes   sessions 0
up 1956 pkts / 180303 bytes   down 1970 pkts / 130928 bytes   sessions 0
up 1956 pkts / 180303 bytes   down 1970 pkts / 130928 bytes   sessions 0
up 1956 pkts / 180303 bytes   down 1970 pkts / 130928 bytes   sessions 0
up 1956 pkts / 180303 bytes   down 1970 pkts / 130928 bytes   sessions 0
up 1956 pkts / 180303 bytes   down 1970 pkts / 130928 bytes   sessions 0
up 1956 pkts / 180303 bytes   down 1970 pkts / 130928 bytes   sessions 0
up 1956 pkts / 180303 bytes   down 1970 pkts / 130928 bytes   sessions 0
up 1956 pkts / 180303 bytes   down 1970 pkts / 130928 bytes   sessions 0
up 1956 pkts / 180303 bytes   down 1970 pkts / 130928 bytes   sessions 0
up 1956 pkts / 180303 bytes   down 1970 pkts / 130928 bytes   sessions 0
up 1956 pkts / 180303 bytes   down 1970 pkts / 130928 bytes   sessions 0
up 1956 pkts / 180303 bytes   down 1970 pkts / 130928 bytes   sessions 0
up 1956 pkts / 180303 bytes   down 1970 pkts / 130928 bytes   sessions 0
up 1956 pkts / 180303 bytes   down 1970 pkts / 130928 bytes   sessions 0
up 1956 pkts / 180303 bytes   down 1970 pkts / 130928 bytes   sessions 0
up 1956 pkts / 180303 bytes   down 1970 pkts / 130928 bytes   sessions 0
up 1956 pkts / 180303 bytes   down 1970 pkts / 130928 bytes   sessions 0
up 1956 pkts / 180303 bytes   down 1970 pkts / 130928 bytes   sessions 0
up 1956 pkts / 180303 bytes   down 1970 pkts / 130928 bytes   sessions 0
up 1956 pkts / 180303 bytes   down 1970 pkts / 130928 bytes   sessions 0
up 1956 pkts / 180303 bytes   down 1970 pkts / 130928 bytes   sessions 0
up 1956 pkts / 180303 bytes   down 1970 pkts / 130928 bytes   sessions 0
up 1956 pkts / 180303 bytes   down 1970 pkts / 130928 bytes   sessions 0
up 1956 pkts / 180303 bytes   down 1970 pkts / 130928 bytes   sessions 0
up 1956 pkts / 180303 bytes   down 1970 pkts / 130928 bytes   sessions 0
up 1956 pkts / 180303 bytes   down 1970 pkts / 130928 bytes   sessions 0
up 1956 pkts / 180303 bytes   down 1970 pkts / 130928 bytes   sessions 0
up 1956 pkts / 180303 bytes   down 1970 pkts / 130928 bytes   sessions 0
up 1956 pkts / 180303 bytes   down 1970 pkts / 130928 bytes   sessions 0
up 1956 pkts / 180303 bytes   down 1970 pkts / 130928 bytes   sessions 0
up 1956 pkts / 180303 bytes   down 1970 pkts / 130928 bytes   sessions 0
up 1956 pkts / 180303 bytes   down 1970 pkts / 130928 bytes   sessions 0
up 1956 pkts / 180303 bytes   down 1970 pkts / 130928 bytes   sessions 0
up 1956 pkts / 180303 bytes   down 1970 pkts / 130928 bytes   sessions 0
up 1956 pkts / 180303 bytes   down 1970 pkts / 130928 bytes   sessions 0
up 1956 pkts / 180303 bytes   down 1970 pkts / 130928 bytes   sessions 0
up 1956 pkts / 180303 bytes   down 1970 pkts / 130928 bytes   sessions 0
up 1956 pkts / 180303 bytes   down 1970 pkts / 130928 bytes   sessions 0
up 1956 pkts / 180303 bytes   down 1970 pkts / 130928 bytes   sessions 0
up 1956 pkts / 180303 bytes   down 1970 pkts / 130928 bytes   sessions 0
up 1956 pkts / 180303 bytes   down 1970 pkts / 130928 bytes   sessions 0
up 1956 pkts / 180303 bytes   down 1970 pkts / 130928 bytes   sessions 0
up 1956 pkts / 180303 bytes   down 1970 pkts / 130928 bytes   sessions 0
up 1956 pkts / 180303 bytes   down 1970 pkts / 130928 bytes   sessions 0
up 1956 pkts / 180303 bytes   down 1970 pkts / 130928 bytes   sessions 0
up 1956 pkts / 180303 bytes   down 1970 pkts / 130928 bytes   sessions 0
up 1956 pkts / 180303 bytes   down 1970 pkts / 130928 bytes   sessions 0
up 1956 pkts / 180303 bytes   down 1970 pkts / 130928 bytes   sessions 0
up 1956 pkts / 180303 bytes   down 1970 pkts / 130928 bytes   sessions 0
up 1956 pkts / 180303 bytes   down 1970 pkts / 130928 bytes   sessions 0
up 1956 pkts / 180303 bytes   down 1970 pkts / 130928 bytes   sessions 0
up 1956 pkts / 180303 bytes   down 1970 pkts / 130928 bytes   sessions 0
up 1956 pkts / 180303 bytes   down 1970 pkts / 130928 bytes   sessions 0
up 1956 pkts / 180303 bytes   down 1970 pkts / 130928 bytes   sessions 0
up 1956 pkts / 180303 bytes   down 1970 pkts / 130928 bytes   sessions 0
up 1956 pkts / 180303 bytes   down 1970 pkts / 130928 bytes   sessions 0
up 1956 pkts / 180303 bytes   down 1970 pkts / 130928 bytes   sessions 0
up 1956 pkts / 180303 bytes   down 1970 pkts / 130928 bytes   sessions 0
up 1956 pkts / 180303 bytes   down 1970 pkts / 130928 bytes   sessions 0
up 1956 pkts / 180303 bytes   down 1970 pkts / 130928 bytes   sessions 0
up 1956 pkts / 180303 bytes   down 1970 pkts / 130928 bytes   sessions 0
up 1956 pkts / 180303 bytes   down 1970 pkts / 130928 bytes   sessions 0
up 1956 pkts / 180303 bytes   down 1970 pkts / 130928 bytes   sessions 0
up 1956 pkts / 180303 bytes   down 1970 pkts / 130928 bytes   sessions 0
up 1956 pkts / 180303 bytes   down 1970 pkts / 130928 bytes   sessions 0
up 1956 pkts / 180303 bytes   down 1970 pkts / 130928 bytes   sessions 0
up 1956 pkts / 180303 bytes   down 1970 pkts / 130928 bytes   sessions 0
up 1956 pkts / 180303 bytes   down 1970 pkts / 130928 bytes   sessions 0
up 1956 pkts / 180303 bytes   down 1970 pkts / 130928 bytes   sessions 0
up 1956 pkts / 180303 bytes   down 1970 pkts / 130928 bytes   sessions 0
up 1956 pkts / 180303 bytes   down 1970 pkts / 130928 bytes   sessions 0
up 1956 pkts / 180303 bytes   down 1970 pkts / 130928 bytes   sessions 0
up 1956 pkts / 180303 bytes   down 1970 pkts / 130928 bytes   sessions 0
up 1956 pkts / 180303 bytes   down 1970 pkts / 130928 bytes   sessions 0
up 1956 pkts / 180303 bytes   down 1970 pkts / 130928 bytes   sessions 0
up 1956 pkts / 180303 bytes   down 1970 pkts / 130928 bytes   sessions 0
up 1956 pkts / 180303 bytes   down 1970 pkts / 130928 bytes   sessions 0
up 1956 pkts / 180303 bytes   down 1970 pkts / 130928 bytes   sessions 0
up 1956 pkts / 180303 bytes   down 1970 pkts / 130928 bytes   sessions 0
up 1956 pkts / 180303 bytes   down 1970 pkts / 130928 bytes   sessions 0
up 1956 pkts / 180303 bytes   down 1970 pkts / 130928 bytes   sessions 0
up 1956 pkts / 180303 bytes   down 1970 pkts / 130928 bytes   sessions 0
up 1956 pkts / 180303 bytes   down 1970 pkts / 130928 bytes   sessions 0
up 1956 pkts / 180303 bytes   down 1970 pkts / 130928 bytes   sessions 0
up 1956 pkts / 180303 bytes   down 1970 pkts / 130928 bytes   sessions 0
up 1956 pkts / 180303 bytes   down 1970 pkts / 130928 bytes   sessions 0
up 1956 pkts / 180303 bytes   down 1970 pkts / 130928 bytes   sessions 0
up 1956 pkts / 180303 bytes   down 1970 pkts / 130928 bytes   sessions 0
up 1956 pkts / 180303 bytes   down 1970 pkts / 130928 bytes   sessions 0
up 1956 pkts / 180303 bytes   down 1970 pkts / 130928 bytes   sessions 0
up 1956 pkts / 180303 bytes   down 1970 pkts / 130928 bytes   sessions 0
up 1956 pkts / 180303 bytes   down 1970 pkts / 130928 bytes   sessions 0
up 1956 pkts / 180303 bytes   down 1970 pkts / 130928 bytes   sessions 0
up 1956 pkts / 180303 bytes   down 1970 pkts / 130928 bytes   sessions 0
up 1956 pkts / 180303 bytes   down 1970 pkts / 130928 bytes   sessions 0
up 1956 pkts / 180303 bytes   down 1970 pkts / 130928 bytes   sessions 0
up 1956 pkts / 180303 bytes   down 1970 pkts / 130928 bytes   sessions 0
up 1956 pkts / 180303 bytes   down 1970 pkts / 130928 bytes   sessions 0
up 1956 pkts / 180303 bytes   down 1970 pkts / 130928 bytes   sessions 0
up 1956 pkts / 180303 bytes   down 1970 pkts / 130928 bytes   sessions 0
up 1956 pkts / 180303 bytes   down 1970 pkts / 130928 bytes   sessions 0
up 1956 pkts / 180303 bytes   down 1970 pkts / 130928 bytes   sessions 0
up 1956 pkts / 180303 bytes   down 1970 pkts / 130928 bytes   sessions 0
up 1956 pkts / 180303 bytes   down 1970 pkts / 130928 bytes   sessions 0
up 1956 pkts / 180303 bytes   down 1970 pkts / 130928 bytes   sessions 0
up 1956 pkts / 180303 bytes   down 1970 pkts / 130928 bytes   sessions 0
up 1956 pkts / 180303 bytes   down 1970 pkts / 130928 bytes   sessions 0
session 127.0.0.1:64458: egress 192.168.0.4:0, advertise 10.0.2.2:13549
up 1975 pkts / 188949 bytes   down 1991 pkts / 136513 bytes   sessions 1
up 1975 pkts / 188949 bytes   down 1991 pkts / 136513 bytes   sessions 1
up 1975 pkts / 188949 bytes   down 1991 pkts / 136513 bytes   sessions 1
up 1977 pkts / 189077 bytes   down 1993 pkts / 136599 bytes   sessions 1
up 1977 pkts / 189077 bytes   down 1993 pkts / 136599 bytes   sessions 1
up 1978 pkts / 189205 bytes   down 1994 pkts / 136622 bytes   sessions 1
up 1981 pkts / 189464 bytes   down 1997 pkts / 136731 bytes   sessions 1
up 1983 pkts / 189592 bytes   down 1999 pkts / 136817 bytes   sessions 1
up 1985 pkts / 189720 bytes   down 2001 pkts / 136903 bytes   sessions 1
up 1989 pkts / 189976 bytes   down 2005 pkts / 137075 bytes   sessions 1
up 1992 pkts / 190186 bytes   down 2007 pkts / 137125 bytes   sessions 1
up 1992 pkts / 190186 bytes   down 2007 pkts / 137125 bytes   sessions 1
up 2003 pkts / 190911 bytes   down 2016 pkts / 137507 bytes   sessions 1
up 2004 pkts / 191039 bytes   down 2017 pkts / 137534 bytes   sessions 1
up 2005 pkts / 191170 bytes   down 2018 pkts / 137561 bytes   sessions 1
up 2006 pkts / 191301 bytes   down 2019 pkts / 137588 bytes   sessions 1
up 2007 pkts / 191432 bytes   down 2020 pkts / 137615 bytes   sessions 1
up 2008 pkts / 191662 bytes   down 2021 pkts / 137642 bytes   sessions 1
up 2009 pkts / 191790 bytes   down 2022 pkts / 137669 bytes   sessions 1
up 2010 pkts / 191918 bytes   down 2023 pkts / 137696 bytes   sessions 1
up 2011 pkts / 192049 bytes   down 2024 pkts / 137723 bytes   sessions 1
up 2012 pkts / 192180 bytes   down 2025 pkts / 137750 bytes   sessions 1
up 2013 pkts / 192311 bytes   down 2026 pkts / 137777 bytes   sessions 1
up 2014 pkts / 192448 bytes   down 2027 pkts / 137804 bytes   sessions 1
up 2014 pkts / 192448 bytes   down 2027 pkts / 137804 bytes   sessions 1
up 2015 pkts / 192724 bytes   down 2028 pkts / 137831 bytes   sessions 1
up 2016 pkts / 192852 bytes   down 2029 pkts / 137858 bytes   sessions 1
up 2017 pkts / 193082 bytes   down 2030 pkts / 137885 bytes   sessions 1
up 2018 pkts / 193312 bytes   down 2031 pkts / 137912 bytes   sessions 1
up 2019 pkts / 193443 bytes   down 2032 pkts / 137939 bytes   sessions 1
up 2020 pkts / 193597 bytes   down 2033 pkts / 137966 bytes   sessions 1
up 2021 pkts / 193728 bytes   down 2034 pkts / 137993 bytes   sessions 1
up 2022 pkts / 193881 bytes   down 2035 pkts / 138020 bytes   sessions 1
up 2023 pkts / 194012 bytes   down 2036 pkts / 138047 bytes   sessions 1
up 2024 pkts / 194140 bytes   down 2037 pkts / 138074 bytes   sessions 1
up 2024 pkts / 194140 bytes   down 2037 pkts / 138074 bytes   sessions 1
up 2025 pkts / 194380 bytes   down 2038 pkts / 138102 bytes   sessions 1
up 2027 pkts / 195565 bytes   down 2039 pkts / 138131 bytes   sessions 1
up 2028 pkts / 196710 bytes   down 2040 pkts / 138155 bytes   sessions 1
up 2028 pkts / 196710 bytes   down 2040 pkts / 138155 bytes   sessions 1
up 2029 pkts / 197851 bytes   down 2041 pkts / 138179 bytes   sessions 1
up 2030 pkts / 198997 bytes   down 2042 pkts / 138203 bytes   sessions 1
up 2031 pkts / 200141 bytes   down 2043 pkts / 138227 bytes   sessions 1
up 2032 pkts / 201278 bytes   down 2044 pkts / 138251 bytes   sessions 1
up 2033 pkts / 201589 bytes   down 2045 pkts / 138275 bytes   sessions 1
up 2033 pkts / 201589 bytes   down 2045 pkts / 138275 bytes   sessions 1
up 2034 pkts / 201831 bytes   down 2046 pkts / 138299 bytes   sessions 1
up 2035 pkts / 202061 bytes   down 2047 pkts / 138323 bytes   sessions 1
up 2036 pkts / 202192 bytes   down 2048 pkts / 138347 bytes   sessions 1
up 2038 pkts / 202355 bytes   down 2050 pkts / 138591 bytes   sessions 1
up 2040 pkts / 202518 bytes   down 2052 pkts / 138805 bytes   sessions 1
up 2041 pkts / 202646 bytes   down 2053 pkts / 138829 bytes   sessions 1
up 2042 pkts / 202777 bytes   down 2054 pkts / 138853 bytes   sessions 1
up 2042 pkts / 202777 bytes   down 2054 pkts / 138853 bytes   sessions 1
up 2043 pkts / 203017 bytes   down 2055 pkts / 138877 bytes   sessions 1
up 2044 pkts / 203148 bytes   down 2056 pkts / 138901 bytes   sessions 1
up 2045 pkts / 203279 bytes   down 2057 pkts / 138925 bytes   sessions 1
up 2046 pkts / 203407 bytes   down 2058 pkts / 138949 bytes   sessions 1
up 2047 pkts / 203637 bytes   down 2059 pkts / 138973 bytes   sessions 1
up 2048 pkts / 204776 bytes   down 2060 pkts / 138997 bytes   sessions 1
up 2049 pkts / 205921 bytes   down 2061 pkts / 139021 bytes   sessions 1
up 2050 pkts / 207062 bytes   down 2062 pkts / 139045 bytes   sessions 1
up 2051 pkts / 208208 bytes   down 2063 pkts / 139069 bytes   sessions 1
up 2052 pkts / 209352 bytes   down 2064 pkts / 139093 bytes   sessions 1
up 2053 pkts / 210489 bytes   down 2065 pkts / 139117 bytes   sessions 1
up 2054 pkts / 210752 bytes   down 2066 pkts / 139141 bytes   sessions 1
up 2055 pkts / 210883 bytes   down 2067 pkts / 139165 bytes   sessions 1
up 2056 pkts / 211011 bytes   down 2068 pkts / 139189 bytes   sessions 1
up 2057 pkts / 212155 bytes   down 2069 pkts / 139213 bytes   sessions 1
up 2058 pkts / 213302 bytes   down 2070 pkts / 139237 bytes   sessions 1
up 2059 pkts / 214444 bytes   down 2071 pkts / 139261 bytes   sessions 1
up 2060 pkts / 215587 bytes   down 2072 pkts / 139285 bytes   sessions 1
up 2061 pkts / 216732 bytes   down 2073 pkts / 139309 bytes   sessions 1
up 2062 pkts / 217490 bytes   down 2074 pkts / 139333 bytes   sessions 1
up 2062 pkts / 217490 bytes   down 2074 pkts / 139333 bytes   sessions 1
up 2063 pkts / 217730 bytes   down 2075 pkts / 139357 bytes   sessions 1
up 2065 pkts / 217859 bytes   down 2077 pkts / 139450 bytes   sessions 1
up 2067 pkts / 217988 bytes   down 2079 pkts / 139537 bytes   sessions 1
up 2068 pkts / 218141 bytes   down 2080 pkts / 139561 bytes   sessions 1
up 2069 pkts / 218269 bytes   down 2081 pkts / 139585 bytes   sessions 1
up 2072 pkts / 218482 bytes   down 2083 pkts / 139635 bytes   sessions 1
up 2073 pkts / 218613 bytes   down 2084 pkts / 139661 bytes   sessions 1
up 2074 pkts / 218744 bytes   down 2085 pkts / 139687 bytes   sessions 1
up 2075 pkts / 219883 bytes   down 2086 pkts / 139713 bytes   sessions 1
up 2076 pkts / 221028 bytes   down 2087 pkts / 139739 bytes   sessions 1
up 2077 pkts / 222169 bytes   down 2088 pkts / 139765 bytes   sessions 1
up 2078 pkts / 223315 bytes   down 2089 pkts / 139791 bytes   sessions 1
up 2079 pkts / 224459 bytes   down 2090 pkts / 139817 bytes   sessions 1
up 2080 pkts / 225596 bytes   down 2091 pkts / 139843 bytes   sessions 1
up 2081 pkts / 225859 bytes   down 2092 pkts / 139869 bytes   sessions 1
up 2082 pkts / 225990 bytes   down 2093 pkts / 139895 bytes   sessions 1
up 2083 pkts / 226121 bytes   down 2094 pkts / 139921 bytes   sessions 1
up 2084 pkts / 226249 bytes   down 2095 pkts / 139947 bytes   sessions 1
up 2085 pkts / 226380 bytes   down 2096 pkts / 139973 bytes   sessions 1
up 2086 pkts / 226511 bytes   down 2097 pkts / 139999 bytes   sessions 1
up 2087 pkts / 226642 bytes   down 2098 pkts / 140025 bytes   sessions 1
up 2092 pkts / 226934 bytes   down 2102 pkts / 140141 bytes   sessions 1
up 2093 pkts / 228078 bytes   down 2103 pkts / 140171 bytes   sessions 1
up 2095 pkts / 229271 bytes   down 2104 pkts / 140202 bytes   sessions 1
up 2096 pkts / 230413 bytes   down 2105 pkts / 140226 bytes   sessions 1
up 2097 pkts / 231556 bytes   down 2106 pkts / 140250 bytes   sessions 1
up 2098 pkts / 232701 bytes   down 2107 pkts / 140274 bytes   sessions 1
up 2099 pkts / 233317 bytes   down 2107 pkts / 140274 bytes   sessions 1
up 2102 pkts / 233530 bytes   down 2109 pkts / 140324 bytes   sessions 1
up 2102 pkts / 233530 bytes   down 2110 pkts / 140350 bytes   sessions 1
up 2103 pkts / 233770 bytes   down 2110 pkts / 140350 bytes   sessions 1
up 2104 pkts / 234000 bytes   down 2111 pkts / 140376 bytes   sessions 1
up 2105 pkts / 234230 bytes   down 2112 pkts / 140402 bytes   sessions 1
up 2106 pkts / 234361 bytes   down 2113 pkts / 140428 bytes   sessions 1
up 2107 pkts / 234492 bytes   down 2114 pkts / 140454 bytes   sessions 1
up 2108 pkts / 234623 bytes   down 2115 pkts / 140480 bytes   sessions 1
up 2109 pkts / 234751 bytes   down 2116 pkts / 140506 bytes   sessions 1
session 127.0.0.1:64458 ended: EOF
up 2109 pkts / 234751 bytes   down 2117 pkts / 140532 bytes   sessions 0
up 2109 pkts / 234751 bytes   down 2117 pkts / 140532 bytes   sessions 0
up 2109 pkts / 234751 bytes   down 2117 pkts / 140532 bytes   sessions 0
up 2109 pkts / 234751 bytes   down 2117 pkts / 140532 bytes   sessions 0
up 2109 pkts / 234751 bytes   down 2117 pkts / 140532 bytes   sessions 0
up 2109 pkts / 234751 bytes   down 2117 pkts / 140532 bytes   sessions 0
up 2109 pkts / 234751 bytes   down 2117 pkts / 140532 bytes   sessions 0
up 2109 pkts / 234751 bytes   down 2117 pkts / 140532 bytes   sessions 0
up 2109 pkts / 234751 bytes   down 2117 pkts / 140532 bytes   sessions 0
up 2109 pkts / 234751 bytes   down 2117 pkts / 140532 bytes   sessions 0
up 2109 pkts / 234751 bytes   down 2117 pkts / 140532 bytes   sessions 0
up 2109 pkts / 234751 bytes   down 2117 pkts / 140532 bytes   sessions 0
up 2109 pkts / 234751 bytes   down 2117 pkts / 140532 bytes   sessions 0
up 2109 pkts / 234751 bytes   down 2117 pkts / 140532 bytes   sessions 0
up 2109 pkts / 234751 bytes   down 2117 pkts / 140532 bytes   sessions 0
up 2109 pkts / 234751 bytes   down 2117 pkts / 140532 bytes   sessions 0
up 2109 pkts / 234751 bytes   down 2117 pkts / 140532 bytes   sessions 0
up 2109 pkts / 234751 bytes   down 2117 pkts / 140532 bytes   sessions 0
session 127.0.0.1:40216: egress 192.168.0.4:0, advertise 10.0.2.2:48954
up 2111 pkts / 237151 bytes   down 2117 pkts / 140532 bytes   sessions 1
up 2130 pkts / 243481 bytes   down 2140 pkts / 147349 bytes   sessions 1
up 2130 pkts / 243481 bytes   down 2140 pkts / 147349 bytes   sessions 1
up 2130 pkts / 243481 bytes   down 2140 pkts / 147349 bytes   sessions 1
up 2134 pkts / 243737 bytes   down 2144 pkts / 147521 bytes   sessions 1
up 2139 pkts / 244025 bytes   down 2149 pkts / 147856 bytes   sessions 1
up 2144 pkts / 244555 bytes   down 2154 pkts / 148111 bytes   sessions 1
up 2144 pkts / 244555 bytes   down 2154 pkts / 148111 bytes   sessions 1
up 2146 pkts / 244912 bytes   down 2157 pkts / 148280 bytes   sessions 1
up 2151 pkts / 245236 bytes   down 2161 pkts / 148519 bytes   sessions 1
up 2153 pkts / 245364 bytes   down 2163 pkts / 148605 bytes   sessions 1
up 2157 pkts / 245582 bytes   down 2167 pkts / 148801 bytes   sessions 1
up 2161 pkts / 245838 bytes   down 2171 pkts / 148973 bytes   sessions 1
up 2178 pkts / 247104 bytes   down 2189 pkts / 149987 bytes   sessions 1
up 2180 pkts / 247196 bytes   down 2191 pkts / 150153 bytes   sessions 1
up 2180 pkts / 247196 bytes   down 2191 pkts / 150153 bytes   sessions 1
up 2184 pkts / 247436 bytes   down 2196 pkts / 150489 bytes   sessions 1
up 2186 pkts / 247565 bytes   down 2198 pkts / 150576 bytes   sessions 1
up 2188 pkts / 247714 bytes   down 2200 pkts / 150907 bytes   sessions 1
up 2191 pkts / 247889 bytes   down 2203 pkts / 151142 bytes   sessions 1
up 2193 pkts / 248038 bytes   down 2205 pkts / 151377 bytes   sessions 1
up 2198 pkts / 248325 bytes   down 2210 pkts / 151713 bytes   sessions 1
up 2201 pkts / 248500 bytes   down 2213 pkts / 151883 bytes   sessions 1
up 2203 pkts / 248629 bytes   down 2215 pkts / 151970 bytes   sessions 1
up 2206 pkts / 248804 bytes   down 2218 pkts / 152140 bytes   sessions 1
up 2208 pkts / 248933 bytes   down 2220 pkts / 152227 bytes   sessions 1
up 2210 pkts / 249062 bytes   down 2222 pkts / 152314 bytes   sessions 1
up 2213 pkts / 249237 bytes   down 2225 pkts / 152484 bytes   sessions 1
up 2218 pkts / 249524 bytes   down 2230 pkts / 152820 bytes   sessions 1
up 2224 pkts / 249857 bytes   down 2236 pkts / 153239 bytes   sessions 1
up 2228 pkts / 250098 bytes   down 2240 pkts / 153492 bytes   sessions 1
up 2231 pkts / 250502 bytes   down 2243 pkts / 153662 bytes   sessions 1
up 2234 pkts / 250677 bytes   down 2246 pkts / 153832 bytes   sessions 1
up 2236 pkts / 250806 bytes   down 2248 pkts / 153919 bytes   sessions 1
up 2243 pkts / 251145 bytes   down 2254 pkts / 154167 bytes   sessions 1
up 2246 pkts / 251320 bytes   down 2257 pkts / 154337 bytes   sessions 1
up 2248 pkts / 251449 bytes   down 2259 pkts / 154424 bytes   sessions 1
up 2250 pkts / 251601 bytes   down 2261 pkts / 154657 bytes   sessions 1
up 2252 pkts / 251753 bytes   down 2263 pkts / 154860 bytes   sessions 1
up 2252 pkts / 251753 bytes   down 2263 pkts / 154860 bytes   sessions 1
up 2252 pkts / 251753 bytes   down 2263 pkts / 154860 bytes   sessions 1
up 2252 pkts / 251753 bytes   down 2263 pkts / 154860 bytes   sessions 1
up 2252 pkts / 251753 bytes   down 2263 pkts / 154860 bytes   sessions 1
up 2257 pkts / 252040 bytes   down 2268 pkts / 155196 bytes   sessions 1
up 2258 pkts / 252086 bytes   down 2269 pkts / 155279 bytes   sessions 1
up 2262 pkts / 252297 bytes   down 2273 pkts / 155418 bytes   sessions 1
up 2268 pkts / 252630 bytes   down 2279 pkts / 155837 bytes   sessions 1
up 2274 pkts / 252963 bytes   down 2285 pkts / 156256 bytes   sessions 1
up 2277 pkts / 253138 bytes   down 2288 pkts / 156426 bytes   sessions 1
up 2281 pkts / 253359 bytes   down 2292 pkts / 156679 bytes   sessions 1
up 2287 pkts / 253692 bytes   down 2298 pkts / 157098 bytes   sessions 1
up 2290 pkts / 253867 bytes   down 2301 pkts / 157268 bytes   sessions 1
up 2293 pkts / 254042 bytes   down 2304 pkts / 157438 bytes   sessions 1
up 2297 pkts / 254492 bytes   down 2308 pkts / 157691 bytes   sessions 1
up 2299 pkts / 254621 bytes   down 2310 pkts / 157778 bytes   sessions 1
up 2300 pkts / 254724 bytes   down 2311 pkts / 157802 bytes   sessions 1
up 2303 pkts / 254899 bytes   down 2314 pkts / 157972 bytes   sessions 1
up 2305 pkts / 255051 bytes   down 2316 pkts / 158126 bytes   sessions 1
up 2307 pkts / 255180 bytes   down 2318 pkts / 158213 bytes   sessions 1
up 2309 pkts / 255309 bytes   down 2320 pkts / 158300 bytes   sessions 1
up 2310 pkts / 255412 bytes   down 2321 pkts / 158324 bytes   sessions 1
up 2314 pkts / 255653 bytes   down 2325 pkts / 158886 bytes   sessions 1
up 2319 pkts / 255940 bytes   down 2330 pkts / 159350 bytes   sessions 1
up 2321 pkts / 256069 bytes   down 2332 pkts / 159437 bytes   sessions 1
up 2324 pkts / 256244 bytes   down 2335 pkts / 159607 bytes   sessions 1
up 2329 pkts / 256531 bytes   down 2340 pkts / 159943 bytes   sessions 1
up 2335 pkts / 256864 bytes   down 2346 pkts / 160362 bytes   sessions 1
up 2342 pkts / 257243 bytes   down 2353 pkts / 160864 bytes   sessions 1
up 2346 pkts / 257730 bytes   down 2357 pkts / 161117 bytes   sessions 1
up 2347 pkts / 257776 bytes   down 2358 pkts / 161200 bytes   sessions 1
up 2348 pkts / 257822 bytes   down 2359 pkts / 161283 bytes   sessions 1
up 2349 pkts / 257868 bytes   down 2360 pkts / 161366 bytes   sessions 1
up 2350 pkts / 257914 bytes   down 2361 pkts / 161449 bytes   sessions 1
up 2353 pkts / 258355 bytes   down 2364 pkts / 161619 bytes   sessions 1
up 2357 pkts / 258596 bytes   down 2369 pkts / 161955 bytes   sessions 1
up 2360 pkts / 258771 bytes   down 2372 pkts / 162125 bytes   sessions 1
up 2362 pkts / 258900 bytes   down 2374 pkts / 162212 bytes   sessions 1
up 2366 pkts / 259387 bytes   down 2378 pkts / 162410 bytes   sessions 1
up 2367 pkts / 259490 bytes   down 2379 pkts / 162434 bytes   sessions 1
up 2369 pkts / 259619 bytes   down 2381 pkts / 162521 bytes   sessions 1
up 2372 pkts / 259794 bytes   down 2384 pkts / 162691 bytes   sessions 1
up 2374 pkts / 259946 bytes   down 2386 pkts / 162924 bytes   sessions 1
up 2376 pkts / 260098 bytes   down 2388 pkts / 163127 bytes   sessions 1
up 2383 pkts / 260475 bytes   down 2397 pkts / 163775 bytes   sessions 1
up 2390 pkts / 260854 bytes   down 2404 pkts / 164277 bytes   sessions 1
up 2396 pkts / 261187 bytes   down 2410 pkts / 164696 bytes   sessions 1
up 2400 pkts / 261408 bytes   down 2414 pkts / 165014 bytes   sessions 1
up 2403 pkts / 261849 bytes   down 2417 pkts / 165184 bytes   sessions 1
up 2406 pkts / 262044 bytes   down 2420 pkts / 165374 bytes   sessions 1
up 2411 pkts / 262311 bytes   down 2425 pkts / 165635 bytes   sessions 1
up 2414 pkts / 262715 bytes   down 2428 pkts / 165805 bytes   sessions 1
up 2418 pkts / 262936 bytes   down 2432 pkts / 166058 bytes   sessions 1
up 2421 pkts / 263131 bytes   down 2435 pkts / 166228 bytes   sessions 1
up 2424 pkts / 263326 bytes   down 2438 pkts / 166398 bytes   sessions 1
up 2427 pkts / 263521 bytes   down 2441 pkts / 166568 bytes   sessions 1
up 2429 pkts / 263916 bytes   down 2443 pkts / 166655 bytes   sessions 1
up 2430 pkts / 264019 bytes   down 2444 pkts / 166679 bytes   sessions 1
up 2431 pkts / 264065 bytes   down 2445 pkts / 166762 bytes   sessions 1
up 2436 pkts / 264355 bytes   down 2450 pkts / 167145 bytes   sessions 1
up 2438 pkts / 264504 bytes   down 2452 pkts / 167252 bytes   sessions 1
up 2441 pkts / 264699 bytes   down 2455 pkts / 167666 bytes   sessions 1
up 2443 pkts / 264848 bytes   down 2457 pkts / 167901 bytes   sessions 1
up 2445 pkts / 264977 bytes   down 2459 pkts / 167988 bytes   sessions 1
up 2451 pkts / 265310 bytes   down 2465 pkts / 168407 bytes   sessions 1
up 2458 pkts / 265689 bytes   down 2473 pkts / 168915 bytes   sessions 1
up 2465 pkts / 266068 bytes   down 2479 pkts / 169334 bytes   sessions 1
up 2469 pkts / 266309 bytes   down 2483 pkts / 169607 bytes   sessions 1
up 2472 pkts / 266507 bytes   down 2486 pkts / 169923 bytes   sessions 1
up 2475 pkts / 266705 bytes   down 2489 pkts / 170209 bytes   sessions 1
up 2479 pkts / 266946 bytes   down 2493 pkts / 170462 bytes   sessions 1
up 2482 pkts / 267141 bytes   down 2497 pkts / 170660 bytes   sessions 1
up 2486 pkts / 267382 bytes   down 2500 pkts / 170830 bytes   sessions 1
up 2489 pkts / 267557 bytes   down 2503 pkts / 171000 bytes   sessions 1
up 2492 pkts / 267732 bytes   down 2506 pkts / 171170 bytes   sessions 1
up 2495 pkts / 268173 bytes   down 2509 pkts / 171368 bytes   sessions 1
up 2496 pkts / 268276 bytes   down 2510 pkts / 171392 bytes   sessions 1
up 2498 pkts / 268405 bytes   down 2512 pkts / 171479 bytes   sessions 1
up 2500 pkts / 268534 bytes   down 2514 pkts / 171566 bytes   sessions 1
up 2502 pkts / 268663 bytes   down 2516 pkts / 171653 bytes   sessions 1
up 2511 pkts / 269134 bytes   down 2525 pkts / 172301 bytes   sessions 1
up 2518 pkts / 269513 bytes   down 2532 pkts / 172803 bytes   sessions 1
up 2524 pkts / 269846 bytes   down 2538 pkts / 173222 bytes   sessions 1
up 2529 pkts / 270113 bytes   down 2543 pkts / 173558 bytes   sessions 1
up 2530 pkts / 270159 bytes   down 2544 pkts / 173641 bytes   sessions 1
up 2531 pkts / 270205 bytes   down 2545 pkts / 173724 bytes   sessions 1
up 2533 pkts / 270297 bytes   down 2547 pkts / 173890 bytes   sessions 1
up 2534 pkts / 270343 bytes   down 2548 pkts / 173973 bytes   sessions 1
up 2536 pkts / 270492 bytes   down 2550 pkts / 174080 bytes   sessions 1
up 2541 pkts / 270779 bytes   down 2555 pkts / 174416 bytes   sessions 1
up 2544 pkts / 270977 bytes   down 2558 pkts / 174653 bytes   sessions 1
up 2545 pkts / 271080 bytes   down 2559 pkts / 174677 bytes   sessions 1
up 2549 pkts / 271321 bytes   down 2563 pkts / 175239 bytes   sessions 1
up 2554 pkts / 271608 bytes   down 2568 pkts / 175703 bytes   sessions 1
up 2560 pkts / 271941 bytes   down 2574 pkts / 176122 bytes   sessions 1
up 2568 pkts / 272366 bytes   down 2582 pkts / 176707 bytes   sessions 1
up 2574 pkts / 272699 bytes   down 2588 pkts / 177126 bytes   sessions 1
up 2581 pkts / 273078 bytes   down 2595 pkts / 177628 bytes   sessions 1
up 2585 pkts / 273322 bytes   down 2599 pkts / 177997 bytes   sessions 1
up 2590 pkts / 273612 bytes   down 2604 pkts / 178424 bytes   sessions 1
up 2595 pkts / 273899 bytes   down 2609 pkts / 178760 bytes   sessions 1
up 2598 pkts / 274094 bytes   down 2612 pkts / 178930 bytes   sessions 1
up 2601 pkts / 274289 bytes   down 2615 pkts / 179100 bytes   sessions 1
up 2605 pkts / 274510 bytes   down 2619 pkts / 179353 bytes   sessions 1
up 2607 pkts / 274659 bytes   down 2621 pkts / 179460 bytes   sessions 1
up 2611 pkts / 275099 bytes   down 2624 pkts / 179573 bytes   sessions 1
up 2615 pkts / 275340 bytes   down 2628 pkts / 179826 bytes   sessions 1
up 2620 pkts / 275628 bytes   down 2633 pkts / 180142 bytes   sessions 1
up 2624 pkts / 275869 bytes   down 2637 pkts / 180395 bytes   sessions 1
up 2629 pkts / 276155 bytes   down 2642 pkts / 180766 bytes   sessions 1
up 2633 pkts / 276396 bytes   down 2646 pkts / 181019 bytes   sessions 1
up 2640 pkts / 276775 bytes   down 2653 pkts / 181521 bytes   sessions 1
up 2646 pkts / 277146 bytes   down 2659 pkts / 182041 bytes   sessions 1
up 2649 pkts / 277346 bytes   down 2662 pkts / 182280 bytes   sessions 1
up 2656 pkts / 277725 bytes   down 2669 pkts / 182727 bytes   sessions 1
up 2661 pkts / 278012 bytes   down 2675 pkts / 183146 bytes   sessions 1
up 2668 pkts / 278393 bytes   down 2684 pkts / 183704 bytes   sessions 1
session 127.0.0.1:40216 ended: EOF
up 2670 pkts / 278787 bytes   down 2692 pkts / 184179 bytes   sessions 0
up 2670 pkts / 278787 bytes   down 2692 pkts / 184179 bytes   sessions 0
up 2670 pkts / 278787 bytes   down 2692 pkts / 184179 bytes   sessions 0
up 2670 pkts / 278787 bytes   down 2692 pkts / 184179 bytes   sessions 0
up 2670 pkts / 278787 bytes   down 2692 pkts / 184179 bytes   sessions 0
up 2670 pkts / 278787 bytes   down 2692 pkts / 184179 bytes   sessions 0
up 2670 pkts / 278787 bytes   down 2692 pkts / 184179 bytes   sessions 0
up 2670 pkts / 278787 bytes   down 2692 pkts / 184179 bytes   sessions 0
up 2670 pkts / 278787 bytes   down 2692 pkts / 184179 bytes   sessions 0
up 2670 pkts / 278787 bytes   down 2692 pkts / 184179 bytes   sessions 0
up 2670 pkts / 278787 bytes   down 2692 pkts / 184179 bytes   sessions 0
up 2670 pkts / 278787 bytes   down 2692 pkts / 184179 bytes   sessions 0
up 2670 pkts / 278787 bytes   down 2692 pkts / 184179 bytes   sessions 0
up 2670 pkts / 278787 bytes   down 2692 pkts / 184179 bytes   sessions 0
up 2670 pkts / 278787 bytes   down 2692 pkts / 184179 bytes   sessions 0
up 2670 pkts / 278787 bytes   down 2692 pkts / 184179 bytes   sessions 0
up 2670 pkts / 278787 bytes   down 2692 pkts / 184179 bytes   sessions 0
up 2670 pkts / 278787 bytes   down 2692 pkts / 184179 bytes   sessions 0
up 2670 pkts / 278787 bytes   down 2692 pkts / 184179 bytes   sessions 0
up 2670 pkts / 278787 bytes   down 2692 pkts / 184179 bytes   sessions 0
up 2670 pkts / 278787 bytes   down 2692 pkts / 184179 bytes   sessions 0
up 2670 pkts / 278787 bytes   down 2692 pkts / 184179 bytes   sessions 0
up 2670 pkts / 278787 bytes   down 2692 pkts / 184179 bytes   sessions 0
up 2670 pkts / 278787 bytes   down 2692 pkts / 184179 bytes   sessions 0
up 2670 pkts / 278787 bytes   down 2692 pkts / 184179 bytes   sessions 0
up 2670 pkts / 278787 bytes   down 2692 pkts / 184179 bytes   sessions 0
up 2670 pkts / 278787 bytes   down 2692 pkts / 184179 bytes   sessions 0
up 2670 pkts / 278787 bytes   down 2692 pkts / 184179 bytes   sessions 0
up 2670 pkts / 278787 bytes   down 2692 pkts / 184179 bytes   sessions 0
up 2670 pkts / 278787 bytes   down 2692 pkts / 184179 bytes   sessions 0
up 2670 pkts / 278787 bytes   down 2692 pkts / 184179 bytes   sessions 0
up 2670 pkts / 278787 bytes   down 2692 pkts / 184179 bytes   sessions 0
up 2670 pkts / 278787 bytes   down 2692 pkts / 184179 bytes   sessions 0
up 2670 pkts / 278787 bytes   down 2692 pkts / 184179 bytes   sessions 0
up 2670 pkts / 278787 bytes   down 2692 pkts / 184179 bytes   sessions 0
up 2670 pkts / 278787 bytes   down 2692 pkts / 184179 bytes   sessions 0
up 2670 pkts / 278787 bytes   down 2692 pkts / 184179 bytes   sessions 0
up 2670 pkts / 278787 bytes   down 2692 pkts / 184179 bytes   sessions 0
up 2670 pkts / 278787 bytes   down 2692 pkts / 184179 bytes   sessions 0
up 2670 pkts / 278787 bytes   down 2692 pkts / 184179 bytes   sessions 0
up 2670 pkts / 278787 bytes   down 2692 pkts / 184179 bytes   sessions 0
up 2670 pkts / 278787 bytes   down 2692 pkts / 184179 bytes   sessions 0
up 2670 pkts / 278787 bytes   down 2692 pkts / 184179 bytes   sessions 0
up 2670 pkts / 278787 bytes   down 2692 pkts / 184179 bytes   sessions 0
up 2670 pkts / 278787 bytes   down 2692 pkts / 184179 bytes   sessions 0
session 127.0.0.1:19776: egress 192.168.0.4:0, advertise 10.0.2.2:30525
up 2688 pkts / 287306 bytes   down 2709 pkts / 190761 bytes   sessions 1
up 2707 pkts / 288804 bytes   down 2728 pkts / 191905 bytes   sessions 1
up 2707 pkts / 288804 bytes   down 2728 pkts / 191905 bytes   sessions 1
up 2711 pkts / 289125 bytes   down 2732 pkts / 192077 bytes   sessions 1
up 2713 pkts / 289318 bytes   down 2734 pkts / 192163 bytes   sessions 1
up 2715 pkts / 289446 bytes   down 2736 pkts / 192249 bytes   sessions 1
up 2720 pkts / 289767 bytes   down 2741 pkts / 192524 bytes   sessions 1
up 2725 pkts / 290050 bytes   down 2746 pkts / 192859 bytes   sessions 1
up 2731 pkts / 290378 bytes   down 2752 pkts / 193277 bytes   sessions 1
up 2740 pkts / 290882 bytes   down 2761 pkts / 193864 bytes   sessions 1
up 2744 pkts / 291066 bytes   down 2765 pkts / 194176 bytes   sessions 1
up 2749 pkts / 291353 bytes   down 2770 pkts / 194532 bytes   sessions 1
up 2757 pkts / 291897 bytes   down 2778 pkts / 194998 bytes   sessions 1
up 2767 pkts / 292670 bytes   down 2790 pkts / 195605 bytes   sessions 1
up 2771 pkts / 292956 bytes   down 2794 pkts / 195858 bytes   sessions 1
up 2775 pkts / 293177 bytes   down 2798 pkts / 196111 bytes   sessions 1
up 2777 pkts / 293326 bytes   down 2800 pkts / 196442 bytes   sessions 1
up 2780 pkts / 293521 bytes   down 2803 pkts / 196760 bytes   sessions 1
up 2780 pkts / 293521 bytes   down 2803 pkts / 196760 bytes   sessions 1
up 2780 pkts / 293521 bytes   down 2803 pkts / 196760 bytes   sessions 1
up 2782 pkts / 293650 bytes   down 2805 pkts / 196847 bytes   sessions 1
up 2783 pkts / 293753 bytes   down 2806 pkts / 196871 bytes   sessions 1
up 2786 pkts / 293948 bytes   down 2809 pkts / 197041 bytes   sessions 1
up 2795 pkts / 294419 bytes   down 2818 pkts / 197689 bytes   sessions 1
up 2802 pkts / 294798 bytes   down 2825 pkts / 198191 bytes   sessions 1
up 2808 pkts / 295131 bytes   down 2831 pkts / 198610 bytes   sessions 1
up 2813 pkts / 295398 bytes   down 2836 pkts / 198946 bytes   sessions 1
up 2819 pkts / 295731 bytes   down 2842 pkts / 199365 bytes   sessions 1
up 2823 pkts / 295952 bytes   down 2846 pkts / 199618 bytes   sessions 1
up 2830 pkts / 296331 bytes   down 2853 pkts / 200120 bytes   sessions 1
up 2835 pkts / 296598 bytes   down 2858 pkts / 200456 bytes   sessions 1
up 2838 pkts / 296838 bytes   down 2861 pkts / 200626 bytes   sessions 1
up 2841 pkts / 297078 bytes   down 2864 pkts / 200796 bytes   sessions 1
up 2844 pkts / 297253 bytes   down 2867 pkts / 200966 bytes   sessions 1
up 2846 pkts / 297382 bytes   down 2869 pkts / 201053 bytes   sessions 1
up 2849 pkts / 297557 bytes   down 2872 pkts / 201223 bytes   sessions 1
up 2851 pkts / 297686 bytes   down 2874 pkts / 201310 bytes   sessions 1
up 2852 pkts / 297789 bytes   down 2875 pkts / 201334 bytes   sessions 1
up 2855 pkts / 297984 bytes   down 2878 pkts / 201504 bytes   sessions 1
up 2857 pkts / 298150 bytes   down 2880 pkts / 201755 bytes   sessions 1
up 2859 pkts / 298279 bytes   down 2882 pkts / 201842 bytes   sessions 1
up 2863 pkts / 298463 bytes   down 2886 pkts / 202154 bytes   sessions 1
up 2864 pkts / 298509 bytes   down 2887 pkts / 202237 bytes   sessions 1
up 2866 pkts / 298669 bytes   down 2889 pkts / 202478 bytes   sessions 1
up 2869 pkts / 298875 bytes   down 2892 pkts / 202772 bytes   sessions 1
up 2869 pkts / 298875 bytes   down 2892 pkts / 202772 bytes   sessions 1
up 2869 pkts / 298875 bytes   down 2892 pkts / 202772 bytes   sessions 1
up 2872 pkts / 299084 bytes   down 2895 pkts / 203099 bytes   sessions 1
up 2874 pkts / 299247 bytes   down 2897 pkts / 203313 bytes   sessions 1
up 2876 pkts / 299376 bytes   down 2899 pkts / 203400 bytes   sessions 1
up 2881 pkts / 299663 bytes   down 2904 pkts / 203736 bytes   sessions 1
up 2887 pkts / 299996 bytes   down 2910 pkts / 204155 bytes   sessions 1
up 2895 pkts / 300421 bytes   down 2918 pkts / 204630 bytes   sessions 1
up 2902 pkts / 300800 bytes   down 2925 pkts / 205132 bytes   sessions 1
up 2906 pkts / 301086 bytes   down 2929 pkts / 205385 bytes   sessions 1
up 2909 pkts / 301326 bytes   down 2932 pkts / 205555 bytes   sessions 1
up 2916 pkts / 301705 bytes   down 2939 pkts / 206057 bytes   sessions 1
up 2920 pkts / 301926 bytes   down 2943 pkts / 206310 bytes   sessions 1
up 2923 pkts / 302223 bytes   down 2946 pkts / 206480 bytes   sessions 1
up 2926 pkts / 302418 bytes   down 2949 pkts / 206670 bytes   sessions 1
up 2928 pkts / 302669 bytes   down 2951 pkts / 206757 bytes   sessions 1
up 2928 pkts / 302669 bytes   down 2951 pkts / 206757 bytes   sessions 1
up 2931 pkts / 302966 bytes   down 2954 pkts / 206927 bytes   sessions 1
up 2933 pkts / 303095 bytes   down 2956 pkts / 207014 bytes   sessions 1
up 2935 pkts / 303224 bytes   down 2958 pkts / 207101 bytes   sessions 1
up 2940 pkts / 303511 bytes   down 2963 pkts / 207437 bytes   sessions 1
up 2947 pkts / 303890 bytes   down 2970 pkts / 207967 bytes   sessions 1
up 2950 pkts / 304065 bytes   down 2974 pkts / 208165 bytes   sessions 1
up 2953 pkts / 304240 bytes   down 2977 pkts / 208335 bytes   sessions 1
up 2955 pkts / 304389 bytes   down 2979 pkts / 208442 bytes   sessions 1
up 2957 pkts / 304640 bytes   down 2981 pkts / 208529 bytes   sessions 1
up 2960 pkts / 304815 bytes   down 2984 pkts / 208699 bytes   sessions 1
up 2966 pkts / 305148 bytes   down 2990 pkts / 209118 bytes   sessions 1
up 2974 pkts / 305573 bytes   down 2998 pkts / 209683 bytes   sessions 1
up 2977 pkts / 305748 bytes   down 3001 pkts / 209853 bytes   sessions 1
up 2980 pkts / 305923 bytes   down 3004 pkts / 210023 bytes   sessions 1
up 2983 pkts / 306118 bytes   down 3007 pkts / 210437 bytes   sessions 1
up 2985 pkts / 306267 bytes   down 3009 pkts / 210672 bytes   sessions 1
up 2987 pkts / 306416 bytes   down 3011 pkts / 210779 bytes   sessions 1
up 2993 pkts / 306749 bytes   down 3017 pkts / 211198 bytes   sessions 1
up 2996 pkts / 306924 bytes   down 3020 pkts / 211368 bytes   sessions 1
up 3000 pkts / 307165 bytes   down 3024 pkts / 211621 bytes   sessions 1
up 3005 pkts / 307553 bytes   down 3030 pkts / 212020 bytes   sessions 1
up 3010 pkts / 307810 bytes   down 3034 pkts / 212216 bytes   sessions 1
up 3012 pkts / 308004 bytes   down 3036 pkts / 212303 bytes   sessions 1
up 3016 pkts / 308290 bytes   down 3040 pkts / 212556 bytes   sessions 1
session 127.0.0.1:19776 ended: EOF
up 3018 pkts / 308419 bytes   down 3042 pkts / 212643 bytes   sessions 0
up 3018 pkts / 308419 bytes   down 3042 pkts / 212643 bytes   sessions 0
up 3018 pkts / 308419 bytes   down 3042 pkts / 212643 bytes   sessions 0
up 3018 pkts / 308419 bytes   down 3042 pkts / 212643 bytes   sessions 0
up 3018 pkts / 308419 bytes   down 3042 pkts / 212643 bytes   sessions 0
up 3018 pkts / 308419 bytes   down 3042 pkts / 212643 bytes   sessions 0
up 3018 pkts / 308419 bytes   down 3042 pkts / 212643 bytes   sessions 0
up 3018 pkts / 308419 bytes   down 3042 pkts / 212643 bytes   sessions 0
up 3018 pkts / 308419 bytes   down 3042 pkts / 212643 bytes   sessions 0
up 3018 pkts / 308419 bytes   down 3042 pkts / 212643 bytes   sessions 0
up 3018 pkts / 308419 bytes   down 3042 pkts / 212643 bytes   sessions 0
up 3018 pkts / 308419 bytes   down 3042 pkts / 212643 bytes   sessions 0
up 3018 pkts / 308419 bytes   down 3042 pkts / 212643 bytes   sessions 0
up 3018 pkts / 308419 bytes   down 3042 pkts / 212643 bytes   sessions 0
up 3018 pkts / 308419 bytes   down 3042 pkts / 212643 bytes   sessions 0
up 3018 pkts / 308419 bytes   down 3042 pkts / 212643 bytes   sessions 0
up 3018 pkts / 308419 bytes   down 3042 pkts / 212643 bytes   sessions 0
up 3018 pkts / 308419 bytes   down 3042 pkts / 212643 bytes   sessions 0
up 3018 pkts / 308419 bytes   down 3042 pkts / 212643 bytes   sessions 0
up 3018 pkts / 308419 bytes   down 3042 pkts / 212643 bytes   sessions 0
up 3018 pkts / 308419 bytes   down 3042 pkts / 212643 bytes   sessions 0
up 3018 pkts / 308419 bytes   down 3042 pkts / 212643 bytes   sessions 0
up 3018 pkts / 308419 bytes   down 3042 pkts / 212643 bytes   sessions 0
up 3018 pkts / 308419 bytes   down 3042 pkts / 212643 bytes   sessions 0
up 3018 pkts / 308419 bytes   down 3042 pkts / 212643 bytes   sessions 0
up 3018 pkts / 308419 bytes   down 3042 pkts / 212643 bytes   sessions 0
up 3018 pkts / 308419 bytes   down 3042 pkts / 212643 bytes   sessions 0
up 3018 pkts / 308419 bytes   down 3042 pkts / 212643 bytes   sessions 0
up 3018 pkts / 308419 bytes   down 3042 pkts / 212643 bytes   sessions 0
up 3018 pkts / 308419 bytes   down 3042 pkts / 212643 bytes   sessions 0
up 3018 pkts / 308419 bytes   down 3042 pkts / 212643 bytes   sessions 0
up 3018 pkts / 308419 bytes   down 3042 pkts / 212643 bytes   sessions 0
up 3018 pkts / 308419 bytes   down 3042 pkts / 212643 bytes   sessions 0
up 3018 pkts / 308419 bytes   down 3042 pkts / 212643 bytes   sessions 0
up 3018 pkts / 308419 bytes   down 3042 pkts / 212643 bytes   sessions 0
up 3018 pkts / 308419 bytes   down 3042 pkts / 212643 bytes   sessions 0
up 3018 pkts / 308419 bytes   down 3042 pkts / 212643 bytes   sessions 0
up 3018 pkts / 308419 bytes   down 3042 pkts / 212643 bytes   sessions 0
up 3018 pkts / 308419 bytes   down 3042 pkts / 212643 bytes   sessions 0
up 3018 pkts / 308419 bytes   down 3042 pkts / 212643 bytes   sessions 0
up 3018 pkts / 308419 bytes   down 3042 pkts / 212643 bytes   sessions 0
up 3018 pkts / 308419 bytes   down 3042 pkts / 212643 bytes   sessions 0
up 3018 pkts / 308419 bytes   down 3042 pkts / 212643 bytes   sessions 0
up 3018 pkts / 308419 bytes   down 3042 pkts / 212643 bytes   sessions 0
up 3018 pkts / 308419 bytes   down 3042 pkts / 212643 bytes   sessions 0
up 3018 pkts / 308419 bytes   down 3042 pkts / 212643 bytes   sessions 0
up 3018 pkts / 308419 bytes   down 3042 pkts / 212643 bytes   sessions 0
up 3018 pkts / 308419 bytes   down 3042 pkts / 212643 bytes   sessions 0
up 3018 pkts / 308419 bytes   down 3042 pkts / 212643 bytes   sessions 0
up 3018 pkts / 308419 bytes   down 3042 pkts / 212643 bytes   sessions 0
up 3018 pkts / 308419 bytes   down 3042 pkts / 212643 bytes   sessions 0
up 3018 pkts / 308419 bytes   down 3042 pkts / 212643 bytes   sessions 0
up 3018 pkts / 308419 bytes   down 3042 pkts / 212643 bytes   sessions 0
up 3018 pkts / 308419 bytes   down 3042 pkts / 212643 bytes   sessions 0
up 3018 pkts / 308419 bytes   down 3042 pkts / 212643 bytes   sessions 0
session 127.0.0.1:30272: egress 192.168.0.4:0, advertise 10.0.2.2:63677
up 3030 pkts / 316664 bytes   down 3056 pkts / 217814 bytes   sessions 1
session 127.0.0.1:10362: egress 192.168.0.4:0, advertise 10.0.2.2:42526
session 127.0.0.1:30272 ended: EOF
up 3065 pkts / 326700 bytes   down 3095 pkts / 224501 bytes   sessions 1
up 3065 pkts / 326700 bytes   down 3095 pkts / 224501 bytes   sessions 1
up 3066 pkts / 326831 bytes   down 3096 pkts / 224524 bytes   sessions 1
up 3068 pkts / 326959 bytes   down 3098 pkts / 224610 bytes   sessions 1
up 3068 pkts / 326959 bytes   down 3098 pkts / 224610 bytes   sessions 1
up 3069 pkts / 327087 bytes   down 3099 pkts / 224633 bytes   sessions 1
up 3073 pkts / 327343 bytes   down 3103 pkts / 224805 bytes   sessions 1
up 3075 pkts / 327471 bytes   down 3105 pkts / 224891 bytes   sessions 1
up 3077 pkts / 327599 bytes   down 3107 pkts / 224977 bytes   sessions 1
up 3081 pkts / 327855 bytes   down 3111 pkts / 225149 bytes   sessions 1
up 3082 pkts / 328008 bytes   down 3112 pkts / 225172 bytes   sessions 1
up 3083 pkts / 328136 bytes   down 3113 pkts / 225195 bytes   sessions 1
up 3095 pkts / 329167 bytes   down 3125 pkts / 225631 bytes   sessions 1
up 3096 pkts / 329320 bytes   down 3126 pkts / 225654 bytes   sessions 1
up 3097 pkts / 329451 bytes   down 3127 pkts / 225677 bytes   sessions 1
up 3098 pkts / 329582 bytes   down 3128 pkts / 225700 bytes   sessions 1
up 3099 pkts / 329710 bytes   down 3129 pkts / 225723 bytes   sessions 1
up 3100 pkts / 329838 bytes   down 3130 pkts / 225746 bytes   sessions 1
up 3101 pkts / 329966 bytes   down 3131 pkts / 225770 bytes   sessions 1
up 3102 pkts / 330097 bytes   down 3132 pkts / 225794 bytes   sessions 1
up 3103 pkts / 330228 bytes   down 3133 pkts / 225818 bytes   sessions 1
up 3104 pkts / 330359 bytes   down 3134 pkts / 225842 bytes   sessions 1
up 3105 pkts / 330490 bytes   down 3135 pkts / 225866 bytes   sessions 1
up 3106 pkts / 330621 bytes   down 3136 pkts / 225890 bytes   sessions 1
up 3107 pkts / 330752 bytes   down 3137 pkts / 225914 bytes   sessions 1
up 3108 pkts / 330883 bytes   down 3138 pkts / 225938 bytes   sessions 1
up 3110 pkts / 331035 bytes   down 3140 pkts / 226092 bytes   sessions 1
up 3113 pkts / 331248 bytes   down 3142 pkts / 226142 bytes   sessions 1
up 3115 pkts / 331515 bytes   down 3144 pkts / 226231 bytes   sessions 1
up 3116 pkts / 331646 bytes   down 3145 pkts / 226255 bytes   sessions 1
up 3117 pkts / 331774 bytes   down 3146 pkts / 226279 bytes   sessions 1
up 3118 pkts / 331928 bytes   down 3147 pkts / 226303 bytes   sessions 1
up 3119 pkts / 332059 bytes   down 3148 pkts / 226327 bytes   sessions 1
up 3120 pkts / 332187 bytes   down 3149 pkts / 226351 bytes   sessions 1
up 3122 pkts / 332454 bytes   down 3151 pkts / 226438 bytes   sessions 1
up 3123 pkts / 332582 bytes   down 3152 pkts / 226462 bytes   sessions 1
up 3124 pkts / 332713 bytes   down 3153 pkts / 226486 bytes   sessions 1
up 3126 pkts / 332842 bytes   down 3155 pkts / 226573 bytes   sessions 1
up 3129 pkts / 333037 bytes   down 3158 pkts / 226763 bytes   sessions 1
up 3131 pkts / 333129 bytes   down 3160 pkts / 226909 bytes   sessions 1
up 3132 pkts / 333175 bytes   down 3161 pkts / 226992 bytes   sessions 1
up 3134 pkts / 333352 bytes   down 3163 pkts / 227099 bytes   sessions 1
up 3135 pkts / 333480 bytes   down 3164 pkts / 227123 bytes   sessions 1
up 3137 pkts / 333747 bytes   down 3166 pkts / 227210 bytes   sessions 1
up 3139 pkts / 333876 bytes   down 3168 pkts / 227297 bytes   sessions 1
up 3142 pkts / 334051 bytes   down 3171 pkts / 227467 bytes   sessions 1
up 3143 pkts / 334179 bytes   down 3172 pkts / 227491 bytes   sessions 1
up 3144 pkts / 334307 bytes   down 3173 pkts / 227515 bytes   sessions 1
up 3145 pkts / 334462 bytes   down 3174 pkts / 227539 bytes   sessions 1
up 3146 pkts / 334590 bytes   down 3175 pkts / 227563 bytes   sessions 1
up 3147 pkts / 334718 bytes   down 3176 pkts / 227587 bytes   sessions 1
up 3148 pkts / 334846 bytes   down 3177 pkts / 227611 bytes   sessions 1
up 3151 pkts / 335041 bytes   down 3180 pkts / 227801 bytes   sessions 1
up 3155 pkts / 335282 bytes   down 3184 pkts / 228278 bytes   sessions 1
up 3158 pkts / 335477 bytes   down 3187 pkts / 228596 bytes   sessions 1
up 3161 pkts / 335676 bytes   down 3190 pkts / 228913 bytes   sessions 1
up 3163 pkts / 335829 bytes   down 3192 pkts / 229147 bytes   sessions 1
up 3165 pkts / 335979 bytes   down 3194 pkts / 229379 bytes   sessions 1
up 3167 pkts / 336132 bytes   down 3196 pkts / 229583 bytes   sessions 1
up 3170 pkts / 336331 bytes   down 3199 pkts / 229870 bytes   sessions 1
up 3172 pkts / 336481 bytes   down 3201 pkts / 230072 bytes   sessions 1
up 3173 pkts / 336609 bytes   down 3202 pkts / 230096 bytes   sessions 1
up 3174 pkts / 336737 bytes   down 3203 pkts / 230120 bytes   sessions 1
up 3175 pkts / 336865 bytes   down 3204 pkts / 230144 bytes   sessions 1
up 3176 pkts / 336993 bytes   down 3205 pkts / 230168 bytes   sessions 1
up 3177 pkts / 337121 bytes   down 3206 pkts / 230194 bytes   sessions 1
up 3179 pkts / 337388 bytes   down 3208 pkts / 230283 bytes   sessions 1
up 3180 pkts / 337519 bytes   down 3209 pkts / 230307 bytes   sessions 1
up 3184 pkts / 337730 bytes   down 3213 pkts / 230446 bytes   sessions 1
up 3187 pkts / 337925 bytes   down 3216 pkts / 230636 bytes   sessions 1
up 3191 pkts / 338146 bytes   down 3220 pkts / 230869 bytes   sessions 1
up 3195 pkts / 338387 bytes   down 3224 pkts / 231142 bytes   sessions 1
up 3201 pkts / 338720 bytes   down 3230 pkts / 231561 bytes   sessions 1
up 3205 pkts / 338986 bytes   down 3234 pkts / 231814 bytes   sessions 1
up 3209 pkts / 339207 bytes   down 3238 pkts / 232067 bytes   sessions 1
up 3213 pkts / 339448 bytes   down 3242 pkts / 232340 bytes   sessions 1
up 3217 pkts / 339714 bytes   down 3246 pkts / 232593 bytes   sessions 1
up 3219 pkts / 339905 bytes   down 3248 pkts / 232700 bytes   sessions 1
up 3223 pkts / 340188 bytes   down 3252 pkts / 232918 bytes   sessions 1
up 3226 pkts / 340363 bytes   down 3255 pkts / 233088 bytes   sessions 1
up 3227 pkts / 340519 bytes   down 3256 pkts / 233112 bytes   sessions 1
up 3229 pkts / 340648 bytes   down 3258 pkts / 233199 bytes   sessions 1
up 3233 pkts / 340904 bytes   down 3261 pkts / 233332 bytes   sessions 1
up 3234 pkts / 341032 bytes   down 3262 pkts / 233358 bytes   sessions 1
session 127.0.0.1:10362 ended: EOF
up 3234 pkts / 341032 bytes   down 3262 pkts / 233358 bytes   sessions 0
up 3234 pkts / 341032 bytes   down 3262 pkts / 233358 bytes   sessions 0
up 3234 pkts / 341032 bytes   down 3262 pkts / 233358 bytes   sessions 0
up 3234 pkts / 341032 bytes   down 3262 pkts / 233358 bytes   sessions 0
up 3234 pkts / 341032 bytes   down 3262 pkts / 233358 bytes   sessions 0
up 3234 pkts / 341032 bytes   down 3262 pkts / 233358 bytes   sessions 0
up 3234 pkts / 341032 bytes   down 3262 pkts / 233358 bytes   sessions 0
up 3234 pkts / 341032 bytes   down 3262 pkts / 233358 bytes   sessions 0
up 3234 pkts / 341032 bytes   down 3262 pkts / 233358 bytes   sessions 0
up 3234 pkts / 341032 bytes   down 3262 pkts / 233358 bytes   sessions 0
up 3234 pkts / 341032 bytes   down 3262 pkts / 233358 bytes   sessions 0
up 3234 pkts / 341032 bytes   down 3262 pkts / 233358 bytes   sessions 0
up 3234 pkts / 341032 bytes   down 3262 pkts / 233358 bytes   sessions 0
up 3234 pkts / 341032 bytes   down 3262 pkts / 233358 bytes   sessions 0
up 3234 pkts / 341032 bytes   down 3262 pkts / 233358 bytes   sessions 0
up 3234 pkts / 341032 bytes   down 3262 pkts / 233358 bytes   sessions 0
up 3234 pkts / 341032 bytes   down 3262 pkts / 233358 bytes   sessions 0
up 3234 pkts / 341032 bytes   down 3262 pkts / 233358 bytes   sessions 0
up 3234 pkts / 341032 bytes   down 3262 pkts / 233358 bytes   sessions 0
up 3234 pkts / 341032 bytes   down 3262 pkts / 233358 bytes   sessions 0
session 127.0.0.1:46606: egress 192.168.0.4:0, advertise 10.0.2.2:41307
up 3242 pkts / 348829 bytes   down 3268 pkts / 236916 bytes   sessions 1
up 3270 pkts / 351151 bytes   down 3303 pkts / 240097 bytes   sessions 1
up 3270 pkts / 351151 bytes   down 3303 pkts / 240097 bytes   sessions 1
up 3270 pkts / 351151 bytes   down 3303 pkts / 240097 bytes   sessions 1
up 3272 pkts / 351279 bytes   down 3305 pkts / 240183 bytes   sessions 1
up 3274 pkts / 351446 bytes   down 3307 pkts / 240435 bytes   sessions 1
up 3276 pkts / 351574 bytes   down 3309 pkts / 240521 bytes   sessions 1
up 3280 pkts / 351830 bytes   down 3313 pkts / 240693 bytes   sessions 1
up 3282 pkts / 351958 bytes   down 3315 pkts / 240779 bytes   sessions 1
up 3284 pkts / 352086 bytes   down 3317 pkts / 240865 bytes   sessions 1
up 3288 pkts / 352365 bytes   down 3321 pkts / 241104 bytes   sessions 1
up 3288 pkts / 352365 bytes   down 3321 pkts / 241104 bytes   sessions 1
up 3293 pkts / 352772 bytes   down 3326 pkts / 241456 bytes   sessions 1
up 3304 pkts / 353536 bytes   down 3338 pkts / 242531 bytes   sessions 1
up 3306 pkts / 353665 bytes   down 3340 pkts / 242618 bytes   sessions 1
up 3309 pkts / 353860 bytes   down 3343 pkts / 242808 bytes   sessions 1
up 3312 pkts / 354055 bytes   down 3346 pkts / 242978 bytes   sessions 1
up 3315 pkts / 354230 bytes   down 3349 pkts / 243148 bytes   sessions 1
up 3317 pkts / 354379 bytes   down 3351 pkts / 243255 bytes   sessions 1
up 3321 pkts / 354600 bytes   down 3355 pkts / 243508 bytes   sessions 1
up 3327 pkts / 354913 bytes   down 3361 pkts / 243907 bytes   sessions 1
up 3332 pkts / 355143 bytes   down 3366 pkts / 244302 bytes   sessions 1
up 3333 pkts / 355189 bytes   down 3367 pkts / 244385 bytes   sessions 1
up 3336 pkts / 355364 bytes   down 3370 pkts / 244555 bytes   sessions 1
up 3338 pkts / 355493 bytes   down 3372 pkts / 244642 bytes   sessions 1
up 3340 pkts / 355622 bytes   down 3374 pkts / 244729 bytes   sessions 1
up 3346 pkts / 355935 bytes   down 3380 pkts / 245038 bytes   sessions 1
up 3348 pkts / 356064 bytes   down 3382 pkts / 245125 bytes   sessions 1
up 3350 pkts / 356193 bytes   down 3384 pkts / 245212 bytes   sessions 1
up 3352 pkts / 356322 bytes   down 3386 pkts / 245299 bytes   sessions 1
up 3355 pkts / 356517 bytes   down 3389 pkts / 245489 bytes   sessions 1
up 3359 pkts / 356758 bytes   down 3393 pkts / 245742 bytes   sessions 1
up 3363 pkts / 356999 bytes   down 3397 pkts / 245995 bytes   sessions 1
up 3369 pkts / 357312 bytes   down 3403 pkts / 246394 bytes   sessions 1
up 3371 pkts / 357461 bytes   down 3405 pkts / 246501 bytes   sessions 1
up 3377 pkts / 357774 bytes   down 3411 pkts / 246900 bytes   sessions 1
up 3383 pkts / 358087 bytes   down 3417 pkts / 247264 bytes   sessions 1
up 3385 pkts / 358216 bytes   down 3419 pkts / 247351 bytes   sessions 1
up 3388 pkts / 358391 bytes   down 3422 pkts / 247521 bytes   sessions 1
up 3391 pkts / 358566 bytes   down 3425 pkts / 247691 bytes   sessions 1
up 3393 pkts / 358695 bytes   down 3427 pkts / 247778 bytes   sessions 1
up 3396 pkts / 358870 bytes   down 3430 pkts / 247948 bytes   sessions 1
up 3398 pkts / 358999 bytes   down 3432 pkts / 248035 bytes   sessions 1
up 3400 pkts / 359128 bytes   down 3434 pkts / 248122 bytes   sessions 1
session 127.0.0.1:46606 ended: EOF
up 3400 pkts / 359128 bytes   down 3434 pkts / 248122 bytes   sessions 0
up 3400 pkts / 359128 bytes   down 3434 pkts / 248122 bytes   sessions 0
up 3400 pkts / 359128 bytes   down 3434 pkts / 248122 bytes   sessions 0
up 3400 pkts / 359128 bytes   down 3434 pkts / 248122 bytes   sessions 0
up 3400 pkts / 359128 bytes   down 3434 pkts / 248122 bytes   sessions 0
up 3400 pkts / 359128 bytes   down 3434 pkts / 248122 bytes   sessions 0
up 3400 pkts / 359128 bytes   down 3434 pkts / 248122 bytes   sessions 0
up 3400 pkts / 359128 bytes   down 3434 pkts / 248122 bytes   sessions 0
up 3400 pkts / 359128 bytes   down 3434 pkts / 248122 bytes   sessions 0
up 3400 pkts / 359128 bytes   down 3434 pkts / 248122 bytes   sessions 0
up 3400 pkts / 359128 bytes   down 3434 pkts / 248122 bytes   sessions 0
up 3400 pkts / 359128 bytes   down 3434 pkts / 248122 bytes   sessions 0
up 3400 pkts / 359128 bytes   down 3434 pkts / 248122 bytes   sessions 0
up 3400 pkts / 359128 bytes   down 3434 pkts / 248122 bytes   sessions 0
up 3400 pkts / 359128 bytes   down 3434 pkts / 248122 bytes   sessions 0
up 3400 pkts / 359128 bytes   down 3434 pkts / 248122 bytes   sessions 0
up 3400 pkts / 359128 bytes   down 3434 pkts / 248122 bytes   sessions 0
up 3400 pkts / 359128 bytes   down 3434 pkts / 248122 bytes   sessions 0
up 3400 pkts / 359128 bytes   down 3434 pkts / 248122 bytes   sessions 0
up 3400 pkts / 359128 bytes   down 3434 pkts / 248122 bytes   sessions 0
up 3400 pkts / 359128 bytes   down 3434 pkts / 248122 bytes   sessions 0
up 3400 pkts / 359128 bytes   down 3434 pkts / 248122 bytes   sessions 0
up 3400 pkts / 359128 bytes   down 3434 pkts / 248122 bytes   sessions 0
up 3400 pkts / 359128 bytes   down 3434 pkts / 248122 bytes   sessions 0
up 3400 pkts / 359128 bytes   down 3434 pkts / 248122 bytes   sessions 0
up 3400 pkts / 359128 bytes   down 3434 pkts / 248122 bytes   sessions 0
up 3400 pkts / 359128 bytes   down 3434 pkts / 248122 bytes   sessions 0
up 3400 pkts / 359128 bytes   down 3434 pkts / 248122 bytes   sessions 0
up 3400 pkts / 359128 bytes   down 3434 pkts / 248122 bytes   sessions 0
up 3400 pkts / 359128 bytes   down 3434 pkts / 248122 bytes   sessions 0
up 3400 pkts / 359128 bytes   down 3434 pkts / 248122 bytes   sessions 0
up 3400 pkts / 359128 bytes   down 3434 pkts / 248122 bytes   sessions 0
up 3400 pkts / 359128 bytes   down 3434 pkts / 248122 bytes   sessions 0
up 3400 pkts / 359128 bytes   down 3434 pkts / 248122 bytes   sessions 0
up 3400 pkts / 359128 bytes   down 3434 pkts / 248122 bytes   sessions 0
up 3400 pkts / 359128 bytes   down 3434 pkts / 248122 bytes   sessions 0
up 3400 pkts / 359128 bytes   down 3434 pkts / 248122 bytes   sessions 0
up 3400 pkts / 359128 bytes   down 3434 pkts / 248122 bytes   sessions 0
up 3400 pkts / 359128 bytes   down 3434 pkts / 248122 bytes   sessions 0
up 3400 pkts / 359128 bytes   down 3434 pkts / 248122 bytes   sessions 0
up 3400 pkts / 359128 bytes   down 3434 pkts / 248122 bytes   sessions 0
up 3400 pkts / 359128 bytes   down 3434 pkts / 248122 bytes   sessions 0
up 3400 pkts / 359128 bytes   down 3434 pkts / 248122 bytes   sessions 0
up 3400 pkts / 359128 bytes   down 3434 pkts / 248122 bytes   sessions 0
up 3400 pkts / 359128 bytes   down 3434 pkts / 248122 bytes   sessions 0
up 3400 pkts / 359128 bytes   down 3434 pkts / 248122 bytes   sessions 0
up 3400 pkts / 359128 bytes   down 3434 pkts / 248122 bytes   sessions 0
up 3400 pkts / 359128 bytes   down 3434 pkts / 248122 bytes   sessions 0
up 3400 pkts / 359128 bytes   down 3434 pkts / 248122 bytes   sessions 0
up 3400 pkts / 359128 bytes   down 3434 pkts / 248122 bytes   sessions 0
up 3400 pkts / 359128 bytes   down 3434 pkts / 248122 bytes   sessions 0
up 3400 pkts / 359128 bytes   down 3434 pkts / 248122 bytes   sessions 0
up 3400 pkts / 359128 bytes   down 3434 pkts / 248122 bytes   sessions 0
up 3400 pkts / 359128 bytes   down 3434 pkts / 248122 bytes   sessions 0
up 3400 pkts / 359128 bytes   down 3434 pkts / 248122 bytes   sessions 0
up 3400 pkts / 359128 bytes   down 3434 pkts / 248122 bytes   sessions 0
up 3400 pkts / 359128 bytes   down 3434 pkts / 248122 bytes   sessions 0
up 3400 pkts / 359128 bytes   down 3434 pkts / 248122 bytes   sessions 0
up 3400 pkts / 359128 bytes   down 3434 pkts / 248122 bytes   sessions 0
up 3400 pkts / 359128 bytes   down 3434 pkts / 248122 bytes   sessions 0
up 3400 pkts / 359128 bytes   down 3434 pkts / 248122 bytes   sessions 0
up 3400 pkts / 359128 bytes   down 3434 pkts / 248122 bytes   sessions 0
up 3400 pkts / 359128 bytes   down 3434 pkts / 248122 bytes   sessions 0
up 3400 pkts / 359128 bytes   down 3434 pkts / 248122 bytes   sessions 0
up 3400 pkts / 359128 bytes   down 3434 pkts / 248122 bytes   sessions 0
up 3400 pkts / 359128 bytes   down 3434 pkts / 248122 bytes   sessions 0
up 3400 pkts / 359128 bytes   down 3434 pkts / 248122 bytes   sessions 0
up 3400 pkts / 359128 bytes   down 3434 pkts / 248122 bytes   sessions 0
up 3400 pkts / 359128 bytes   down 3434 pkts / 248122 bytes   sessions 0
up 3400 pkts / 359128 bytes   down 3434 pkts / 248122 bytes   sessions 0
up 3400 pkts / 359128 bytes   down 3434 pkts / 248122 bytes   sessions 0
up 3400 pkts / 359128 bytes   down 3434 pkts / 248122 bytes   sessions 0
session 127.0.0.1:16080: egress 192.168.0.4:0, advertise 10.0.2.2:62481
up 3409 pkts / 366961 bytes   down 3440 pkts / 251689 bytes   sessions 1
up 3457 pkts / 372353 bytes   down 3488 pkts / 259775 bytes   sessions 1
up 3458 pkts / 372481 bytes   down 3489 pkts / 259798 bytes   sessions 1
up 3461 pkts / 372740 bytes   down 3492 pkts / 259907 bytes   sessions 1
up 3461 pkts / 372740 bytes   down 3492 pkts / 259907 bytes   sessions 1
up 3463 pkts / 372868 bytes   down 3494 pkts / 259993 bytes   sessions 1
up 3467 pkts / 373124 bytes   down 3498 pkts / 260165 bytes   sessions 1
up 3469 pkts / 373252 bytes   down 3500 pkts / 260251 bytes   sessions 1
up 3470 pkts / 373383 bytes   down 3501 pkts / 260274 bytes   sessions 1
up 3473 pkts / 373643 bytes   down 3504 pkts / 260385 bytes   sessions 1
up 3475 pkts / 373772 bytes   down 3506 pkts / 260472 bytes   sessions 1
up 3476 pkts / 373903 bytes   down 3507 pkts / 260496 bytes   sessions 1
up 3479 pkts / 374160 bytes   down 3510 pkts / 260607 bytes   sessions 1
up 3488 pkts / 374934 bytes   down 3519 pkts / 260940 bytes   sessions 1
up 3489 pkts / 375065 bytes   down 3520 pkts / 260964 bytes   sessions 1
up 3490 pkts / 375210 bytes   down 3521 pkts / 260988 bytes   sessions 1
up 3491 pkts / 375341 bytes   down 3522 pkts / 261012 bytes   sessions 1
up 3492 pkts / 375472 bytes   down 3523 pkts / 261036 bytes   sessions 1
up 3493 pkts / 375603 bytes   down 3524 pkts / 261060 bytes   sessions 1
up 3494 pkts / 375734 bytes   down 3525 pkts / 261084 bytes   sessions 1
up 3495 pkts / 375865 bytes   down 3526 pkts / 261108 bytes   sessions 1
up 3496 pkts / 376019 bytes   down 3527 pkts / 261132 bytes   sessions 1
up 3499 pkts / 376331 bytes   down 3530 pkts / 261208 bytes   sessions 1
up 3500 pkts / 376462 bytes   down 3531 pkts / 261234 bytes   sessions 1
up 3500 pkts / 376462 bytes   down 3531 pkts / 261234 bytes   sessions 1
up 3500 pkts / 376462 bytes   down 3531 pkts / 261234 bytes   sessions 1
up 3501 pkts / 376593 bytes   down 3532 pkts / 261260 bytes   sessions 1
up 3502 pkts / 376746 bytes   down 3533 pkts / 261286 bytes   sessions 1
up 3503 pkts / 376976 bytes   down 3534 pkts / 261312 bytes   sessions 1
up 3504 pkts / 377206 bytes   down 3535 pkts / 261338 bytes   sessions 1
up 3505 pkts / 377337 bytes   down 3536 pkts / 261364 bytes   sessions 1
up 3506 pkts / 377468 bytes   down 3537 pkts / 261390 bytes   sessions 1
up 3507 pkts / 377599 bytes   down 3538 pkts / 261416 bytes   sessions 1
up 3508 pkts / 377730 bytes   down 3539 pkts / 261442 bytes   sessions 1
up 3510 pkts / 377859 bytes   down 3541 pkts / 261531 bytes   sessions 1
up 3511 pkts / 377990 bytes   down 3542 pkts / 261555 bytes   sessions 1
up 3512 pkts / 378093 bytes   down 3543 pkts / 261579 bytes   sessions 1
up 3514 pkts / 378245 bytes   down 3545 pkts / 261733 bytes   sessions 1
up 3516 pkts / 378399 bytes   down 3547 pkts / 261820 bytes   sessions 1
up 3517 pkts / 378570 bytes   down 3548 pkts / 261844 bytes   sessions 1
up 3518 pkts / 378701 bytes   down 3549 pkts / 261868 bytes   sessions 1
up 3519 pkts / 378854 bytes   down 3550 pkts / 261892 bytes   sessions 1
up 3520 pkts / 378985 bytes   down 3551 pkts / 261916 bytes   sessions 1
up 3523 pkts / 379160 bytes   down 3554 pkts / 262114 bytes   sessions 1
up 3524 pkts / 379291 bytes   down 3555 pkts / 262140 bytes   sessions 1
up 3525 pkts / 379422 bytes   down 3556 pkts / 262166 bytes   sessions 1
up 3527 pkts / 379551 bytes   down 3558 pkts / 262255 bytes   sessions 1
up 3528 pkts / 379682 bytes   down 3559 pkts / 262279 bytes   sessions 1
up 3529 pkts / 379813 bytes   down 3560 pkts / 262303 bytes   sessions 1
up 3531 pkts / 379967 bytes   down 3562 pkts / 262390 bytes   sessions 1
up 3532 pkts / 380098 bytes   down 3563 pkts / 262414 bytes   sessions 1
up 3534 pkts / 380266 bytes   down 3565 pkts / 262671 bytes   sessions 1
up 3536 pkts / 380434 bytes   down 3567 pkts / 262898 bytes   sessions 1
up 3538 pkts / 380597 bytes   down 3569 pkts / 263112 bytes   sessions 1
up 3539 pkts / 380728 bytes   down 3570 pkts / 263136 bytes   sessions 1
up 3541 pkts / 380891 bytes   down 3572 pkts / 263380 bytes   sessions 1
up 3541 pkts / 380891 bytes   down 3572 pkts / 263380 bytes   sessions 1
up 3541 pkts / 380891 bytes   down 3572 pkts / 263380 bytes   sessions 1
up 3542 pkts / 381121 bytes   down 3573 pkts / 263404 bytes   sessions 1
up 3543 pkts / 381351 bytes   down 3574 pkts / 263428 bytes   sessions 1
up 3544 pkts / 381479 bytes   down 3575 pkts / 263452 bytes   sessions 1
up 3546 pkts / 381631 bytes   down 3577 pkts / 263685 bytes   sessions 1
up 3548 pkts / 381783 bytes   down 3579 pkts / 263888 bytes   sessions 1
up 3550 pkts / 381933 bytes   down 3581 pkts / 264120 bytes   sessions 1
up 3552 pkts / 382083 bytes   down 3583 pkts / 264322 bytes   sessions 1
up 3553 pkts / 382211 bytes   down 3584 pkts / 264346 bytes   sessions 1
up 3554 pkts / 383213 bytes   down 3585 pkts / 264370 bytes   sessions 1
up 3555 pkts / 383344 bytes   down 3586 pkts / 264394 bytes   sessions 1
up 3556 pkts / 383475 bytes   down 3587 pkts / 264418 bytes   sessions 1
up 3557 pkts / 383606 bytes   down 3588 pkts / 264442 bytes   sessions 1
up 3559 pkts / 383735 bytes   down 3590 pkts / 264529 bytes   sessions 1
up 3561 pkts / 383864 bytes   down 3592 pkts / 264616 bytes   sessions 1
up 3563 pkts / 383993 bytes   down 3594 pkts / 264703 bytes   sessions 1
up 3564 pkts / 384124 bytes   down 3595 pkts / 264727 bytes   sessions 1
up 3569 pkts / 384411 bytes   down 3600 pkts / 265063 bytes   sessions 1
up 3571 pkts / 384588 bytes   down 3602 pkts / 265170 bytes   sessions 1
up 3572 pkts / 384719 bytes   down 3603 pkts / 265194 bytes   sessions 1
up 3573 pkts / 384850 bytes   down 3604 pkts / 265218 bytes   sessions 1
up 3574 pkts / 384981 bytes   down 3605 pkts / 265242 bytes   sessions 1
up 3576 pkts / 385110 bytes   down 3607 pkts / 265329 bytes   sessions 1
up 3577 pkts / 385241 bytes   down 3608 pkts / 265353 bytes   sessions 1
up 3578 pkts / 385394 bytes   down 3609 pkts / 265377 bytes   sessions 1
up 3579 pkts / 385624 bytes   down 3610 pkts / 265401 bytes   sessions 1
up 3580 pkts / 385752 bytes   down 3611 pkts / 265425 bytes   sessions 1
up 3581 pkts / 385880 bytes   down 3612 pkts / 265449 bytes   sessions 1
up 3583 pkts / 386034 bytes   down 3614 pkts / 265536 bytes   sessions 1
up 3584 pkts / 386162 bytes   down 3615 pkts / 265560 bytes   sessions 1
up 3585 pkts / 386293 bytes   down 3616 pkts / 265584 bytes   sessions 1
up 3586 pkts / 386424 bytes   down 3617 pkts / 265608 bytes   sessions 1
up 3588 pkts / 386553 bytes   down 3619 pkts / 265695 bytes   sessions 1
up 3593 pkts / 386840 bytes   down 3624 pkts / 266031 bytes   sessions 1
up 3594 pkts / 387794 bytes   down 3625 pkts / 266055 bytes   sessions 1
up 3595 pkts / 387925 bytes   down 3626 pkts / 266079 bytes   sessions 1
up 3596 pkts / 388056 bytes   down 3627 pkts / 266103 bytes   sessions 1
up 3597 pkts / 388209 bytes   down 3628 pkts / 266127 bytes   sessions 1
up 3597 pkts / 388209 bytes   down 3628 pkts / 266127 bytes   sessions 1
up 3598 pkts / 388533 bytes   down 3629 pkts / 266151 bytes   sessions 1
up 3599 pkts / 388661 bytes   down 3630 pkts / 266175 bytes   sessions 1
up 3601 pkts / 388790 bytes   down 3632 pkts / 266262 bytes   sessions 1
up 3602 pkts / 388921 bytes   down 3633 pkts / 266286 bytes   sessions 1
up 3603 pkts / 389052 bytes   down 3634 pkts / 266310 bytes   sessions 1
up 3608 pkts / 389339 bytes   down 3639 pkts / 266646 bytes   sessions 1
up 3610 pkts / 389516 bytes   down 3641 pkts / 266753 bytes   sessions 1
up 3611 pkts / 389653 bytes   down 3642 pkts / 266777 bytes   sessions 1
up 3612 pkts / 389699 bytes   down 3643 pkts / 266860 bytes   sessions 1
up 3613 pkts / 389975 bytes   down 3644 pkts / 266884 bytes   sessions 1
up 3614 pkts / 390106 bytes   down 3645 pkts / 266908 bytes   sessions 1
up 3616 pkts / 390283 bytes   down 3647 pkts / 267015 bytes   sessions 1
up 3617 pkts / 391237 bytes   down 3648 pkts / 267039 bytes   sessions 1
up 3617 pkts / 391237 bytes   down 3648 pkts / 267039 bytes   sessions 1
up 3618 pkts / 391477 bytes   down 3649 pkts / 267063 bytes   sessions 1
up 3619 pkts / 391707 bytes   down 3650 pkts / 267087 bytes   sessions 1
up 3620 pkts / 391937 bytes   down 3651 pkts / 267111 bytes   sessions 1
up 3621 pkts / 392068 bytes   down 3652 pkts / 267135 bytes   sessions 1
up 3623 pkts / 392197 bytes   down 3654 pkts / 267222 bytes   sessions 1
up 3623 pkts / 392197 bytes   down 3654 pkts / 267222 bytes   sessions 1
up 3623 pkts / 392197 bytes   down 3654 pkts / 267222 bytes   sessions 1
up 3623 pkts / 392197 bytes   down 3654 pkts / 267222 bytes   sessions 1
up 3623 pkts / 392197 bytes   down 3654 pkts / 267222 bytes   sessions 1
up 3623 pkts / 392197 bytes   down 3654 pkts / 267222 bytes   sessions 1
up 3623 pkts / 392197 bytes   down 3654 pkts / 267222 bytes   sessions 1
up 3623 pkts / 392197 bytes   down 3654 pkts / 267222 bytes   sessions 1
up 3623 pkts / 392197 bytes   down 3654 pkts / 267222 bytes   sessions 1
up 3623 pkts / 392197 bytes   down 3654 pkts / 267222 bytes   sessions 1
up 3623 pkts / 392197 bytes   down 3654 pkts / 267222 bytes   sessions 1
up 3623 pkts / 392197 bytes   down 3654 pkts / 267222 bytes   sessions 1
up 3623 pkts / 392197 bytes   down 3654 pkts / 267222 bytes   sessions 1
up 3623 pkts / 392197 bytes   down 3654 pkts / 267222 bytes   sessions 1
up 3623 pkts / 392197 bytes   down 3654 pkts / 267222 bytes   sessions 1
up 3623 pkts / 392197 bytes   down 3654 pkts / 267222 bytes   sessions 1
up 3623 pkts / 392197 bytes   down 3654 pkts / 267222 bytes   sessions 1
up 3623 pkts / 392197 bytes   down 3654 pkts / 267222 bytes   sessions 1
up 3623 pkts / 392197 bytes   down 3654 pkts / 267222 bytes   sessions 1
up 3623 pkts / 392197 bytes   down 3654 pkts / 267222 bytes   sessions 1
up 3623 pkts / 392197 bytes   down 3654 pkts / 267222 bytes   sessions 1
up 3623 pkts / 392197 bytes   down 3654 pkts / 267222 bytes   sessions 1
up 3623 pkts / 392197 bytes   down 3654 pkts / 267222 bytes   sessions 1
up 3623 pkts / 392197 bytes   down 3654 pkts / 267222 bytes   sessions 1
up 3623 pkts / 392197 bytes   down 3654 pkts / 267222 bytes   sessions 1
up 3623 pkts / 392197 bytes   down 3654 pkts / 267222 bytes   sessions 1
up 3623 pkts / 392197 bytes   down 3654 pkts / 267222 bytes   sessions 1
up 3623 pkts / 392197 bytes   down 3654 pkts / 267222 bytes   sessions 1
up 3623 pkts / 392197 bytes   down 3654 pkts / 267222 bytes   sessions 1
up 3623 pkts / 392197 bytes   down 3654 pkts / 267222 bytes   sessions 1
up 3623 pkts / 392197 bytes   down 3654 pkts / 267222 bytes   sessions 1
up 3623 pkts / 392197 bytes   down 3654 pkts / 267222 bytes   sessions 1
up 3623 pkts / 392197 bytes   down 3654 pkts / 267222 bytes   sessions 1
up 3623 pkts / 392197 bytes   down 3654 pkts / 267222 bytes   sessions 1
up 3623 pkts / 392197 bytes   down 3654 pkts / 267222 bytes   sessions 1
up 3623 pkts / 392197 bytes   down 3654 pkts / 267222 bytes   sessions 1
up 3623 pkts / 392197 bytes   down 3654 pkts / 267222 bytes   sessions 1
up 3623 pkts / 392197 bytes   down 3654 pkts / 267222 bytes   sessions 1
up 3623 pkts / 392197 bytes   down 3654 pkts / 267222 bytes   sessions 1
up 3623 pkts / 392197 bytes   down 3654 pkts / 267222 bytes   sessions 1
up 3623 pkts / 392197 bytes   down 3654 pkts / 267222 bytes   sessions 1
up 3623 pkts / 392197 bytes   down 3654 pkts / 267222 bytes   sessions 1
up 3623 pkts / 392197 bytes   down 3654 pkts / 267222 bytes   sessions 1
session 127.0.0.1:16080 ended: EOF
up 3623 pkts / 392197 bytes   down 3654 pkts / 267222 bytes   sessions 0
up 3623 pkts / 392197 bytes   down 3654 pkts / 267222 bytes   sessions 0
up 3623 pkts / 392197 bytes   down 3654 pkts / 267222 bytes   sessions 0
up 3623 pkts / 392197 bytes   down 3654 pkts / 267222 bytes   sessions 0
up 3623 pkts / 392197 bytes   down 3654 pkts / 267222 bytes   sessions 0
up 3623 pkts / 392197 bytes   down 3654 pkts / 267222 bytes   sessions 0
up 3623 pkts / 392197 bytes   down 3654 pkts / 267222 bytes   sessions 0
up 3623 pkts / 392197 bytes   down 3654 pkts / 267222 bytes   sessions 0
up 3623 pkts / 392197 bytes   down 3654 pkts / 267222 bytes   sessions 0
up 3623 pkts / 392197 bytes   down 3654 pkts / 267222 bytes   sessions 0
up 3623 pkts / 392197 bytes   down 3654 pkts / 267222 bytes   sessions 0
up 3623 pkts / 392197 bytes   down 3654 pkts / 267222 bytes   sessions 0
up 3623 pkts / 392197 bytes   down 3654 pkts / 267222 bytes   sessions 0
up 3623 pkts / 392197 bytes   down 3654 pkts / 267222 bytes   sessions 0
up 3623 pkts / 392197 bytes   down 3654 pkts / 267222 bytes   sessions 0
up 3623 pkts / 392197 bytes   down 3654 pkts / 267222 bytes   sessions 0
up 3623 pkts / 392197 bytes   down 3654 pkts / 267222 bytes   sessions 0
up 3623 pkts / 392197 bytes   down 3654 pkts / 267222 bytes   sessions 0
up 3623 pkts / 392197 bytes   down 3654 pkts / 267222 bytes   sessions 0
up 3623 pkts / 392197 bytes   down 3654 pkts / 267222 bytes   sessions 0
up 3623 pkts / 392197 bytes   down 3654 pkts / 267222 bytes   sessions 0
up 3623 pkts / 392197 bytes   down 3654 pkts / 267222 bytes   sessions 0
up 3623 pkts / 392197 bytes   down 3654 pkts / 267222 bytes   sessions 0
up 3623 pkts / 392197 bytes   down 3654 pkts / 267222 bytes   sessions 0
up 3623 pkts / 392197 bytes   down 3654 pkts / 267222 bytes   sessions 0
up 3623 pkts / 392197 bytes   down 3654 pkts / 267222 bytes   sessions 0
up 3623 pkts / 392197 bytes   down 3654 pkts / 267222 bytes   sessions 0
up 3623 pkts / 392197 bytes   down 3654 pkts / 267222 bytes   sessions 0
up 3623 pkts / 392197 bytes   down 3654 pkts / 267222 bytes   sessions 0
up 3623 pkts / 392197 bytes   down 3654 pkts / 267222 bytes   sessions 0
up 3623 pkts / 392197 bytes   down 3654 pkts / 267222 bytes   sessions 0
up 3623 pkts / 392197 bytes   down 3654 pkts / 267222 bytes   sessions 0
up 3623 pkts / 392197 bytes   down 3654 pkts / 267222 bytes   sessions 0
up 3623 pkts / 392197 bytes   down 3654 pkts / 267222 bytes   sessions 0
up 3623 pkts / 392197 bytes   down 3654 pkts / 267222 bytes   sessions 0
up 3623 pkts / 392197 bytes   down 3654 pkts / 267222 bytes   sessions 0
up 3623 pkts / 392197 bytes   down 3654 pkts / 267222 bytes   sessions 0
up 3623 pkts / 392197 bytes   down 3654 pkts / 267222 bytes   sessions 0
up 3623 pkts / 392197 bytes   down 3654 pkts / 267222 bytes   sessions 0
up 3623 pkts / 392197 bytes   down 3654 pkts / 267222 bytes   sessions 0
up 3623 pkts / 392197 bytes   down 3654 pkts / 267222 bytes   sessions 0
up 3623 pkts / 392197 bytes   down 3654 pkts / 267222 bytes   sessions 0
up 3623 pkts / 392197 bytes   down 3654 pkts / 267222 bytes   sessions 0
up 3623 pkts / 392197 bytes   down 3654 pkts / 267222 bytes   sessions 0
up 3623 pkts / 392197 bytes   down 3654 pkts / 267222 bytes   sessions 0
up 3623 pkts / 392197 bytes   down 3654 pkts / 267222 bytes   sessions 0
up 3623 pkts / 392197 bytes   down 3654 pkts / 267222 bytes   sessions 0
up 3623 pkts / 392197 bytes   down 3654 pkts / 267222 bytes   sessions 0
up 3623 pkts / 392197 bytes   down 3654 pkts / 267222 bytes   sessions 0
up 3623 pkts / 392197 bytes   down 3654 pkts / 267222 bytes   sessions 0
up 3623 pkts / 392197 bytes   down 3654 pkts / 267222 bytes   sessions 0
up 3623 pkts / 392197 bytes   down 3654 pkts / 267222 bytes   sessions 0
up 3623 pkts / 392197 bytes   down 3654 pkts / 267222 bytes   sessions 0
up 3623 pkts / 392197 bytes   down 3654 pkts / 267222 bytes   sessions 0
up 3623 pkts / 392197 bytes   down 3654 pkts / 267222 bytes   sessions 0
up 3623 pkts / 392197 bytes   down 3654 pkts / 267222 bytes   sessions 0
up 3623 pkts / 392197 bytes   down 3654 pkts / 267222 bytes   sessions 0
up 3623 pkts / 392197 bytes   down 3654 pkts / 267222 bytes   sessions 0
up 3623 pkts / 392197 bytes   down 3654 pkts / 267222 bytes   sessions 0
up 3623 pkts / 392197 bytes   down 3654 pkts / 267222 bytes   sessions 0
up 3623 pkts / 392197 bytes   down 3654 pkts / 267222 bytes   sessions 0
up 3623 pkts / 392197 bytes   down 3654 pkts / 267222 bytes   sessions 0
up 3623 pkts / 392197 bytes   down 3654 pkts / 267222 bytes   sessions 0
up 3623 pkts / 392197 bytes   down 3654 pkts / 267222 bytes   sessions 0
up 3623 pkts / 392197 bytes   down 3654 pkts / 267222 bytes   sessions 0
up 3623 pkts / 392197 bytes   down 3654 pkts / 267222 bytes   sessions 0
up 3623 pkts / 392197 bytes   down 3654 pkts / 267222 bytes   sessions 0
up 3623 pkts / 392197 bytes   down 3654 pkts / 267222 bytes   sessions 0
up 3623 pkts / 392197 bytes   down 3654 pkts / 267222 bytes   sessions 0
up 3623 pkts / 392197 bytes   down 3654 pkts / 267222 bytes   sessions 0
up 3623 pkts / 392197 bytes   down 3654 pkts / 267222 bytes   sessions 0
up 3623 pkts / 392197 bytes   down 3654 pkts / 267222 bytes   sessions 0
up 3623 pkts / 392197 bytes   down 3654 pkts / 267222 bytes   sessions 0
up 3623 pkts / 392197 bytes   down 3654 pkts / 267222 bytes   sessions 0
up 3623 pkts / 392197 bytes   down 3654 pkts / 267222 bytes   sessions 0
up 3623 pkts / 392197 bytes   down 3654 pkts / 267222 bytes   sessions 0
up 3623 pkts / 392197 bytes   down 3654 pkts / 267222 bytes   sessions 0
up 3623 pkts / 392197 bytes   down 3654 pkts / 267222 bytes   sessions 0
up 3623 pkts / 392197 bytes   down 3654 pkts / 267222 bytes   sessions 0
up 3623 pkts / 392197 bytes   down 3654 pkts / 267222 bytes   sessions 0
up 3623 pkts / 392197 bytes   down 3654 pkts / 267222 bytes   sessions 0
up 3623 pkts / 392197 bytes   down 3654 pkts / 267222 bytes   sessions 0
up 3623 pkts / 392197 bytes   down 3654 pkts / 267222 bytes   sessions 0
up 3623 pkts / 392197 bytes   down 3654 pkts / 267222 bytes   sessions 0
up 3623 pkts / 392197 bytes   down 3654 pkts / 267222 bytes   sessions 0
up 3623 pkts / 392197 bytes   down 3654 pkts / 267222 bytes   sessions 0
up 3623 pkts / 392197 bytes   down 3654 pkts / 267222 bytes   sessions 0
up 3623 pkts / 392197 bytes   down 3654 pkts / 267222 bytes   sessions 0
up 3623 pkts / 392197 bytes   down 3654 pkts / 267222 bytes   sessions 0
up 3623 pkts / 392197 bytes   down 3654 pkts / 267222 bytes   sessions 0
up 3623 pkts / 392197 bytes   down 3654 pkts / 267222 bytes   sessions 0
up 3623 pkts / 392197 bytes   down 3654 pkts / 267222 bytes   sessions 0
up 3623 pkts / 392197 bytes   down 3654 pkts / 267222 bytes   sessions 0
up 3623 pkts / 392197 bytes   down 3654 pkts / 267222 bytes   sessions 0
up 3623 pkts / 392197 bytes   down 3654 pkts / 267222 bytes   sessions 0
up 3623 pkts / 392197 bytes   down 3654 pkts / 267222 bytes   sessions 0
up 3623 pkts / 392197 bytes   down 3654 pkts / 267222 bytes   sessions 0
up 3623 pkts / 392197 bytes   down 3654 pkts / 267222 bytes   sessions 0
up 3623 pkts / 392197 bytes   down 3654 pkts / 267222 bytes   sessions 0
up 3623 pkts / 392197 bytes   down 3654 pkts / 267222 bytes   sessions 0
up 3623 pkts / 392197 bytes   down 3654 pkts / 267222 bytes   sessions 0
up 3623 pkts / 392197 bytes   down 3654 pkts / 267222 bytes   sessions 0
up 3623 pkts / 392197 bytes   down 3654 pkts / 267222 bytes   sessions 0
up 3623 pkts / 392197 bytes   down 3654 pkts / 267222 bytes   sessions 0
up 3623 pkts / 392197 bytes   down 3654 pkts / 267222 bytes   sessions 0
up 3623 pkts / 392197 bytes   down 3654 pkts / 267222 bytes   sessions 0
up 3623 pkts / 392197 bytes   down 3654 pkts / 267222 bytes   sessions 0
up 3623 pkts / 392197 bytes   down 3654 pkts / 267222 bytes   sessions 0
up 3623 pkts / 392197 bytes   down 3654 pkts / 267222 bytes   sessions 0
up 3623 pkts / 392197 bytes   down 3654 pkts / 267222 bytes   sessions 0
up 3623 pkts / 392197 bytes   down 3654 pkts / 267222 bytes   sessions 0
up 3623 pkts / 392197 bytes   down 3654 pkts / 267222 bytes   sessions 0
up 3623 pkts / 392197 bytes   down 3654 pkts / 267222 bytes   sessions 0
up 3623 pkts / 392197 bytes   down 3654 pkts / 267222 bytes   sessions 0
up 3623 pkts / 392197 bytes   down 3654 pkts / 267222 bytes   sessions 0
up 3623 pkts / 392197 bytes   down 3654 pkts / 267222 bytes   sessions 0
up 3623 pkts / 392197 bytes   down 3654 pkts / 267222 bytes   sessions 0
up 3623 pkts / 392197 bytes   down 3654 pkts / 267222 bytes   sessions 0
up 3623 pkts / 392197 bytes   down 3654 pkts / 267222 bytes   sessions 0
up 3623 pkts / 392197 bytes   down 3654 pkts / 267222 bytes   sessions 0
up 3623 pkts / 392197 bytes   down 3654 pkts / 267222 bytes   sessions 0
up 3623 pkts / 392197 bytes   down 3654 pkts / 267222 bytes   sessions 0
up 3623 pkts / 392197 bytes   down 3654 pkts / 267222 bytes   sessions 0
up 3623 pkts / 392197 bytes   down 3654 pkts / 267222 bytes   sessions 0
up 3623 pkts / 392197 bytes   down 3654 pkts / 267222 bytes   sessions 0
up 3623 pkts / 392197 bytes   down 3654 pkts / 267222 bytes   sessions 0
up 3623 pkts / 392197 bytes   down 3654 pkts / 267222 bytes   sessions 0
up 3623 pkts / 392197 bytes   down 3654 pkts / 267222 bytes   sessions 0
up 3623 pkts / 392197 bytes   down 3654 pkts / 267222 bytes   sessions 0
up 3623 pkts / 392197 bytes   down 3654 pkts / 267222 bytes   sessions 0
up 3623 pkts / 392197 bytes   down 3654 pkts / 267222 bytes   sessions 0
up 3623 pkts / 392197 bytes   down 3654 pkts / 267222 bytes   sessions 0
up 3623 pkts / 392197 bytes   down 3654 pkts / 267222 bytes   sessions 0
up 3623 pkts / 392197 bytes   down 3654 pkts / 267222 bytes   sessions 0
up 3623 pkts / 392197 bytes   down 3654 pkts / 267222 bytes   sessions 0
up 3623 pkts / 392197 bytes   down 3654 pkts / 267222 bytes   sessions 0
up 3623 pkts / 392197 bytes   down 3654 pkts / 267222 bytes   sessions 0
up 3623 pkts / 392197 bytes   down 3654 pkts / 267222 bytes   sessions 0
up 3623 pkts / 392197 bytes   down 3654 pkts / 267222 bytes   sessions 0
up 3623 pkts / 392197 bytes   down 3654 pkts / 267222 bytes   sessions 0
up 3623 pkts / 392197 bytes   down 3654 pkts / 267222 bytes   sessions 0
up 3623 pkts / 392197 bytes   down 3654 pkts / 267222 bytes   sessions 0
up 3623 pkts / 392197 bytes   down 3654 pkts / 267222 bytes   sessions 0
up 3623 pkts / 392197 bytes   down 3654 pkts / 267222 bytes   sessions 0
up 3623 pkts / 392197 bytes   down 3654 pkts / 267222 bytes   sessions 0
up 3623 pkts / 392197 bytes   down 3654 pkts / 267222 bytes   sessions 0
up 3623 pkts / 392197 bytes   down 3654 pkts / 267222 bytes   sessions 0
up 3623 pkts / 392197 bytes   down 3654 pkts / 267222 bytes   sessions 0
up 3623 pkts / 392197 bytes   down 3654 pkts / 267222 bytes   sessions 0
up 3623 pkts / 392197 bytes   down 3654 pkts / 267222 bytes   sessions 0
up 3623 pkts / 392197 bytes   down 3654 pkts / 267222 bytes   sessions 0
up 3623 pkts / 392197 bytes   down 3654 pkts / 267222 bytes   sessions 0
up 3623 pkts / 392197 bytes   down 3654 pkts / 267222 bytes   sessions 0
up 3623 pkts / 392197 bytes   down 3654 pkts / 267222 bytes   sessions 0
up 3623 pkts / 392197 bytes   down 3654 pkts / 267222 bytes   sessions 0
up 3623 pkts / 392197 bytes   down 3654 pkts / 267222 bytes   sessions 0
up 3623 pkts / 392197 bytes   down 3654 pkts / 267222 bytes   sessions 0
up 3623 pkts / 392197 bytes   down 3654 pkts / 267222 bytes   sessions 0
up 3623 pkts / 392197 bytes   down 3654 pkts / 267222 bytes   sessions 0
up 3623 pkts / 392197 bytes   down 3654 pkts / 267222 bytes   sessions 0
up 3623 pkts / 392197 bytes   down 3654 pkts / 267222 bytes   sessions 0
up 3623 pkts / 392197 bytes   down 3654 pkts / 267222 bytes   sessions 0
up 3623 pkts / 392197 bytes   down 3654 pkts / 267222 bytes   sessions 0
up 3623 pkts / 392197 bytes   down 3654 pkts / 267222 bytes   sessions 0
up 3623 pkts / 392197 bytes   down 3654 pkts / 267222 bytes   sessions 0
up 3623 pkts / 392197 bytes   down 3654 pkts / 267222 bytes   sessions 0
up 3623 pkts / 392197 bytes   down 3654 pkts / 267222 bytes   sessions 0
up 3623 pkts / 392197 bytes   down 3654 pkts / 267222 bytes   sessions 0
up 3623 pkts / 392197 bytes   down 3654 pkts / 267222 bytes   sessions 0
up 3623 pkts / 392197 bytes   down 3654 pkts / 267222 bytes   sessions 0
up 3623 pkts / 392197 bytes   down 3654 pkts / 267222 bytes   sessions 0
up 3623 pkts / 392197 bytes   down 3654 pkts / 267222 bytes   sessions 0
up 3623 pkts / 392197 bytes   down 3654 pkts / 267222 bytes   sessions 0
up 3623 pkts / 392197 bytes   down 3654 pkts / 267222 bytes   sessions 0
up 3623 pkts / 392197 bytes   down 3654 pkts / 267222 bytes   sessions 0
up 3623 pkts / 392197 bytes   down 3654 pkts / 267222 bytes   sessions 0
up 3623 pkts / 392197 bytes   down 3654 pkts / 267222 bytes   sessions 0
up 3623 pkts / 392197 bytes   down 3654 pkts / 267222 bytes   sessions 0
up 3623 pkts / 392197 bytes   down 3654 pkts / 267222 bytes   sessions 0
up 3623 pkts / 392197 bytes   down 3654 pkts / 267222 bytes   sessions 0
up 3623 pkts / 392197 bytes   down 3654 pkts / 267222 bytes   sessions 0
up 3623 pkts / 392197 bytes   down 3654 pkts / 267222 bytes   sessions 0
up 3623 pkts / 392197 bytes   down 3654 pkts / 267222 bytes   sessions 0
up 3623 pkts / 392197 bytes   down 3654 pkts / 267222 bytes   sessions 0
up 3623 pkts / 392197 bytes   down 3654 pkts / 267222 bytes   sessions 0
up 3623 pkts / 392197 bytes   down 3654 pkts / 267222 bytes   sessions 0
up 3623 pkts / 392197 bytes   down 3654 pkts / 267222 bytes   sessions 0
up 3623 pkts / 392197 bytes   down 3654 pkts / 267222 bytes   sessions 0
up 3623 pkts / 392197 bytes   down 3654 pkts / 267222 bytes   sessions 0
up 3623 pkts / 392197 bytes   down 3654 pkts / 267222 bytes   sessions 0
up 3623 pkts / 392197 bytes   down 3654 pkts / 267222 bytes   sessions 0
up 3623 pkts / 392197 bytes   down 3654 pkts / 267222 bytes   sessions 0
up 3623 pkts / 392197 bytes   down 3654 pkts / 267222 bytes   sessions 0
up 3623 pkts / 392197 bytes   down 3654 pkts / 267222 bytes   sessions 0
up 3623 pkts / 392197 bytes   down 3654 pkts / 267222 bytes   sessions 0
up 3623 pkts / 392197 bytes   down 3654 pkts / 267222 bytes   sessions 0
up 3623 pkts / 392197 bytes   down 3654 pkts / 267222 bytes   sessions 0
up 3623 pkts / 392197 bytes   down 3654 pkts / 267222 bytes   sessions 0
up 3623 pkts / 392197 bytes   down 3654 pkts / 267222 bytes   sessions 0
up 3623 pkts / 392197 bytes   down 3654 pkts / 267222 bytes   sessions 0
up 3623 pkts / 392197 bytes   down 3654 pkts / 267222 bytes   sessions 0
up 3623 pkts / 392197 bytes   down 3654 pkts / 267222 bytes   sessions 0
up 3623 pkts / 392197 bytes   down 3654 pkts / 267222 bytes   sessions 0
up 3623 pkts / 392197 bytes   down 3654 pkts / 267222 bytes   sessions 0
up 3623 pkts / 392197 bytes   down 3654 pkts / 267222 bytes   sessions 0
up 3623 pkts / 392197 bytes   down 3654 pkts / 267222 bytes   sessions 0
up 3623 pkts / 392197 bytes   down 3654 pkts / 267222 bytes   sessions 0
up 3623 pkts / 392197 bytes   down 3654 pkts / 267222 bytes   sessions 0
up 3623 pkts / 392197 bytes   down 3654 pkts / 267222 bytes   sessions 0
up 3623 pkts / 392197 bytes   down 3654 pkts / 267222 bytes   sessions 0
up 3623 pkts / 392197 bytes   down 3654 pkts / 267222 bytes   sessions 0
up 3623 pkts / 392197 bytes   down 3654 pkts / 267222 bytes   sessions 0
up 3623 pkts / 392197 bytes   down 3654 pkts / 267222 bytes   sessions 0
up 3623 pkts / 392197 bytes   down 3654 pkts / 267222 bytes   sessions 0
up 3623 pkts / 392197 bytes   down 3654 pkts / 267222 bytes   sessions 0
up 3623 pkts / 392197 bytes   down 3654 pkts / 267222 bytes   sessions 0
up 3623 pkts / 392197 bytes   down 3654 pkts / 267222 bytes   sessions 0
up 3623 pkts / 392197 bytes   down 3654 pkts / 267222 bytes   sessions 0
up 3623 pkts / 392197 bytes   down 3654 pkts / 267222 bytes   sessions 0
up 3623 pkts / 392197 bytes   down 3654 pkts / 267222 bytes   sessions 0
up 3623 pkts / 392197 bytes   down 3654 pkts / 267222 bytes   sessions 0
up 3623 pkts / 392197 bytes   down 3654 pkts / 267222 bytes   sessions 0
up 3623 pkts / 392197 bytes   down 3654 pkts / 267222 bytes   sessions 0
up 3623 pkts / 392197 bytes   down 3654 pkts / 267222 bytes   sessions 0
up 3623 pkts / 392197 bytes   down 3654 pkts / 267222 bytes   sessions 0
up 3623 pkts / 392197 bytes   down 3654 pkts / 267222 bytes   sessions 0
up 3623 pkts / 392197 bytes   down 3654 pkts / 267222 bytes   sessions 0
up 3623 pkts / 392197 bytes   down 3654 pkts / 267222 bytes   sessions 0
up 3623 pkts / 392197 bytes   down 3654 pkts / 267222 bytes   sessions 0
up 3623 pkts / 392197 bytes   down 3654 pkts / 267222 bytes   sessions 0
up 3623 pkts / 392197 bytes   down 3654 pkts / 267222 bytes   sessions 0
up 3623 pkts / 392197 bytes   down 3654 pkts / 267222 bytes   sessions 0
up 3623 pkts / 392197 bytes   down 3654 pkts / 267222 bytes   sessions 0
up 3623 pkts / 392197 bytes   down 3654 pkts / 267222 bytes   sessions 0
up 3623 pkts / 392197 bytes   down 3654 pkts / 267222 bytes   sessions 0
up 3623 pkts / 392197 bytes   down 3654 pkts / 267222 bytes   sessions 0
up 3623 pkts / 392197 bytes   down 3654 pkts / 267222 bytes   sessions 0
up 3623 pkts / 392197 bytes   down 3654 pkts / 267222 bytes   sessions 0
up 3623 pkts / 392197 bytes   down 3654 pkts / 267222 bytes   sessions 0
up 3623 pkts / 392197 bytes   down 3654 pkts / 267222 bytes   sessions 0
up 3623 pkts / 392197 bytes   down 3654 pkts / 267222 bytes   sessions 0
up 3623 pkts / 392197 bytes   down 3654 pkts / 267222 bytes   sessions 0
up 3623 pkts / 392197 bytes   down 3654 pkts / 267222 bytes   sessions 0
up 3623 pkts / 392197 bytes   down 3654 pkts / 267222 bytes   sessions 0
up 3623 pkts / 392197 bytes   down 3654 pkts / 267222 bytes   sessions 0
up 3623 pkts / 392197 bytes   down 3654 pkts / 267222 bytes   sessions 0
up 3623 pkts / 392197 bytes   down 3654 pkts / 267222 bytes   sessions 0
up 3623 pkts / 392197 bytes   down 3654 pkts / 267222 bytes   sessions 0
up 3623 pkts / 392197 bytes   down 3654 pkts / 267222 bytes   sessions 0
up 3623 pkts / 392197 bytes   down 3654 pkts / 267222 bytes   sessions 0
up 3623 pkts / 392197 bytes   down 3654 pkts / 267222 bytes   sessions 0
up 3623 pkts / 392197 bytes   down 3654 pkts / 267222 bytes   sessions 0
up 3623 pkts / 392197 bytes   down 3654 pkts / 267222 bytes   sessions 0
up 3623 pkts / 392197 bytes   down 3654 pkts / 267222 bytes   sessions 0
up 3623 pkts / 392197 bytes   down 3654 pkts / 267222 bytes   sessions 0
up 3623 pkts / 392197 bytes   down 3654 pkts / 267222 bytes   sessions 0
up 3623 pkts / 392197 bytes   down 3654 pkts / 267222 bytes   sessions 0
up 3623 pkts / 392197 bytes   down 3654 pkts / 267222 bytes   sessions 0
up 3623 pkts / 392197 bytes   down 3654 pkts / 267222 bytes   sessions 0
up 3623 pkts / 392197 bytes   down 3654 pkts / 267222 bytes   sessions 0
up 3623 pkts / 392197 bytes   down 3654 pkts / 267222 bytes   sessions 0
up 3623 pkts / 392197 bytes   down 3654 pkts / 267222 bytes   sessions 0
up 3623 pkts / 392197 bytes   down 3654 pkts / 267222 bytes   sessions 0
up 3623 pkts / 392197 bytes   down 3654 pkts / 267222 bytes   sessions 0
up 3623 pkts / 392197 bytes   down 3654 pkts / 267222 bytes   sessions 0
up 3623 pkts / 392197 bytes   down 3654 pkts / 267222 bytes   sessions 0
up 3623 pkts / 392197 bytes   down 3654 pkts / 267222 bytes   sessions 0
up 3623 pkts / 392197 bytes   down 3654 pkts / 267222 bytes   sessions 0
up 3623 pkts / 392197 bytes   down 3654 pkts / 267222 bytes   sessions 0
up 3623 pkts / 392197 bytes   down 3654 pkts / 267222 bytes   sessions 0
up 3623 pkts / 392197 bytes   down 3654 pkts / 267222 bytes   sessions 0
up 3623 pkts / 392197 bytes   down 3654 pkts / 267222 bytes   sessions 0
up 3623 pkts / 392197 bytes   down 3654 pkts / 267222 bytes   sessions 0
up 3623 pkts / 392197 bytes   down 3654 pkts / 267222 bytes   sessions 0
up 3623 pkts / 392197 bytes   down 3654 pkts / 267222 bytes   sessions 0
up 3623 pkts / 392197 bytes   down 3654 pkts / 267222 bytes   sessions 0
up 3623 pkts / 392197 bytes   down 3654 pkts / 267222 bytes   sessions 0
up 3623 pkts / 392197 bytes   down 3654 pkts / 267222 bytes   sessions 0
up 3623 pkts / 392197 bytes   down 3654 pkts / 267222 bytes   sessions 0
up 3623 pkts / 392197 bytes   down 3654 pkts / 267222 bytes   sessions 0
up 3623 pkts / 392197 bytes   down 3654 pkts / 267222 bytes   sessions 0
up 3623 pkts / 392197 bytes   down 3654 pkts / 267222 bytes   sessions 0
up 3623 pkts / 392197 bytes   down 3654 pkts / 267222 bytes   sessions 0
up 3623 pkts / 392197 bytes   down 3654 pkts / 267222 bytes   sessions 0
up 3623 pkts / 392197 bytes   down 3654 pkts / 267222 bytes   sessions 0
up 3623 pkts / 392197 bytes   down 3654 pkts / 267222 bytes   sessions 0
up 3623 pkts / 392197 bytes   down 3654 pkts / 267222 bytes   sessions 0
up 3623 pkts / 392197 bytes   down 3654 pkts / 267222 bytes   sessions 0
up 3623 pkts / 392197 bytes   down 3654 pkts / 267222 bytes   sessions 0
up 3623 pkts / 392197 bytes   down 3654 pkts / 267222 bytes   sessions 0
up 3623 pkts / 392197 bytes   down 3654 pkts / 267222 bytes   sessions 0
up 3623 pkts / 392197 bytes   down 3654 pkts / 267222 bytes   sessions 0
up 3623 pkts / 392197 bytes   down 3654 pkts / 267222 bytes   sessions 0
up 3623 pkts / 392197 bytes   down 3654 pkts / 267222 bytes   sessions 0
up 3623 pkts / 392197 bytes   down 3654 pkts / 267222 bytes   sessions 0
up 3623 pkts / 392197 bytes   down 3654 pkts / 267222 bytes   sessions 0
up 3623 pkts / 392197 bytes   down 3654 pkts / 267222 bytes   sessions 0
up 3623 pkts / 392197 bytes   down 3654 pkts / 267222 bytes   sessions 0
up 3623 pkts / 392197 bytes   down 3654 pkts / 267222 bytes   sessions 0
up 3623 pkts / 392197 bytes   down 3654 pkts / 267222 bytes   sessions 0
up 3623 pkts / 392197 bytes   down 3654 pkts / 267222 bytes   sessions 0
up 3623 pkts / 392197 bytes   down 3654 pkts / 267222 bytes   sessions 0
up 3623 pkts / 392197 bytes   down 3654 pkts / 267222 bytes   sessions 0
up 3623 pkts / 392197 bytes   down 3654 pkts / 267222 bytes   sessions 0
up 3623 pkts / 392197 bytes   down 3654 pkts / 267222 bytes   sessions 0
up 3623 pkts / 392197 bytes   down 3654 pkts / 267222 bytes   sessions 0
up 3623 pkts / 392197 bytes   down 3654 pkts / 267222 bytes   sessions 0
up 3623 pkts / 392197 bytes   down 3654 pkts / 267222 bytes   sessions 0
up 3623 pkts / 392197 bytes   down 3654 pkts / 267222 bytes   sessions 0
up 3623 pkts / 392197 bytes   down 3654 pkts / 267222 bytes   sessions 0
up 3623 pkts / 392197 bytes   down 3654 pkts / 267222 bytes   sessions 0
up 3623 pkts / 392197 bytes   down 3654 pkts / 267222 bytes   sessions 0
up 3623 pkts / 392197 bytes   down 3654 pkts / 267222 bytes   sessions 0
up 3623 pkts / 392197 bytes   down 3654 pkts / 267222 bytes   sessions 0
up 3623 pkts / 392197 bytes   down 3654 pkts / 267222 bytes   sessions 0
up 3623 pkts / 392197 bytes   down 3654 pkts / 267222 bytes   sessions 0
up 3623 pkts / 392197 bytes   down 3654 pkts / 267222 bytes   sessions 0
up 3623 pkts / 392197 bytes   down 3654 pkts / 267222 bytes   sessions 0
up 3623 pkts / 392197 bytes   down 3654 pkts / 267222 bytes   sessions 0
up 3623 pkts / 392197 bytes   down 3654 pkts / 267222 bytes   sessions 0
up 3623 pkts / 392197 bytes   down 3654 pkts / 267222 bytes   sessions 0
up 3623 pkts / 392197 bytes   down 3654 pkts / 267222 bytes   sessions 0
up 3623 pkts / 392197 bytes   down 3654 pkts / 267222 bytes   sessions 0
up 3623 pkts / 392197 bytes   down 3654 pkts / 267222 bytes   sessions 0
up 3623 pkts / 392197 bytes   down 3654 pkts / 267222 bytes   sessions 0
up 3623 pkts / 392197 bytes   down 3654 pkts / 267222 bytes   sessions 0
up 3623 pkts / 392197 bytes   down 3654 pkts / 267222 bytes   sessions 0
up 3623 pkts / 392197 bytes   down 3654 pkts / 267222 bytes   sessions 0
up 3623 pkts / 392197 bytes   down 3654 pkts / 267222 bytes   sessions 0
up 3623 pkts / 392197 bytes   down 3654 pkts / 267222 bytes   sessions 0
up 3623 pkts / 392197 bytes   down 3654 pkts / 267222 bytes   sessions 0
up 3623 pkts / 392197 bytes   down 3654 pkts / 267222 bytes   sessions 0
up 3623 pkts / 392197 bytes   down 3654 pkts / 267222 bytes   sessions 0
up 3623 pkts / 392197 bytes   down 3654 pkts / 267222 bytes   sessions 0
up 3623 pkts / 392197 bytes   down 3654 pkts / 267222 bytes   sessions 0
up 3623 pkts / 392197 bytes   down 3654 pkts / 267222 bytes   sessions 0
up 3623 pkts / 392197 bytes   down 3654 pkts / 267222 bytes   sessions 0
up 3623 pkts / 392197 bytes   down 3654 pkts / 267222 bytes   sessions 0
up 3623 pkts / 392197 bytes   down 3654 pkts / 267222 bytes   sessions 0
up 3623 pkts / 392197 bytes   down 3654 pkts / 267222 bytes   sessions 0
up 3623 pkts / 392197 bytes   down 3654 pkts / 267222 bytes   sessions 0
up 3623 pkts / 392197 bytes   down 3654 pkts / 267222 bytes   sessions 0
up 3623 pkts / 392197 bytes   down 3654 pkts / 267222 bytes   sessions 0
up 3623 pkts / 392197 bytes   down 3654 pkts / 267222 bytes   sessions 0
up 3623 pkts / 392197 bytes   down 3654 pkts / 267222 bytes   sessions 0
up 3623 pkts / 392197 bytes   down 3654 pkts / 267222 bytes   sessions 0
up 3623 pkts / 392197 bytes   down 3654 pkts / 267222 bytes   sessions 0
up 3623 pkts / 392197 bytes   down 3654 pkts / 267222 bytes   sessions 0
up 3623 pkts / 392197 bytes   down 3654 pkts / 267222 bytes   sessions 0
up 3623 pkts / 392197 bytes   down 3654 pkts / 267222 bytes   sessions 0
up 3623 pkts / 392197 bytes   down 3654 pkts / 267222 bytes   sessions 0
up 3623 pkts / 392197 bytes   down 3654 pkts / 267222 bytes   sessions 0
up 3623 pkts / 392197 bytes   down 3654 pkts / 267222 bytes   sessions 0
up 3623 pkts / 392197 bytes   down 3654 pkts / 267222 bytes   sessions 0
up 3623 pkts / 392197 bytes   down 3654 pkts / 267222 bytes   sessions 0
up 3623 pkts / 392197 bytes   down 3654 pkts / 267222 bytes   sessions 0
up 3623 pkts / 392197 bytes   down 3654 pkts / 267222 bytes   sessions 0
up 3623 pkts / 392197 bytes   down 3654 pkts / 267222 bytes   sessions 0
up 3623 pkts / 392197 bytes   down 3654 pkts / 267222 bytes   sessions 0
up 3623 pkts / 392197 bytes   down 3654 pkts / 267222 bytes   sessions 0
up 3623 pkts / 392197 bytes   down 3654 pkts / 267222 bytes   sessions 0
up 3623 pkts / 392197 bytes   down 3654 pkts / 267222 bytes   sessions 0
up 3623 pkts / 392197 bytes   down 3654 pkts / 267222 bytes   sessions 0
up 3623 pkts / 392197 bytes   down 3654 pkts / 267222 bytes   sessions 0
up 3623 pkts / 392197 bytes   down 3654 pkts / 267222 bytes   sessions 0
up 3623 pkts / 392197 bytes   down 3654 pkts / 267222 bytes   sessions 0
up 3623 pkts / 392197 bytes   down 3654 pkts / 267222 bytes   sessions 0
up 3623 pkts / 392197 bytes   down 3654 pkts / 267222 bytes   sessions 0
up 3623 pkts / 392197 bytes   down 3654 pkts / 267222 bytes   sessions 0
up 3623 pkts / 392197 bytes   down 3654 pkts / 267222 bytes   sessions 0
up 3623 pkts / 392197 bytes   down 3654 pkts / 267222 bytes   sessions 0
up 3623 pkts / 392197 bytes   down 3654 pkts / 267222 bytes   sessions 0
up 3623 pkts / 392197 bytes   down 3654 pkts / 267222 bytes   sessions 0
up 3623 pkts / 392197 bytes   down 3654 pkts / 267222 bytes   sessions 0
up 3623 pkts / 392197 bytes   down 3654 pkts / 267222 bytes   sessions 0
up 3623 pkts / 392197 bytes   down 3654 pkts / 267222 bytes   sessions 0
up 3623 pkts / 392197 bytes   down 3654 pkts / 267222 bytes   sessions 0
up 3623 pkts / 392197 bytes   down 3654 pkts / 267222 bytes   sessions 0
up 3623 pkts / 392197 bytes   down 3654 pkts / 267222 bytes   sessions 0
up 3623 pkts / 392197 bytes   down 3654 pkts / 267222 bytes   sessions 0
up 3623 pkts / 392197 bytes   down 3654 pkts / 267222 bytes   sessions 0
up 3623 pkts / 392197 bytes   down 3654 pkts / 267222 bytes   sessions 0
up 3623 pkts / 392197 bytes   down 3654 pkts / 267222 bytes   sessions 0
up 3623 pkts / 392197 bytes   down 3654 pkts / 267222 bytes   sessions 0
up 3623 pkts / 392197 bytes   down 3654 pkts / 267222 bytes   sessions 0
up 3623 pkts / 392197 bytes   down 3654 pkts / 267222 bytes   sessions 0
up 3623 pkts / 392197 bytes   down 3654 pkts / 267222 bytes   sessions 0
up 3623 pkts / 392197 bytes   down 3654 pkts / 267222 bytes   sessions 0
up 3623 pkts / 392197 bytes   down 3654 pkts / 267222 bytes   sessions 0
up 3623 pkts / 392197 bytes   down 3654 pkts / 267222 bytes   sessions 0
up 3623 pkts / 392197 bytes   down 3654 pkts / 267222 bytes   sessions 0
up 3623 pkts / 392197 bytes   down 3654 pkts / 267222 bytes   sessions 0
up 3623 pkts / 392197 bytes   down 3654 pkts / 267222 bytes   sessions 0
up 3623 pkts / 392197 bytes   down 3654 pkts / 267222 bytes   sessions 0
up 3623 pkts / 392197 bytes   down 3654 pkts / 267222 bytes   sessions 0
up 3623 pkts / 392197 bytes   down 3654 pkts / 267222 bytes   sessions 0
up 3623 pkts / 392197 bytes   down 3654 pkts / 267222 bytes   sessions 0
up 3623 pkts / 392197 bytes   down 3654 pkts / 267222 bytes   sessions 0
up 3623 pkts / 392197 bytes   down 3654 pkts / 267222 bytes   sessions 0
up 3623 pkts / 392197 bytes   down 3654 pkts / 267222 bytes   sessions 0
up 3623 pkts / 392197 bytes   down 3654 pkts / 267222 bytes   sessions 0
up 3623 pkts / 392197 bytes   down 3654 pkts / 267222 bytes   sessions 0
up 3623 pkts / 392197 bytes   down 3654 pkts / 267222 bytes   sessions 0
up 3623 pkts / 392197 bytes   down 3654 pkts / 267222 bytes   sessions 0
up 3623 pkts / 392197 bytes   down 3654 pkts / 267222 bytes   sessions 0
up 3623 pkts / 392197 bytes   down 3654 pkts / 267222 bytes   sessions 0
up 3623 pkts / 392197 bytes   down 3654 pkts / 267222 bytes   sessions 0
up 3623 pkts / 392197 bytes   down 3654 pkts / 267222 bytes   sessions 0
up 3623 pkts / 392197 bytes   down 3654 pkts / 267222 bytes   sessions 0
up 3623 pkts / 392197 bytes   down 3654 pkts / 267222 bytes   sessions 0
up 3623 pkts / 392197 bytes   down 3654 pkts / 267222 bytes   sessions 0
up 3623 pkts / 392197 bytes   down 3654 pkts / 267222 bytes   sessions 0
up 3623 pkts / 392197 bytes   down 3654 pkts / 267222 bytes   sessions 0
up 3623 pkts / 392197 bytes   down 3654 pkts / 267222 bytes   sessions 0
up 3623 pkts / 392197 bytes   down 3654 pkts / 267222 bytes   sessions 0
up 3623 pkts / 392197 bytes   down 3654 pkts / 267222 bytes   sessions 0
up 3623 pkts / 392197 bytes   down 3654 pkts / 267222 bytes   sessions 0
up 3623 pkts / 392197 bytes   down 3654 pkts / 267222 bytes   sessions 0
up 3623 pkts / 392197 bytes   down 3654 pkts / 267222 bytes   sessions 0
up 3623 pkts / 392197 bytes   down 3654 pkts / 267222 bytes   sessions 0
up 3623 pkts / 392197 bytes   down 3654 pkts / 267222 bytes   sessions 0
up 3623 pkts / 392197 bytes   down 3654 pkts / 267222 bytes   sessions 0
up 3623 pkts / 392197 bytes   down 3654 pkts / 267222 bytes   sessions 0
up 3623 pkts / 392197 bytes   down 3654 pkts / 267222 bytes   sessions 0
up 3623 pkts / 392197 bytes   down 3654 pkts / 267222 bytes   sessions 0
up 3623 pkts / 392197 bytes   down 3654 pkts / 267222 bytes   sessions 0
up 3623 pkts / 392197 bytes   down 3654 pkts / 267222 bytes   sessions 0
up 3623 pkts / 392197 bytes   down 3654 pkts / 267222 bytes   sessions 0
up 3623 pkts / 392197 bytes   down 3654 pkts / 267222 bytes   sessions 0
up 3623 pkts / 392197 bytes   down 3654 pkts / 267222 bytes   sessions 0
up 3623 pkts / 392197 bytes   down 3654 pkts / 267222 bytes   sessions 0
up 3623 pkts / 392197 bytes   down 3654 pkts / 267222 bytes   sessions 0
up 3623 pkts / 392197 bytes   down 3654 pkts / 267222 bytes   sessions 0
up 3623 pkts / 392197 bytes   down 3654 pkts / 267222 bytes   sessions 0
up 3623 pkts / 392197 bytes   down 3654 pkts / 267222 bytes   sessions 0
up 3623 pkts / 392197 bytes   down 3654 pkts / 267222 bytes   sessions 0
up 3623 pkts / 392197 bytes   down 3654 pkts / 267222 bytes   sessions 0
up 3623 pkts / 392197 bytes   down 3654 pkts / 267222 bytes   sessions 0
up 3623 pkts / 392197 bytes   down 3654 pkts / 267222 bytes   sessions 0
up 3623 pkts / 392197 bytes   down 3654 pkts / 267222 bytes   sessions 0
up 3623 pkts / 392197 bytes   down 3654 pkts / 267222 bytes   sessions 0
up 3623 pkts / 392197 bytes   down 3654 pkts / 267222 bytes   sessions 0
up 3623 pkts / 392197 bytes   down 3654 pkts / 267222 bytes   sessions 0
up 3623 pkts / 392197 bytes   down 3654 pkts / 267222 bytes   sessions 0
up 3623 pkts / 392197 bytes   down 3654 pkts / 267222 bytes   sessions 0
up 3623 pkts / 392197 bytes   down 3654 pkts / 267222 bytes   sessions 0
up 3623 pkts / 392197 bytes   down 3654 pkts / 267222 bytes   sessions 0
up 3623 pkts / 392197 bytes   down 3654 pkts / 267222 bytes   sessions 0
up 3623 pkts / 392197 bytes   down 3654 pkts / 267222 bytes   sessions 0
up 3623 pkts / 392197 bytes   down 3654 pkts / 267222 bytes   sessions 0
up 3623 pkts / 392197 bytes   down 3654 pkts / 267222 bytes   sessions 0
up 3623 pkts / 392197 bytes   down 3654 pkts / 267222 bytes   sessions 0
up 3623 pkts / 392197 bytes   down 3654 pkts / 267222 bytes   sessions 0
up 3623 pkts / 392197 bytes   down 3654 pkts / 267222 bytes   sessions 0
up 3623 pkts / 392197 bytes   down 3654 pkts / 267222 bytes   sessions 0
up 3623 pkts / 392197 bytes   down 3654 pkts / 267222 bytes   sessions 0
up 3623 pkts / 392197 bytes   down 3654 pkts / 267222 bytes   sessions 0
up 3623 pkts / 392197 bytes   down 3654 pkts / 267222 bytes   sessions 0
up 3623 pkts / 392197 bytes   down 3654 pkts / 267222 bytes   sessions 0
up 3623 pkts / 392197 bytes   down 3654 pkts / 267222 bytes   sessions 0
up 3623 pkts / 392197 bytes   down 3654 pkts / 267222 bytes   sessions 0
up 3623 pkts / 392197 bytes   down 3654 pkts / 267222 bytes   sessions 0
up 3623 pkts / 392197 bytes   down 3654 pkts / 267222 bytes   sessions 0
up 3623 pkts / 392197 bytes   down 3654 pkts / 267222 bytes   sessions 0
up 3623 pkts / 392197 bytes   down 3654 pkts / 267222 bytes   sessions 0
up 3623 pkts / 392197 bytes   down 3654 pkts / 267222 bytes   sessions 0
up 3623 pkts / 392197 bytes   down 3654 pkts / 267222 bytes   sessions 0
up 3623 pkts / 392197 bytes   down 3654 pkts / 267222 bytes   sessions 0
up 3623 pkts / 392197 bytes   down 3654 pkts / 267222 bytes   sessions 0
up 3623 pkts / 392197 bytes   down 3654 pkts / 267222 bytes   sessions 0
up 3623 pkts / 392197 bytes   down 3654 pkts / 267222 bytes   sessions 0
up 3623 pkts / 392197 bytes   down 3654 pkts / 267222 bytes   sessions 0
up 3623 pkts / 392197 bytes   down 3654 pkts / 267222 bytes   sessions 0
up 3623 pkts / 392197 bytes   down 3654 pkts / 267222 bytes   sessions 0
up 3623 pkts / 392197 bytes   down 3654 pkts / 267222 bytes   sessions 0
up 3623 pkts / 392197 bytes   down 3654 pkts / 267222 bytes   sessions 0
up 3623 pkts / 392197 bytes   down 3654 pkts / 267222 bytes   sessions 0
up 3623 pkts / 392197 bytes   down 3654 pkts / 267222 bytes   sessions 0
up 3623 pkts / 392197 bytes   down 3654 pkts / 267222 bytes   sessions 0
up 3623 pkts / 392197 bytes   down 3654 pkts / 267222 bytes   sessions 0
up 3623 pkts / 392197 bytes   down 3654 pkts / 267222 bytes   sessions 0
up 3623 pkts / 392197 bytes   down 3654 pkts / 267222 bytes   sessions 0
up 3623 pkts / 392197 bytes   down 3654 pkts / 267222 bytes   sessions 0
up 3623 pkts / 392197 bytes   down 3654 pkts / 267222 bytes   sessions 0
up 3623 pkts / 392197 bytes   down 3654 pkts / 267222 bytes   sessions 0
up 3623 pkts / 392197 bytes   down 3654 pkts / 267222 bytes   sessions 0
up 3623 pkts / 392197 bytes   down 3654 pkts / 267222 bytes   sessions 0
up 3623 pkts / 392197 bytes   down 3654 pkts / 267222 bytes   sessions 0
up 3623 pkts / 392197 bytes   down 3654 pkts / 267222 bytes   sessions 0
up 3623 pkts / 392197 bytes   down 3654 pkts / 267222 bytes   sessions 0
up 3623 pkts / 392197 bytes   down 3654 pkts / 267222 bytes   sessions 0
up 3623 pkts / 392197 bytes   down 3654 pkts / 267222 bytes   sessions 0
up 3623 pkts / 392197 bytes   down 3654 pkts / 267222 bytes   sessions 0
up 3623 pkts / 392197 bytes   down 3654 pkts / 267222 bytes   sessions 0
up 3623 pkts / 392197 bytes   down 3654 pkts / 267222 bytes   sessions 0
up 3623 pkts / 392197 bytes   down 3654 pkts / 267222 bytes   sessions 0
up 3623 pkts / 392197 bytes   down 3654 pkts / 267222 bytes   sessions 0
up 3623 pkts / 392197 bytes   down 3654 pkts / 267222 bytes   sessions 0
up 3623 pkts / 392197 bytes   down 3654 pkts / 267222 bytes   sessions 0
up 3623 pkts / 392197 bytes   down 3654 pkts / 267222 bytes   sessions 0
up 3623 pkts / 392197 bytes   down 3654 pkts / 267222 bytes   sessions 0
up 3623 pkts / 392197 bytes   down 3654 pkts / 267222 bytes   sessions 0
up 3623 pkts / 392197 bytes   down 3654 pkts / 267222 bytes   sessions 0
up 3623 pkts / 392197 bytes   down 3654 pkts / 267222 bytes   sessions 0
up 3623 pkts / 392197 bytes   down 3654 pkts / 267222 bytes   sessions 0
up 3623 pkts / 392197 bytes   down 3654 pkts / 267222 bytes   sessions 0
up 3623 pkts / 392197 bytes   down 3654 pkts / 267222 bytes   sessions 0
up 3623 pkts / 392197 bytes   down 3654 pkts / 267222 bytes   sessions 0
up 3623 pkts / 392197 bytes   down 3654 pkts / 267222 bytes   sessions 0
up 3623 pkts / 392197 bytes   down 3654 pkts / 267222 bytes   sessions 0
up 3623 pkts / 392197 bytes   down 3654 pkts / 267222 bytes   sessions 0
up 3623 pkts / 392197 bytes   down 3654 pkts / 267222 bytes   sessions 0
up 3623 pkts / 392197 bytes   down 3654 pkts / 267222 bytes   sessions 0
up 3623 pkts / 392197 bytes   down 3654 pkts / 267222 bytes   sessions 0
up 3623 pkts / 392197 bytes   down 3654 pkts / 267222 bytes   sessions 0
up 3623 pkts / 392197 bytes   down 3654 pkts / 267222 bytes   sessions 0
up 3623 pkts / 392197 bytes   down 3654 pkts / 267222 bytes   sessions 0
up 3623 pkts / 392197 bytes   down 3654 pkts / 267222 bytes   sessions 0
up 3623 pkts / 392197 bytes   down 3654 pkts / 267222 bytes   sessions 0
up 3623 pkts / 392197 bytes   down 3654 pkts / 267222 bytes   sessions 0
up 3623 pkts / 392197 bytes   down 3654 pkts / 267222 bytes   sessions 0
up 3623 pkts / 392197 bytes   down 3654 pkts / 267222 bytes   sessions 0
up 3623 pkts / 392197 bytes   down 3654 pkts / 267222 bytes   sessions 0
up 3623 pkts / 392197 bytes   down 3654 pkts / 267222 bytes   sessions 0
up 3623 pkts / 392197 bytes   down 3654 pkts / 267222 bytes   sessions 0
up 3623 pkts / 392197 bytes   down 3654 pkts / 267222 bytes   sessions 0
up 3623 pkts / 392197 bytes   down 3654 pkts / 267222 bytes   sessions 0
up 3623 pkts / 392197 bytes   down 3654 pkts / 267222 bytes   sessions 0
up 3623 pkts / 392197 bytes   down 3654 pkts / 267222 bytes   sessions 0
up 3623 pkts / 392197 bytes   down 3654 pkts / 267222 bytes   sessions 0
up 3623 pkts / 392197 bytes   down 3654 pkts / 267222 bytes   sessions 0
up 3623 pkts / 392197 bytes   down 3654 pkts / 267222 bytes   sessions 0
up 3623 pkts / 392197 bytes   down 3654 pkts / 267222 bytes   sessions 0
up 3623 pkts / 392197 bytes   down 3654 pkts / 267222 bytes   sessions 0
up 3623 pkts / 392197 bytes   down 3654 pkts / 267222 bytes   sessions 0
up 3623 pkts / 392197 bytes   down 3654 pkts / 267222 bytes   sessions 0
up 3623 pkts / 392197 bytes   down 3654 pkts / 267222 bytes   sessions 0
up 3623 pkts / 392197 bytes   down 3654 pkts / 267222 bytes   sessions 0
up 3623 pkts / 392197 bytes   down 3654 pkts / 267222 bytes   sessions 0
up 3623 pkts / 392197 bytes   down 3654 pkts / 267222 bytes   sessions 0
up 3623 pkts / 392197 bytes   down 3654 pkts / 267222 bytes   sessions 0
up 3623 pkts / 392197 bytes   down 3654 pkts / 267222 bytes   sessions 0
up 3623 pkts / 392197 bytes   down 3654 pkts / 267222 bytes   sessions 0
up 3623 pkts / 392197 bytes   down 3654 pkts / 267222 bytes   sessions 0
up 3623 pkts / 392197 bytes   down 3654 pkts / 267222 bytes   sessions 0
up 3623 pkts / 392197 bytes   down 3654 pkts / 267222 bytes   sessions 0
up 3623 pkts / 392197 bytes   down 3654 pkts / 267222 bytes   sessions 0
up 3623 pkts / 392197 bytes   down 3654 pkts / 267222 bytes   sessions 0
up 3623 pkts / 392197 bytes   down 3654 pkts / 267222 bytes   sessions 0
up 3623 pkts / 392197 bytes   down 3654 pkts / 267222 bytes   sessions 0
up 3623 pkts / 392197 bytes   down 3654 pkts / 267222 bytes   sessions 0
up 3623 pkts / 392197 bytes   down 3654 pkts / 267222 bytes   sessions 0
up 3623 pkts / 392197 bytes   down 3654 pkts / 267222 bytes   sessions 0
up 3623 pkts / 392197 bytes   down 3654 pkts / 267222 bytes   sessions 0
up 3623 pkts / 392197 bytes   down 3654 pkts / 267222 bytes   sessions 0
up 3623 pkts / 392197 bytes   down 3654 pkts / 267222 bytes   sessions 0
up 3623 pkts / 392197 bytes   down 3654 pkts / 267222 bytes   sessions 0
up 3623 pkts / 392197 bytes   down 3654 pkts / 267222 bytes   sessions 0
up 3623 pkts / 392197 bytes   down 3654 pkts / 267222 bytes   sessions 0
up 3623 pkts / 392197 bytes   down 3654 pkts / 267222 bytes   sessions 0
up 3623 pkts / 392197 bytes   down 3654 pkts / 267222 bytes   sessions 0
up 3623 pkts / 392197 bytes   down 3654 pkts / 267222 bytes   sessions 0
up 3623 pkts / 392197 bytes   down 3654 pkts / 267222 bytes   sessions 0
up 3623 pkts / 392197 bytes   down 3654 pkts / 267222 bytes   sessions 0
up 3623 pkts / 392197 bytes   down 3654 pkts / 267222 bytes   sessions 0
up 3623 pkts / 392197 bytes   down 3654 pkts / 267222 bytes   sessions 0
up 3623 pkts / 392197 bytes   down 3654 pkts / 267222 bytes   sessions 0
up 3623 pkts / 392197 bytes   down 3654 pkts / 267222 bytes   sessions 0
up 3623 pkts / 392197 bytes   down 3654 pkts / 267222 bytes   sessions 0
up 3623 pkts / 392197 bytes   down 3654 pkts / 267222 bytes   sessions 0
up 3623 pkts / 392197 bytes   down 3654 pkts / 267222 bytes   sessions 0
up 3623 pkts / 392197 bytes   down 3654 pkts / 267222 bytes   sessions 0
up 3623 pkts / 392197 bytes   down 3654 pkts / 267222 bytes   sessions 0
up 3623 pkts / 392197 bytes   down 3654 pkts / 267222 bytes   sessions 0
up 3623 pkts / 392197 bytes   down 3654 pkts / 267222 bytes   sessions 0
up 3623 pkts / 392197 bytes   down 3654 pkts / 267222 bytes   sessions 0
up 3623 pkts / 392197 bytes   down 3654 pkts / 267222 bytes   sessions 0
up 3623 pkts / 392197 bytes   down 3654 pkts / 267222 bytes   sessions 0
up 3623 pkts / 392197 bytes   down 3654 pkts / 267222 bytes   sessions 0
up 3623 pkts / 392197 bytes   down 3654 pkts / 267222 bytes   sessions 0
up 3623 pkts / 392197 bytes   down 3654 pkts / 267222 bytes   sessions 0
up 3623 pkts / 392197 bytes   down 3654 pkts / 267222 bytes   sessions 0
up 3623 pkts / 392197 bytes   down 3654 pkts / 267222 bytes   sessions 0
up 3623 pkts / 392197 bytes   down 3654 pkts / 267222 bytes   sessions 0
up 3623 pkts / 392197 bytes   down 3654 pkts / 267222 bytes   sessions 0
up 3623 pkts / 392197 bytes   down 3654 pkts / 267222 bytes   sessions 0
up 3623 pkts / 392197 bytes   down 3654 pkts / 267222 bytes   sessions 0
up 3623 pkts / 392197 bytes   down 3654 pkts / 267222 bytes   sessions 0
up 3623 pkts / 392197 bytes   down 3654 pkts / 267222 bytes   sessions 0
up 3623 pkts / 392197 bytes   down 3654 pkts / 267222 bytes   sessions 0
up 3623 pkts / 392197 bytes   down 3654 pkts / 267222 bytes   sessions 0
up 3623 pkts / 392197 bytes   down 3654 pkts / 267222 bytes   sessions 0
up 3623 pkts / 392197 bytes   down 3654 pkts / 267222 bytes   sessions 0
up 3623 pkts / 392197 bytes   down 3654 pkts / 267222 bytes   sessions 0
up 3623 pkts / 392197 bytes   down 3654 pkts / 267222 bytes   sessions 0
up 3623 pkts / 392197 bytes   down 3654 pkts / 267222 bytes   sessions 0
up 3623 pkts / 392197 bytes   down 3654 pkts / 267222 bytes   sessions 0
up 3623 pkts / 392197 bytes   down 3654 pkts / 267222 bytes   sessions 0
up 3623 pkts / 392197 bytes   down 3654 pkts / 267222 bytes   sessions 0
up 3623 pkts / 392197 bytes   down 3654 pkts / 267222 bytes   sessions 0
up 3623 pkts / 392197 bytes   down 3654 pkts / 267222 bytes   sessions 0
up 3623 pkts / 392197 bytes   down 3654 pkts / 267222 bytes   sessions 0
up 3623 pkts / 392197 bytes   down 3654 pkts / 267222 bytes   sessions 0
up 3623 pkts / 392197 bytes   down 3654 pkts / 267222 bytes   sessions 0
up 3623 pkts / 392197 bytes   down 3654 pkts / 267222 bytes   sessions 0
up 3623 pkts / 392197 bytes   down 3654 pkts / 267222 bytes   sessions 0
up 3623 pkts / 392197 bytes   down 3654 pkts / 267222 bytes   sessions 0
up 3623 pkts / 392197 bytes   down 3654 pkts / 267222 bytes   sessions 0
up 3623 pkts / 392197 bytes   down 3654 pkts / 267222 bytes   sessions 0
up 3623 pkts / 392197 bytes   down 3654 pkts / 267222 bytes   sessions 0
up 3623 pkts / 392197 bytes   down 3654 pkts / 267222 bytes   sessions 0
up 3623 pkts / 392197 bytes   down 3654 pkts / 267222 bytes   sessions 0
up 3623 pkts / 392197 bytes   down 3654 pkts / 267222 bytes   sessions 0
up 3623 pkts / 392197 bytes   down 3654 pkts / 267222 bytes   sessions 0
up 3623 pkts / 392197 bytes   down 3654 pkts / 267222 bytes   sessions 0
up 3623 pkts / 392197 bytes   down 3654 pkts / 267222 bytes   sessions 0
up 3623 pkts / 392197 bytes   down 3654 pkts / 267222 bytes   sessions 0
up 3623 pkts / 392197 bytes   down 3654 pkts / 267222 bytes   sessions 0
up 3623 pkts / 392197 bytes   down 3654 pkts / 267222 bytes   sessions 0
up 3623 pkts / 392197 bytes   down 3654 pkts / 267222 bytes   sessions 0
up 3623 pkts / 392197 bytes   down 3654 pkts / 267222 bytes   sessions 0
up 3623 pkts / 392197 bytes   down 3654 pkts / 267222 bytes   sessions 0
up 3623 pkts / 392197 bytes   down 3654 pkts / 267222 bytes   sessions 0
up 3623 pkts / 392197 bytes   down 3654 pkts / 267222 bytes   sessions 0
up 3623 pkts / 392197 bytes   down 3654 pkts / 267222 bytes   sessions 0
up 3623 pkts / 392197 bytes   down 3654 pkts / 267222 bytes   sessions 0
up 3623 pkts / 392197 bytes   down 3654 pkts / 267222 bytes   sessions 0
up 3623 pkts / 392197 bytes   down 3654 pkts / 267222 bytes   sessions 0
up 3623 pkts / 392197 bytes   down 3654 pkts / 267222 bytes   sessions 0
up 3623 pkts / 392197 bytes   down 3654 pkts / 267222 bytes   sessions 0
up 3623 pkts / 392197 bytes   down 3654 pkts / 267222 bytes   sessions 0
up 3623 pkts / 392197 bytes   down 3654 pkts / 267222 bytes   sessions 0
up 3623 pkts / 392197 bytes   down 3654 pkts / 267222 bytes   sessions 0
up 3623 pkts / 392197 bytes   down 3654 pkts / 267222 bytes   sessions 0
up 3623 pkts / 392197 bytes   down 3654 pkts / 267222 bytes   sessions 0
up 3623 pkts / 392197 bytes   down 3654 pkts / 267222 bytes   sessions 0
up 3623 pkts / 392197 bytes   down 3654 pkts / 267222 bytes   sessions 0
up 3623 pkts / 392197 bytes   down 3654 pkts / 267222 bytes   sessions 0
up 3623 pkts / 392197 bytes   down 3654 pkts / 267222 bytes   sessions 0
up 3623 pkts / 392197 bytes   down 3654 pkts / 267222 bytes   sessions 0
up 3623 pkts / 392197 bytes   down 3654 pkts / 267222 bytes   sessions 0
up 3623 pkts / 392197 bytes   down 3654 pkts / 267222 bytes   sessions 0
up 3623 pkts / 392197 bytes   down 3654 pkts / 267222 bytes   sessions 0
up 3623 pkts / 392197 bytes   down 3654 pkts / 267222 bytes   sessions 0
up 3623 pkts / 392197 bytes   down 3654 pkts / 267222 bytes   sessions 0
up 3623 pkts / 392197 bytes   down 3654 pkts / 267222 bytes   sessions 0
up 3623 pkts / 392197 bytes   down 3654 pkts / 267222 bytes   sessions 0
up 3623 pkts / 392197 bytes   down 3654 pkts / 267222 bytes   sessions 0
up 3623 pkts / 392197 bytes   down 3654 pkts / 267222 bytes   sessions 0
up 3623 pkts / 392197 bytes   down 3654 pkts / 267222 bytes   sessions 0
up 3623 pkts / 392197 bytes   down 3654 pkts / 267222 bytes   sessions 0
up 3623 pkts / 392197 bytes   down 3654 pkts / 267222 bytes   sessions 0
up 3623 pkts / 392197 bytes   down 3654 pkts / 267222 bytes   sessions 0
up 3623 pkts / 392197 bytes   down 3654 pkts / 267222 bytes   sessions 0
up 3623 pkts / 392197 bytes   down 3654 pkts / 267222 bytes   sessions 0
up 3623 pkts / 392197 bytes   down 3654 pkts / 267222 bytes   sessions 0
up 3623 pkts / 392197 bytes   down 3654 pkts / 267222 bytes   sessions 0
up 3623 pkts / 392197 bytes   down 3654 pkts / 267222 bytes   sessions 0
up 3623 pkts / 392197 bytes   down 3654 pkts / 267222 bytes   sessions 0
up 3623 pkts / 392197 bytes   down 3654 pkts / 267222 bytes   sessions 0
up 3623 pkts / 392197 bytes   down 3654 pkts / 267222 bytes   sessions 0
up 3623 pkts / 392197 bytes   down 3654 pkts / 267222 bytes   sessions 0
up 3623 pkts / 392197 bytes   down 3654 pkts / 267222 bytes   sessions 0
up 3623 pkts / 392197 bytes   down 3654 pkts / 267222 bytes   sessions 0
up 3623 pkts / 392197 bytes   down 3654 pkts / 267222 bytes   sessions 0
up 3623 pkts / 392197 bytes   down 3654 pkts / 267222 bytes   sessions 0
up 3623 pkts / 392197 bytes   down 3654 pkts / 267222 bytes   sessions 0
up 3623 pkts / 392197 bytes   down 3654 pkts / 267222 bytes   sessions 0
up 3623 pkts / 392197 bytes   down 3654 pkts / 267222 bytes   sessions 0
up 3623 pkts / 392197 bytes   down 3654 pkts / 267222 bytes   sessions 0
up 3623 pkts / 392197 bytes   down 3654 pkts / 267222 bytes   sessions 0
up 3623 pkts / 392197 bytes   down 3654 pkts / 267222 bytes   sessions 0
up 3623 pkts / 392197 bytes   down 3654 pkts / 267222 bytes   sessions 0
up 3623 pkts / 392197 bytes   down 3654 pkts / 267222 bytes   sessions 0
up 3623 pkts / 392197 bytes   down 3654 pkts / 267222 bytes   sessions 0
up 3623 pkts / 392197 bytes   down 3654 pkts / 267222 bytes   sessions 0
up 3623 pkts / 392197 bytes   down 3654 pkts / 267222 bytes   sessions 0
up 3623 pkts / 392197 bytes   down 3654 pkts / 267222 bytes   sessions 0
up 3623 pkts / 392197 bytes   down 3654 pkts / 267222 bytes   sessions 0
up 3623 pkts / 392197 bytes   down 3654 pkts / 267222 bytes   sessions 0
up 3623 pkts / 392197 bytes   down 3654 pkts / 267222 bytes   sessions 0
up 3623 pkts / 392197 bytes   down 3654 pkts / 267222 bytes   sessions 0
up 3623 pkts / 392197 bytes   down 3654 pkts / 267222 bytes   sessions 0
up 3623 pkts / 392197 bytes   down 3654 pkts / 267222 bytes   sessions 0
up 3623 pkts / 392197 bytes   down 3654 pkts / 267222 bytes   sessions 0
up 3623 pkts / 392197 bytes   down 3654 pkts / 267222 bytes   sessions 0
up 3623 pkts / 392197 bytes   down 3654 pkts / 267222 bytes   sessions 0
up 3623 pkts / 392197 bytes   down 3654 pkts / 267222 bytes   sessions 0
up 3623 pkts / 392197 bytes   down 3654 pkts / 267222 bytes   sessions 0
up 3623 pkts / 392197 bytes   down 3654 pkts / 267222 bytes   sessions 0
up 3623 pkts / 392197 bytes   down 3654 pkts / 267222 bytes   sessions 0
up 3623 pkts / 392197 bytes   down 3654 pkts / 267222 bytes   sessions 0
up 3623 pkts / 392197 bytes   down 3654 pkts / 267222 bytes   sessions 0
up 3623 pkts / 392197 bytes   down 3654 pkts / 267222 bytes   sessions 0
up 3623 pkts / 392197 bytes   down 3654 pkts / 267222 bytes   sessions 0
up 3623 pkts / 392197 bytes   down 3654 pkts / 267222 bytes   sessions 0
up 3623 pkts / 392197 bytes   down 3654 pkts / 267222 bytes   sessions 0
up 3623 pkts / 392197 bytes   down 3654 pkts / 267222 bytes   sessions 0
up 3623 pkts / 392197 bytes   down 3654 pkts / 267222 bytes   sessions 0
up 3623 pkts / 392197 bytes   down 3654 pkts / 267222 bytes   sessions 0
up 3623 pkts / 392197 bytes   down 3654 pkts / 267222 bytes   sessions 0
up 3623 pkts / 392197 bytes   down 3654 pkts / 267222 bytes   sessions 0
up 3623 pkts / 392197 bytes   down 3654 pkts / 267222 bytes   sessions 0
up 3623 pkts / 392197 bytes   down 3654 pkts / 267222 bytes   sessions 0
up 3623 pkts / 392197 bytes   down 3654 pkts / 267222 bytes   sessions 0
up 3623 pkts / 392197 bytes   down 3654 pkts / 267222 bytes   sessions 0
up 3623 pkts / 392197 bytes   down 3654 pkts / 267222 bytes   sessions 0
up 3623 pkts / 392197 bytes   down 3654 pkts / 267222 bytes   sessions 0
up 3623 pkts / 392197 bytes   down 3654 pkts / 267222 bytes   sessions 0
up 3623 pkts / 392197 bytes   down 3654 pkts / 267222 bytes   sessions 0
up 3623 pkts / 392197 bytes   down 3654 pkts / 267222 bytes   sessions 0
up 3623 pkts / 392197 bytes   down 3654 pkts / 267222 bytes   sessions 0
up 3623 pkts / 392197 bytes   down 3654 pkts / 267222 bytes   sessions 0
up 3623 pkts / 392197 bytes   down 3654 pkts / 267222 bytes   sessions 0
up 3623 pkts / 392197 bytes   down 3654 pkts / 267222 bytes   sessions 0
up 3623 pkts / 392197 bytes   down 3654 pkts / 267222 bytes   sessions 0
up 3623 pkts / 392197 bytes   down 3654 pkts / 267222 bytes   sessions 0
up 3623 pkts / 392197 bytes   down 3654 pkts / 267222 bytes   sessions 0
up 3623 pkts / 392197 bytes   down 3654 pkts / 267222 bytes   sessions 0
up 3623 pkts / 392197 bytes   down 3654 pkts / 267222 bytes   sessions 0
up 3623 pkts / 392197 bytes   down 3654 pkts / 267222 bytes   sessions 0
up 3623 pkts / 392197 bytes   down 3654 pkts / 267222 bytes   sessions 0
up 3623 pkts / 392197 bytes   down 3654 pkts / 267222 bytes   sessions 0
up 3623 pkts / 392197 bytes   down 3654 pkts / 267222 bytes   sessions 0
up 3623 pkts / 392197 bytes   down 3654 pkts / 267222 bytes   sessions 0
up 3623 pkts / 392197 bytes   down 3654 pkts / 267222 bytes   sessions 0
up 3623 pkts / 392197 bytes   down 3654 pkts / 267222 bytes   sessions 0
up 3623 pkts / 392197 bytes   down 3654 pkts / 267222 bytes   sessions 0
up 3623 pkts / 392197 bytes   down 3654 pkts / 267222 bytes   sessions 0
up 3623 pkts / 392197 bytes   down 3654 pkts / 267222 bytes   sessions 0
up 3623 pkts / 392197 bytes   down 3654 pkts / 267222 bytes   sessions 0
up 3623 pkts / 392197 bytes   down 3654 pkts / 267222 bytes   sessions 0
up 3623 pkts / 392197 bytes   down 3654 pkts / 267222 bytes   sessions 0
up 3623 pkts / 392197 bytes   down 3654 pkts / 267222 bytes   sessions 0
up 3623 pkts / 392197 bytes   down 3654 pkts / 267222 bytes   sessions 0
up 3623 pkts / 392197 bytes   down 3654 pkts / 267222 bytes   sessions 0
up 3623 pkts / 392197 bytes   down 3654 pkts / 267222 bytes   sessions 0
up 3623 pkts / 392197 bytes   down 3654 pkts / 267222 bytes   sessions 0
up 3623 pkts / 392197 bytes   down 3654 pkts / 267222 bytes   sessions 0
up 3623 pkts / 392197 bytes   down 3654 pkts / 267222 bytes   sessions 0
up 3623 pkts / 392197 bytes   down 3654 pkts / 267222 bytes   sessions 0
up 3623 pkts / 392197 bytes   down 3654 pkts / 267222 bytes   sessions 0
up 3623 pkts / 392197 bytes   down 3654 pkts / 267222 bytes   sessions 0
up 3623 pkts / 392197 bytes   down 3654 pkts / 267222 bytes   sessions 0
up 3623 pkts / 392197 bytes   down 3654 pkts / 267222 bytes   sessions 0
up 3623 pkts / 392197 bytes   down 3654 pkts / 267222 bytes   sessions 0
up 3623 pkts / 392197 bytes   down 3654 pkts / 267222 bytes   sessions 0
up 3623 pkts / 392197 bytes   down 3654 pkts / 267222 bytes   sessions 0
up 3623 pkts / 392197 bytes   down 3654 pkts / 267222 bytes   sessions 0
up 3623 pkts / 392197 bytes   down 3654 pkts / 267222 bytes   sessions 0
up 3623 pkts / 392197 bytes   down 3654 pkts / 267222 bytes   sessions 0
up 3623 pkts / 392197 bytes   down 3654 pkts / 267222 bytes   sessions 0
up 3623 pkts / 392197 bytes   down 3654 pkts / 267222 bytes   sessions 0
up 3623 pkts / 392197 bytes   down 3654 pkts / 267222 bytes   sessions 0
up 3623 pkts / 392197 bytes   down 3654 pkts / 267222 bytes   sessions 0
up 3623 pkts / 392197 bytes   down 3654 pkts / 267222 bytes   sessions 0
up 3623 pkts / 392197 bytes   down 3654 pkts / 267222 bytes   sessions 0
up 3623 pkts / 392197 bytes   down 3654 pkts / 267222 bytes   sessions 0
up 3623 pkts / 392197 bytes   down 3654 pkts / 267222 bytes   sessions 0
up 3623 pkts / 392197 bytes   down 3654 pkts / 267222 bytes   sessions 0
up 3623 pkts / 392197 bytes   down 3654 pkts / 267222 bytes   sessions 0
up 3623 pkts / 392197 bytes   down 3654 pkts / 267222 bytes   sessions 0
up 3623 pkts / 392197 bytes   down 3654 pkts / 267222 bytes   sessions 0
up 3623 pkts / 392197 bytes   down 3654 pkts / 267222 bytes   sessions 0
up 3623 pkts / 392197 bytes   down 3654 pkts / 267222 bytes   sessions 0
up 3623 pkts / 392197 bytes   down 3654 pkts / 267222 bytes   sessions 0
up 3623 pkts / 392197 bytes   down 3654 pkts / 267222 bytes   sessions 0
up 3623 pkts / 392197 bytes   down 3654 pkts / 267222 bytes   sessions 0
up 3623 pkts / 392197 bytes   down 3654 pkts / 267222 bytes   sessions 0
up 3623 pkts / 392197 bytes   down 3654 pkts / 267222 bytes   sessions 0
up 3623 pkts / 392197 bytes   down 3654 pkts / 267222 bytes   sessions 0
up 3623 pkts / 392197 bytes   down 3654 pkts / 267222 bytes   sessions 0
up 3623 pkts / 392197 bytes   down 3654 pkts / 267222 bytes   sessions 0
up 3623 pkts / 392197 bytes   down 3654 pkts / 267222 bytes   sessions 0
up 3623 pkts / 392197 bytes   down 3654 pkts / 267222 bytes   sessions 0
up 3623 pkts / 392197 bytes   down 3654 pkts / 267222 bytes   sessions 0
up 3623 pkts / 392197 bytes   down 3654 pkts / 267222 bytes   sessions 0
up 3623 pkts / 392197 bytes   down 3654 pkts / 267222 bytes   sessions 0
up 3623 pkts / 392197 bytes   down 3654 pkts / 267222 bytes   sessions 0
up 3623 pkts / 392197 bytes   down 3654 pkts / 267222 bytes   sessions 0
up 3623 pkts / 392197 bytes   down 3654 pkts / 267222 bytes   sessions 0
up 3623 pkts / 392197 bytes   down 3654 pkts / 267222 bytes   sessions 0
up 3623 pkts / 392197 bytes   down 3654 pkts / 267222 bytes   sessions 0
up 3623 pkts / 392197 bytes   down 3654 pkts / 267222 bytes   sessions 0
up 3623 pkts / 392197 bytes   down 3654 pkts / 267222 bytes   sessions 0
up 3623 pkts / 392197 bytes   down 3654 pkts / 267222 bytes   sessions 0
up 3623 pkts / 392197 bytes   down 3654 pkts / 267222 bytes   sessions 0
up 3623 pkts / 392197 bytes   down 3654 pkts / 267222 bytes   sessions 0
up 3623 pkts / 392197 bytes   down 3654 pkts / 267222 bytes   sessions 0
up 3623 pkts / 392197 bytes   down 3654 pkts / 267222 bytes   sessions 0
up 3623 pkts / 392197 bytes   down 3654 pkts / 267222 bytes   sessions 0
up 3623 pkts / 392197 bytes   down 3654 pkts / 267222 bytes   sessions 0
up 3623 pkts / 392197 bytes   down 3654 pkts / 267222 bytes   sessions 0
up 3623 pkts / 392197 bytes   down 3654 pkts / 267222 bytes   sessions 0
up 3623 pkts / 392197 bytes   down 3654 pkts / 267222 bytes   sessions 0
up 3623 pkts / 392197 bytes   down 3654 pkts / 267222 bytes   sessions 0
up 3623 pkts / 392197 bytes   down 3654 pkts / 267222 bytes   sessions 0
up 3623 pkts / 392197 bytes   down 3654 pkts / 267222 bytes   sessions 0
up 3623 pkts / 392197 bytes   down 3654 pkts / 267222 bytes   sessions 0
up 3623 pkts / 392197 bytes   down 3654 pkts / 267222 bytes   sessions 0
up 3623 pkts / 392197 bytes   down 3654 pkts / 267222 bytes   sessions 0
up 3623 pkts / 392197 bytes   down 3654 pkts / 267222 bytes   sessions 0
up 3623 pkts / 392197 bytes   down 3654 pkts / 267222 bytes   sessions 0
up 3623 pkts / 392197 bytes   down 3654 pkts / 267222 bytes   sessions 0
up 3623 pkts / 392197 bytes   down 3654 pkts / 267222 bytes   sessions 0
up 3623 pkts / 392197 bytes   down 3654 pkts / 267222 bytes   sessions 0
up 3623 pkts / 392197 bytes   down 3654 pkts / 267222 bytes   sessions 0
up 3623 pkts / 392197 bytes   down 3654 pkts / 267222 bytes   sessions 0
up 3623 pkts / 392197 bytes   down 3654 pkts / 267222 bytes   sessions 0
up 3623 pkts / 392197 bytes   down 3654 pkts / 267222 bytes   sessions 0
up 3623 pkts / 392197 bytes   down 3654 pkts / 267222 bytes   sessions 0
up 3623 pkts / 392197 bytes   down 3654 pkts / 267222 bytes   sessions 0
up 3623 pkts / 392197 bytes   down 3654 pkts / 267222 bytes   sessions 0
up 3623 pkts / 392197 bytes   down 3654 pkts / 267222 bytes   sessions 0
up 3623 pkts / 392197 bytes   down 3654 pkts / 267222 bytes   sessions 0
up 3623 pkts / 392197 bytes   down 3654 pkts / 267222 bytes   sessions 0
up 3623 pkts / 392197 bytes   down 3654 pkts / 267222 bytes   sessions 0
up 3623 pkts / 392197 bytes   down 3654 pkts / 267222 bytes   sessions 0
up 3623 pkts / 392197 bytes   down 3654 pkts / 267222 bytes   sessions 0
up 3623 pkts / 392197 bytes   down 3654 pkts / 267222 bytes   sessions 0
up 3623 pkts / 392197 bytes   down 3654 pkts / 267222 bytes   sessions 0
up 3623 pkts / 392197 bytes   down 3654 pkts / 267222 bytes   sessions 0
up 3623 pkts / 392197 bytes   down 3654 pkts / 267222 bytes   sessions 0
up 3623 pkts / 392197 bytes   down 3654 pkts / 267222 bytes   sessions 0
up 3623 pkts / 392197 bytes   down 3654 pkts / 267222 bytes   sessions 0
up 3623 pkts / 392197 bytes   down 3654 pkts / 267222 bytes   sessions 0
up 3623 pkts / 392197 bytes   down 3654 pkts / 267222 bytes   sessions 0
up 3623 pkts / 392197 bytes   down 3654 pkts / 267222 bytes   sessions 0
up 3623 pkts / 392197 bytes   down 3654 pkts / 267222 bytes   sessions 0
up 3623 pkts / 392197 bytes   down 3654 pkts / 267222 bytes   sessions 0
up 3623 pkts / 392197 bytes   down 3654 pkts / 267222 bytes   sessions 0
up 3623 pkts / 392197 bytes   down 3654 pkts / 267222 bytes   sessions 0
up 3623 pkts / 392197 bytes   down 3654 pkts / 267222 bytes   sessions 0
up 3623 pkts / 392197 bytes   down 3654 pkts / 267222 bytes   sessions 0
up 3623 pkts / 392197 bytes   down 3654 pkts / 267222 bytes   sessions 0
up 3623 pkts / 392197 bytes   down 3654 pkts / 267222 bytes   sessions 0
up 3623 pkts / 392197 bytes   down 3654 pkts / 267222 bytes   sessions 0
up 3623 pkts / 392197 bytes   down 3654 pkts / 267222 bytes   sessions 0
up 3623 pkts / 392197 bytes   down 3654 pkts / 267222 bytes   sessions 0
up 3623 pkts / 392197 bytes   down 3654 pkts / 267222 bytes   sessions 0
up 3623 pkts / 392197 bytes   down 3654 pkts / 267222 bytes   sessions 0
up 3623 pkts / 392197 bytes   down 3654 pkts / 267222 bytes   sessions 0
up 3623 pkts / 392197 bytes   down 3654 pkts / 267222 bytes   sessions 0
up 3623 pkts / 392197 bytes   down 3654 pkts / 267222 bytes   sessions 0
up 3623 pkts / 392197 bytes   down 3654 pkts / 267222 bytes   sessions 0
up 3623 pkts / 392197 bytes   down 3654 pkts / 267222 bytes   sessions 0
up 3623 pkts / 392197 bytes   down 3654 pkts / 267222 bytes   sessions 0
up 3623 pkts / 392197 bytes   down 3654 pkts / 267222 bytes   sessions 0
up 3623 pkts / 392197 bytes   down 3654 pkts / 267222 bytes   sessions 0
up 3623 pkts / 392197 bytes   down 3654 pkts / 267222 bytes   sessions 0
up 3623 pkts / 392197 bytes   down 3654 pkts / 267222 bytes   sessions 0
up 3623 pkts / 392197 bytes   down 3654 pkts / 267222 bytes   sessions 0
up 3623 pkts / 392197 bytes   down 3654 pkts / 267222 bytes   sessions 0
up 3623 pkts / 392197 bytes   down 3654 pkts / 267222 bytes   sessions 0
up 3623 pkts / 392197 bytes   down 3654 pkts / 267222 bytes   sessions 0
up 3623 pkts / 392197 bytes   down 3654 pkts / 267222 bytes   sessions 0
up 3623 pkts / 392197 bytes   down 3654 pkts / 267222 bytes   sessions 0
up 3623 pkts / 392197 bytes   down 3654 pkts / 267222 bytes   sessions 0
up 3623 pkts / 392197 bytes   down 3654 pkts / 267222 bytes   sessions 0
up 3623 pkts / 392197 bytes   down 3654 pkts / 267222 bytes   sessions 0
up 3623 pkts / 392197 bytes   down 3654 pkts / 267222 bytes   sessions 0
up 3623 pkts / 392197 bytes   down 3654 pkts / 267222 bytes   sessions 0
up 3623 pkts / 392197 bytes   down 3654 pkts / 267222 bytes   sessions 0
up 3623 pkts / 392197 bytes   down 3654 pkts / 267222 bytes   sessions 0
up 3623 pkts / 392197 bytes   down 3654 pkts / 267222 bytes   sessions 0
up 3623 pkts / 392197 bytes   down 3654 pkts / 267222 bytes   sessions 0
up 3623 pkts / 392197 bytes   down 3654 pkts / 267222 bytes   sessions 0
up 3623 pkts / 392197 bytes   down 3654 pkts / 267222 bytes   sessions 0
up 3623 pkts / 392197 bytes   down 3654 pkts / 267222 bytes   sessions 0
up 3623 pkts / 392197 bytes   down 3654 pkts / 267222 bytes   sessions 0
up 3623 pkts / 392197 bytes   down 3654 pkts / 267222 bytes   sessions 0
up 3623 pkts / 392197 bytes   down 3654 pkts / 267222 bytes   sessions 0
up 3623 pkts / 392197 bytes   down 3654 pkts / 267222 bytes   sessions 0
up 3623 pkts / 392197 bytes   down 3654 pkts / 267222 bytes   sessions 0
up 3623 pkts / 392197 bytes   down 3654 pkts / 267222 bytes   sessions 0
up 3623 pkts / 392197 bytes   down 3654 pkts / 267222 bytes   sessions 0
up 3623 pkts / 392197 bytes   down 3654 pkts / 267222 bytes   sessions 0
up 3623 pkts / 392197 bytes   down 3654 pkts / 267222 bytes   sessions 0
up 3623 pkts / 392197 bytes   down 3654 pkts / 267222 bytes   sessions 0
up 3623 pkts / 392197 bytes   down 3654 pkts / 267222 bytes   sessions 0
up 3623 pkts / 392197 bytes   down 3654 pkts / 267222 bytes   sessions 0
up 3623 pkts / 392197 bytes   down 3654 pkts / 267222 bytes   sessions 0
up 3623 pkts / 392197 bytes   down 3654 pkts / 267222 bytes   sessions 0
up 3623 pkts / 392197 bytes   down 3654 pkts / 267222 bytes   sessions 0
up 3623 pkts / 392197 bytes   down 3654 pkts / 267222 bytes   sessions 0
up 3623 pkts / 392197 bytes   down 3654 pkts / 267222 bytes   sessions 0
up 3623 pkts / 392197 bytes   down 3654 pkts / 267222 bytes   sessions 0
up 3623 pkts / 392197 bytes   down 3654 pkts / 267222 bytes   sessions 0
up 3623 pkts / 392197 bytes   down 3654 pkts / 267222 bytes   sessions 0
up 3623 pkts / 392197 bytes   down 3654 pkts / 267222 bytes   sessions 0
up 3623 pkts / 392197 bytes   down 3654 pkts / 267222 bytes   sessions 0
up 3623 pkts / 392197 bytes   down 3654 pkts / 267222 bytes   sessions 0
up 3623 pkts / 392197 bytes   down 3654 pkts / 267222 bytes   sessions 0
up 3623 pkts / 392197 bytes   down 3654 pkts / 267222 bytes   sessions 0
up 3623 pkts / 392197 bytes   down 3654 pkts / 267222 bytes   sessions 0
up 3623 pkts / 392197 bytes   down 3654 pkts / 267222 bytes   sessions 0
up 3623 pkts / 392197 bytes   down 3654 pkts / 267222 bytes   sessions 0
up 3623 pkts / 392197 bytes   down 3654 pkts / 267222 bytes   sessions 0
up 3623 pkts / 392197 bytes   down 3654 pkts / 267222 bytes   sessions 0
up 3623 pkts / 392197 bytes   down 3654 pkts / 267222 bytes   sessions 0
up 3623 pkts / 392197 bytes   down 3654 pkts / 267222 bytes   sessions 0
up 3623 pkts / 392197 bytes   down 3654 pkts / 267222 bytes   sessions 0
up 3623 pkts / 392197 bytes   down 3654 pkts / 267222 bytes   sessions 0
up 3623 pkts / 392197 bytes   down 3654 pkts / 267222 bytes   sessions 0
up 3623 pkts / 392197 bytes   down 3654 pkts / 267222 bytes   sessions 0
up 3623 pkts / 392197 bytes   down 3654 pkts / 267222 bytes   sessions 0
up 3623 pkts / 392197 bytes   down 3654 pkts / 267222 bytes   sessions 0
up 3623 pkts / 392197 bytes   down 3654 pkts / 267222 bytes   sessions 0
up 3623 pkts / 392197 bytes   down 3654 pkts / 267222 bytes   sessions 0
up 3623 pkts / 392197 bytes   down 3654 pkts / 267222 bytes   sessions 0
up 3623 pkts / 392197 bytes   down 3654 pkts / 267222 bytes   sessions 0
up 3623 pkts / 392197 bytes   down 3654 pkts / 267222 bytes   sessions 0
up 3623 pkts / 392197 bytes   down 3654 pkts / 267222 bytes   sessions 0
up 3623 pkts / 392197 bytes   down 3654 pkts / 267222 bytes   sessions 0
up 3623 pkts / 392197 bytes   down 3654 pkts / 267222 bytes   sessions 0
up 3623 pkts / 392197 bytes   down 3654 pkts / 267222 bytes   sessions 0
up 3623 pkts / 392197 bytes   down 3654 pkts / 267222 bytes   sessions 0
up 3623 pkts / 392197 bytes   down 3654 pkts / 267222 bytes   sessions 0
up 3623 pkts / 392197 bytes   down 3654 pkts / 267222 bytes   sessions 0
up 3623 pkts / 392197 bytes   down 3654 pkts / 267222 bytes   sessions 0
up 3623 pkts / 392197 bytes   down 3654 pkts / 267222 bytes   sessions 0
up 3623 pkts / 392197 bytes   down 3654 pkts / 267222 bytes   sessions 0
up 3623 pkts / 392197 bytes   down 3654 pkts / 267222 bytes   sessions 0
up 3623 pkts / 392197 bytes   down 3654 pkts / 267222 bytes   sessions 0
up 3623 pkts / 392197 bytes   down 3654 pkts / 267222 bytes   sessions 0
up 3623 pkts / 392197 bytes   down 3654 pkts / 267222 bytes   sessions 0
up 3623 pkts / 392197 bytes   down 3654 pkts / 267222 bytes   sessions 0
up 3623 pkts / 392197 bytes   down 3654 pkts / 267222 bytes   sessions 0
up 3623 pkts / 392197 bytes   down 3654 pkts / 267222 bytes   sessions 0
up 3623 pkts / 392197 bytes   down 3654 pkts / 267222 bytes   sessions 0
up 3623 pkts / 392197 bytes   down 3654 pkts / 267222 bytes   sessions 0
up 3623 pkts / 392197 bytes   down 3654 pkts / 267222 bytes   sessions 0
up 3623 pkts / 392197 bytes   down 3654 pkts / 267222 bytes   sessions 0
up 3623 pkts / 392197 bytes   down 3654 pkts / 267222 bytes   sessions 0
up 3623 pkts / 392197 bytes   down 3654 pkts / 267222 bytes   sessions 0
up 3623 pkts / 392197 bytes   down 3654 pkts / 267222 bytes   sessions 0
up 3623 pkts / 392197 bytes   down 3654 pkts / 267222 bytes   sessions 0
up 3623 pkts / 392197 bytes   down 3654 pkts / 267222 bytes   sessions 0
up 3623 pkts / 392197 bytes   down 3654 pkts / 267222 bytes   sessions 0
up 3623 pkts / 392197 bytes   down 3654 pkts / 267222 bytes   sessions 0
up 3623 pkts / 392197 bytes   down 3654 pkts / 267222 bytes   sessions 0
up 3623 pkts / 392197 bytes   down 3654 pkts / 267222 bytes   sessions 0
up 3623 pkts / 392197 bytes   down 3654 pkts / 267222 bytes   sessions 0
up 3623 pkts / 392197 bytes   down 3654 pkts / 267222 bytes   sessions 0
up 3623 pkts / 392197 bytes   down 3654 pkts / 267222 bytes   sessions 0
up 3623 pkts / 392197 bytes   down 3654 pkts / 267222 bytes   sessions 0
up 3623 pkts / 392197 bytes   down 3654 pkts / 267222 bytes   sessions 0
up 3623 pkts / 392197 bytes   down 3654 pkts / 267222 bytes   sessions 0
up 3623 pkts / 392197 bytes   down 3654 pkts / 267222 bytes   sessions 0
up 3623 pkts / 392197 bytes   down 3654 pkts / 267222 bytes   sessions 0
up 3623 pkts / 392197 bytes   down 3654 pkts / 267222 bytes   sessions 0
up 3623 pkts / 392197 bytes   down 3654 pkts / 267222 bytes   sessions 0
up 3623 pkts / 392197 bytes   down 3654 pkts / 267222 bytes   sessions 0
up 3623 pkts / 392197 bytes   down 3654 pkts / 267222 bytes   sessions 0
up 3623 pkts / 392197 bytes   down 3654 pkts / 267222 bytes   sessions 0
up 3623 pkts / 392197 bytes   down 3654 pkts / 267222 bytes   sessions 0
up 3623 pkts / 392197 bytes   down 3654 pkts / 267222 bytes   sessions 0
up 3623 pkts / 392197 bytes   down 3654 pkts / 267222 bytes   sessions 0
up 3623 pkts / 392197 bytes   down 3654 pkts / 267222 bytes   sessions 0
up 3623 pkts / 392197 bytes   down 3654 pkts / 267222 bytes   sessions 0
up 3623 pkts / 392197 bytes   down 3654 pkts / 267222 bytes   sessions 0
up 3623 pkts / 392197 bytes   down 3654 pkts / 267222 bytes   sessions 0
up 3623 pkts / 392197 bytes   down 3654 pkts / 267222 bytes   sessions 0
up 3623 pkts / 392197 bytes   down 3654 pkts / 267222 bytes   sessions 0
up 3623 pkts / 392197 bytes   down 3654 pkts / 267222 bytes   sessions 0
up 3623 pkts / 392197 bytes   down 3654 pkts / 267222 bytes   sessions 0
up 3623 pkts / 392197 bytes   down 3654 pkts / 267222 bytes   sessions 0
up 3623 pkts / 392197 bytes   down 3654 pkts / 267222 bytes   sessions 0
up 3623 pkts / 392197 bytes   down 3654 pkts / 267222 bytes   sessions 0
up 3623 pkts / 392197 bytes   down 3654 pkts / 267222 bytes   sessions 0
up 3623 pkts / 392197 bytes   down 3654 pkts / 267222 bytes   sessions 0
up 3623 pkts / 392197 bytes   down 3654 pkts / 267222 bytes   sessions 0
up 3623 pkts / 392197 bytes   down 3654 pkts / 267222 bytes   sessions 0
up 3623 pkts / 392197 bytes   down 3654 pkts / 267222 bytes   sessions 0
up 3623 pkts / 392197 bytes   down 3654 pkts / 267222 bytes   sessions 0
up 3623 pkts / 392197 bytes   down 3654 pkts / 267222 bytes   sessions 0
up 3623 pkts / 392197 bytes   down 3654 pkts / 267222 bytes   sessions 0
up 3623 pkts / 392197 bytes   down 3654 pkts / 267222 bytes   sessions 0
up 3623 pkts / 392197 bytes   down 3654 pkts / 267222 bytes   sessions 0
up 3623 pkts / 392197 bytes   down 3654 pkts / 267222 bytes   sessions 0
up 3623 pkts / 392197 bytes   down 3654 pkts / 267222 bytes   sessions 0
up 3623 pkts / 392197 bytes   down 3654 pkts / 267222 bytes   sessions 0
up 3623 pkts / 392197 bytes   down 3654 pkts / 267222 bytes   sessions 0
up 3623 pkts / 392197 bytes   down 3654 pkts / 267222 bytes   sessions 0
up 3623 pkts / 392197 bytes   down 3654 pkts / 267222 bytes   sessions 0
up 3623 pkts / 392197 bytes   down 3654 pkts / 267222 bytes   sessions 0
up 3623 pkts / 392197 bytes   down 3654 pkts / 267222 bytes   sessions 0
up 3623 pkts / 392197 bytes   down 3654 pkts / 267222 bytes   sessions 0
up 3623 pkts / 392197 bytes   down 3654 pkts / 267222 bytes   sessions 0
up 3623 pkts / 392197 bytes   down 3654 pkts / 267222 bytes   sessions 0
up 3623 pkts / 392197 bytes   down 3654 pkts / 267222 bytes   sessions 0
up 3623 pkts / 392197 bytes   down 3654 pkts / 267222 bytes   sessions 0
up 3623 pkts / 392197 bytes   down 3654 pkts / 267222 bytes   sessions 0
up 3623 pkts / 392197 bytes   down 3654 pkts / 267222 bytes   sessions 0
up 3623 pkts / 392197 bytes   down 3654 pkts / 267222 bytes   sessions 0
up 3623 pkts / 392197 bytes   down 3654 pkts / 267222 bytes   sessions 0
up 3623 pkts / 392197 bytes   down 3654 pkts / 267222 bytes   sessions 0
up 3623 pkts / 392197 bytes   down 3654 pkts / 267222 bytes   sessions 0
up 3623 pkts / 392197 bytes   down 3654 pkts / 267222 bytes   sessions 0
up 3623 pkts / 392197 bytes   down 3654 pkts / 267222 bytes   sessions 0
up 3623 pkts / 392197 bytes   down 3654 pkts / 267222 bytes   sessions 0
up 3623 pkts / 392197 bytes   down 3654 pkts / 267222 bytes   sessions 0
up 3623 pkts / 392197 bytes   down 3654 pkts / 267222 bytes   sessions 0
up 3623 pkts / 392197 bytes   down 3654 pkts / 267222 bytes   sessions 0
up 3623 pkts / 392197 bytes   down 3654 pkts / 267222 bytes   sessions 0
up 3623 pkts / 392197 bytes   down 3654 pkts / 267222 bytes   sessions 0
up 3623 pkts / 392197 bytes   down 3654 pkts / 267222 bytes   sessions 0
up 3623 pkts / 392197 bytes   down 3654 pkts / 267222 bytes   sessions 0
up 3623 pkts / 392197 bytes   down 3654 pkts / 267222 bytes   sessions 0
up 3623 pkts / 392197 bytes   down 3654 pkts / 267222 bytes   sessions 0
up 3623 pkts / 392197 bytes   down 3654 pkts / 267222 bytes   sessions 0
up 3623 pkts / 392197 bytes   down 3654 pkts / 267222 bytes   sessions 0
up 3623 pkts / 392197 bytes   down 3654 pkts / 267222 bytes   sessions 0
up 3623 pkts / 392197 bytes   down 3654 pkts / 267222 bytes   sessions 0
up 3623 pkts / 392197 bytes   down 3654 pkts / 267222 bytes   sessions 0
up 3623 pkts / 392197 bytes   down 3654 pkts / 267222 bytes   sessions 0
up 3623 pkts / 392197 bytes   down 3654 pkts / 267222 bytes   sessions 0
up 3623 pkts / 392197 bytes   down 3654 pkts / 267222 bytes   sessions 0
up 3623 pkts / 392197 bytes   down 3654 pkts / 267222 bytes   sessions 0
up 3623 pkts / 392197 bytes   down 3654 pkts / 267222 bytes   sessions 0
up 3623 pkts / 392197 bytes   down 3654 pkts / 267222 bytes   sessions 0
up 3623 pkts / 392197 bytes   down 3654 pkts / 267222 bytes   sessions 0
up 3623 pkts / 392197 bytes   down 3654 pkts / 267222 bytes   sessions 0
up 3623 pkts / 392197 bytes   down 3654 pkts / 267222 bytes   sessions 0
up 3623 pkts / 392197 bytes   down 3654 pkts / 267222 bytes   sessions 0
up 3623 pkts / 392197 bytes   down 3654 pkts / 267222 bytes   sessions 0
up 3623 pkts / 392197 bytes   down 3654 pkts / 267222 bytes   sessions 0
up 3623 pkts / 392197 bytes   down 3654 pkts / 267222 bytes   sessions 0
up 3623 pkts / 392197 bytes   down 3654 pkts / 267222 bytes   sessions 0
up 3623 pkts / 392197 bytes   down 3654 pkts / 267222 bytes   sessions 0
up 3623 pkts / 392197 bytes   down 3654 pkts / 267222 bytes   sessions 0
up 3623 pkts / 392197 bytes   down 3654 pkts / 267222 bytes   sessions 0
up 3623 pkts / 392197 bytes   down 3654 pkts / 267222 bytes   sessions 0
up 3623 pkts / 392197 bytes   down 3654 pkts / 267222 bytes   sessions 0
up 3623 pkts / 392197 bytes   down 3654 pkts / 267222 bytes   sessions 0
up 3623 pkts / 392197 bytes   down 3654 pkts / 267222 bytes   sessions 0
up 3623 pkts / 392197 bytes   down 3654 pkts / 267222 bytes   sessions 0
session 127.0.0.1:53092: egress 192.168.0.4:0, advertise 10.0.2.2:9443
up 3642 pkts / 400980 bytes   down 3676 pkts / 272827 bytes   sessions 1
up 3673 pkts / 405094 bytes   down 3705 pkts / 278764 bytes   sessions 1
up 3673 pkts / 405094 bytes   down 3705 pkts / 278764 bytes   sessions 1
up 3677 pkts / 405350 bytes   down 3709 pkts / 278936 bytes   sessions 1
up 3679 pkts / 405478 bytes   down 3711 pkts / 279022 bytes   sessions 1
up 3681 pkts / 405606 bytes   down 3713 pkts / 279108 bytes   sessions 1
up 3685 pkts / 405862 bytes   down 3717 pkts / 279280 bytes   sessions 1
up 3688 pkts / 406055 bytes   down 3720 pkts / 279469 bytes   sessions 1
up 3692 pkts / 406299 bytes   down 3724 pkts / 279768 bytes   sessions 1
up 3695 pkts / 406474 bytes   down 3727 pkts / 279940 bytes   sessions 1
up 3698 pkts / 406649 bytes   down 3730 pkts / 280112 bytes   sessions 1
up 3700 pkts / 406798 bytes   down 3732 pkts / 280443 bytes   sessions 1
