bridge 0.0.0.0:15150 -> udp 162.159.198.2:443
advertise      : 10.0.2.2
egress bind    : 192.168.0.4
up 0 pkts / 0 bytes   down 0 pkts / 0 bytes   sessions 0
up 0 pkts / 0 bytes   down 0 pkts / 0 bytes   sessions 0
up 0 pkts / 0 bytes   down 0 pkts / 0 bytes   sessions 0
up 0 pkts / 0 bytes   down 0 pkts / 0 bytes   sessions 0
session 127.0.0.1:54209: egress 192.168.0.4:0, advertise 10.0.2.2:51536
up: 1200 bytes to 162.159.198.2:443
up: 1200 bytes to 162.159.198.2:443
down: 94 bytes from 162.159.198.2:443
down: 94 bytes from 162.159.198.2:443
up: 1200 bytes to 162.159.198.2:443
up: 1200 bytes to 162.159.198.2:443
down: 1200 bytes from 162.159.198.2:443
down: 1200 bytes from 162.159.198.2:443
session 127.0.0.1:54209 ended: EOF
up 40 pkts / 11863 bytes   down 42 pkts / 12287 bytes   sessions 0
session 127.0.0.1:35849: egress 192.168.0.4:0, advertise 10.0.2.2:42536
session 127.0.0.1:35849 ended: EOF
session 127.0.0.1:57859: egress 192.168.0.4:0, advertise 10.0.2.2:4473
up 86 pkts / 31312 bytes   down 83 pkts / 26719 bytes   sessions 1
session 127.0.0.1:57859 ended: EOF
up 118 pkts / 35575 bytes   down 116 pkts / 34239 bytes   sessions 0
up 118 pkts / 35575 bytes   down 116 pkts / 34239 bytes   sessions 0
up 118 pkts / 35575 bytes   down 116 pkts / 34239 bytes   sessions 0
up 118 pkts / 35575 bytes   down 116 pkts / 34239 bytes   sessions 0
up 118 pkts / 35575 bytes   down 116 pkts / 34239 bytes   sessions 0
up 118 pkts / 35575 bytes   down 116 pkts / 34239 bytes   sessions 0
up 118 pkts / 35575 bytes   down 116 pkts / 34239 bytes   sessions 0
up 118 pkts / 35575 bytes   down 116 pkts / 34239 bytes   sessions 0
up 118 pkts / 35575 bytes   down 116 pkts / 34239 bytes   sessions 0
up 118 pkts / 35575 bytes   down 116 pkts / 34239 bytes   sessions 0
up 118 pkts / 35575 bytes   down 116 pkts / 34239 bytes   sessions 0
up 118 pkts / 35575 bytes   down 116 pkts / 34239 bytes   sessions 0
up 118 pkts / 35575 bytes   down 116 pkts / 34239 bytes   sessions 0
up 118 pkts / 35575 bytes   down 116 pkts / 34239 bytes   sessions 0
up 118 pkts / 35575 bytes   down 116 pkts / 34239 bytes   sessions 0
up 118 pkts / 35575 bytes   down 116 pkts / 34239 bytes   sessions 0
up 118 pkts / 35575 bytes   down 116 pkts / 34239 bytes   sessions 0
up 118 pkts / 35575 bytes   down 116 pkts / 34239 bytes   sessions 0
up 118 pkts / 35575 bytes   down 116 pkts / 34239 bytes   sessions 0
up 118 pkts / 35575 bytes   down 116 pkts / 34239 bytes   sessions 0
up 118 pkts / 35575 bytes   down 116 pkts / 34239 bytes   sessions 0
up 118 pkts / 35575 bytes   down 116 pkts / 34239 bytes   sessions 0
up 118 pkts / 35575 bytes   down 116 pkts / 34239 bytes   sessions 0
up 118 pkts / 35575 bytes   down 116 pkts / 34239 bytes   sessions 0
up 118 pkts / 35575 bytes   down 116 pkts / 34239 bytes   sessions 0
up 118 pkts / 35575 bytes   down 116 pkts / 34239 bytes   sessions 0
up 118 pkts / 35575 bytes   down 116 pkts / 34239 bytes   sessions 0
up 118 pkts / 35575 bytes   down 116 pkts / 34239 bytes   sessions 0
up 118 pkts / 35575 bytes   down 116 pkts / 34239 bytes   sessions 0
up 118 pkts / 35575 bytes   down 116 pkts / 34239 bytes   sessions 0
up 118 pkts / 35575 bytes   down 116 pkts / 34239 bytes   sessions 0
up 118 pkts / 35575 bytes   down 116 pkts / 34239 bytes   sessions 0
up 118 pkts / 35575 bytes   down 116 pkts / 34239 bytes   sessions 0
up 118 pkts / 35575 bytes   down 116 pkts / 34239 bytes   sessions 0
up 118 pkts / 35575 bytes   down 116 pkts / 34239 bytes   sessions 0
up 118 pkts / 35575 bytes   down 116 pkts / 34239 bytes   sessions 0
up 118 pkts / 35575 bytes   down 116 pkts / 34239 bytes   sessions 0
up 118 pkts / 35575 bytes   down 116 pkts / 34239 bytes   sessions 0
up 118 pkts / 35575 bytes   down 116 pkts / 34239 bytes   sessions 0
up 118 pkts / 35575 bytes   down 116 pkts / 34239 bytes   sessions 0
up 118 pkts / 35575 bytes   down 116 pkts / 34239 bytes   sessions 0
up 118 pkts / 35575 bytes   down 116 pkts / 34239 bytes   sessions 0
up 118 pkts / 35575 bytes   down 116 pkts / 34239 bytes   sessions 0
up 118 pkts / 35575 bytes   down 116 pkts / 34239 bytes   sessions 0
up 118 pkts / 35575 bytes   down 116 pkts / 34239 bytes   sessions 0
up 118 pkts / 35575 bytes   down 116 pkts / 34239 bytes   sessions 0
up 118 pkts / 35575 bytes   down 116 pkts / 34239 bytes   sessions 0
up 118 pkts / 35575 bytes   down 116 pkts / 34239 bytes   sessions 0
up 118 pkts / 35575 bytes   down 116 pkts / 34239 bytes   sessions 0
up 118 pkts / 35575 bytes   down 116 pkts / 34239 bytes   sessions 0
up 118 pkts / 35575 bytes   down 116 pkts / 34239 bytes   sessions 0
up 118 pkts / 35575 bytes   down 116 pkts / 34239 bytes   sessions 0
up 118 pkts / 35575 bytes   down 116 pkts / 34239 bytes   sessions 0
up 118 pkts / 35575 bytes   down 116 pkts / 34239 bytes   sessions 0
up 118 pkts / 35575 bytes   down 116 pkts / 34239 bytes   sessions 0
up 118 pkts / 35575 bytes   down 116 pkts / 34239 bytes   sessions 0
up 118 pkts / 35575 bytes   down 116 pkts / 34239 bytes   sessions 0
up 118 pkts / 35575 bytes   down 116 pkts / 34239 bytes   sessions 0
up 118 pkts / 35575 bytes   down 116 pkts / 34239 bytes   sessions 0
up 118 pkts / 35575 bytes   down 116 pkts / 34239 bytes   sessions 0
up 118 pkts / 35575 bytes   down 116 pkts / 34239 bytes   sessions 0
up 118 pkts / 35575 bytes   down 116 pkts / 34239 bytes   sessions 0
up 118 pkts / 35575 bytes   down 116 pkts / 34239 bytes   sessions 0
up 118 pkts / 35575 bytes   down 116 pkts / 34239 bytes   sessions 0
up 118 pkts / 35575 bytes   down 116 pkts / 34239 bytes   sessions 0
up 118 pkts / 35575 bytes   down 116 pkts / 34239 bytes   sessions 0
up 118 pkts / 35575 bytes   down 116 pkts / 34239 bytes   sessions 0
up 118 pkts / 35575 bytes   down 116 pkts / 34239 bytes   sessions 0
up 118 pkts / 35575 bytes   down 116 pkts / 34239 bytes   sessions 0
up 118 pkts / 35575 bytes   down 116 pkts / 34239 bytes   sessions 0
up 118 pkts / 35575 bytes   down 116 pkts / 34239 bytes   sessions 0
up 118 pkts / 35575 bytes   down 116 pkts / 34239 bytes   sessions 0
up 118 pkts / 35575 bytes   down 116 pkts / 34239 bytes   sessions 0
up 118 pkts / 35575 bytes   down 116 pkts / 34239 bytes   sessions 0
up 118 pkts / 35575 bytes   down 116 pkts / 34239 bytes   sessions 0
up 118 pkts / 35575 bytes   down 116 pkts / 34239 bytes   sessions 0
up 118 pkts / 35575 bytes   down 116 pkts / 34239 bytes   sessions 0
up 118 pkts / 35575 bytes   down 116 pkts / 34239 bytes   sessions 0
up 118 pkts / 35575 bytes   down 116 pkts / 34239 bytes   sessions 0
up 118 pkts / 35575 bytes   down 116 pkts / 34239 bytes   sessions 0
up 118 pkts / 35575 bytes   down 116 pkts / 34239 bytes   sessions 0
up 118 pkts / 35575 bytes   down 116 pkts / 34239 bytes   sessions 0
up 118 pkts / 35575 bytes   down 116 pkts / 34239 bytes   sessions 0
up 118 pkts / 35575 bytes   down 116 pkts / 34239 bytes   sessions 0
up 118 pkts / 35575 bytes   down 116 pkts / 34239 bytes   sessions 0
up 118 pkts / 35575 bytes   down 116 pkts / 34239 bytes   sessions 0
up 118 pkts / 35575 bytes   down 116 pkts / 34239 bytes   sessions 0
up 118 pkts / 35575 bytes   down 116 pkts / 34239 bytes   sessions 0
up 118 pkts / 35575 bytes   down 116 pkts / 34239 bytes   sessions 0
up 118 pkts / 35575 bytes   down 116 pkts / 34239 bytes   sessions 0
up 118 pkts / 35575 bytes   down 116 pkts / 34239 bytes   sessions 0
up 118 pkts / 35575 bytes   down 116 pkts / 34239 bytes   sessions 0
up 118 pkts / 35575 bytes   down 116 pkts / 34239 bytes   sessions 0
up 118 pkts / 35575 bytes   down 116 pkts / 34239 bytes   sessions 0
up 118 pkts / 35575 bytes   down 116 pkts / 34239 bytes   sessions 0
up 118 pkts / 35575 bytes   down 116 pkts / 34239 bytes   sessions 0
up 118 pkts / 35575 bytes   down 116 pkts / 34239 bytes   sessions 0
up 118 pkts / 35575 bytes   down 116 pkts / 34239 bytes   sessions 0
up 118 pkts / 35575 bytes   down 116 pkts / 34239 bytes   sessions 0
up 118 pkts / 35575 bytes   down 116 pkts / 34239 bytes   sessions 0
up 118 pkts / 35575 bytes   down 116 pkts / 34239 bytes   sessions 0
up 118 pkts / 35575 bytes   down 116 pkts / 34239 bytes   sessions 0
up 118 pkts / 35575 bytes   down 116 pkts / 34239 bytes   sessions 0
up 118 pkts / 35575 bytes   down 116 pkts / 34239 bytes   sessions 0
up 118 pkts / 35575 bytes   down 116 pkts / 34239 bytes   sessions 0
up 118 pkts / 35575 bytes   down 116 pkts / 34239 bytes   sessions 0
up 118 pkts / 35575 bytes   down 116 pkts / 34239 bytes   sessions 0
up 118 pkts / 35575 bytes   down 116 pkts / 34239 bytes   sessions 0
up 118 pkts / 35575 bytes   down 116 pkts / 34239 bytes   sessions 0
up 118 pkts / 35575 bytes   down 116 pkts / 34239 bytes   sessions 0
up 118 pkts / 35575 bytes   down 116 pkts / 34239 bytes   sessions 0
up 118 pkts / 35575 bytes   down 116 pkts / 34239 bytes   sessions 0
up 118 pkts / 35575 bytes   down 116 pkts / 34239 bytes   sessions 0
up 118 pkts / 35575 bytes   down 116 pkts / 34239 bytes   sessions 0
up 118 pkts / 35575 bytes   down 116 pkts / 34239 bytes   sessions 0
up 118 pkts / 35575 bytes   down 116 pkts / 34239 bytes   sessions 0
up 118 pkts / 35575 bytes   down 116 pkts / 34239 bytes   sessions 0
up 118 pkts / 35575 bytes   down 116 pkts / 34239 bytes   sessions 0
up 118 pkts / 35575 bytes   down 116 pkts / 34239 bytes   sessions 0
up 118 pkts / 35575 bytes   down 116 pkts / 34239 bytes   sessions 0
up 118 pkts / 35575 bytes   down 116 pkts / 34239 bytes   sessions 0
up 118 pkts / 35575 bytes   down 116 pkts / 34239 bytes   sessions 0
up 118 pkts / 35575 bytes   down 116 pkts / 34239 bytes   sessions 0
session 127.0.0.1:17395: egress 192.168.0.4:0, advertise 10.0.2.2:31972
session 127.0.0.1:17395 ended: EOF
up 156 pkts / 47349 bytes   down 155 pkts / 45274 bytes   sessions 0
up 156 pkts / 47349 bytes   down 155 pkts / 45274 bytes   sessions 0
up 156 pkts / 47349 bytes   down 155 pkts / 45274 bytes   sessions 0
up 156 pkts / 47349 bytes   down 155 pkts / 45274 bytes   sessions 0
up 156 pkts / 47349 bytes   down 155 pkts / 45274 bytes   sessions 0
up 156 pkts / 47349 bytes   down 155 pkts / 45274 bytes   sessions 0
up 156 pkts / 47349 bytes   down 155 pkts / 45274 bytes   sessions 0
up 156 pkts / 47349 bytes   down 155 pkts / 45274 bytes   sessions 0
up 156 pkts / 47349 bytes   down 155 pkts / 45274 bytes   sessions 0
up 156 pkts / 47349 bytes   down 155 pkts / 45274 bytes   sessions 0
up 156 pkts / 47349 bytes   down 155 pkts / 45274 bytes   sessions 0
up 156 pkts / 47349 bytes   down 155 pkts / 45274 bytes   sessions 0
up 156 pkts / 47349 bytes   down 155 pkts / 45274 bytes   sessions 0
up 156 pkts / 47349 bytes   down 155 pkts / 45274 bytes   sessions 0
up 156 pkts / 47349 bytes   down 155 pkts / 45274 bytes   sessions 0
session 127.0.0.1:61628: egress 192.168.0.4:0, advertise 10.0.2.2:47405
up 170 pkts / 55537 bytes   down 171 pkts / 50658 bytes   sessions 1
session 127.0.0.1:61628 ended: EOF
session 127.0.0.1:16387: egress 192.168.0.4:0, advertise 10.0.2.2:49638
session 127.0.0.1:16387 ended: EOF
up 234 pkts / 71023 bytes   down 230 pkts / 67303 bytes   sessions 0
session 127.0.0.1:55153: egress 192.168.0.4:0, advertise 10.0.2.2:2783
session 127.0.0.1:55153 ended: EOF
up 271 pkts / 82712 bytes   down 271 pkts / 78371 bytes   sessions 0
up 271 pkts / 82712 bytes   down 271 pkts / 78371 bytes   sessions 0
up 271 pkts / 82712 bytes   down 271 pkts / 78371 bytes   sessions 0
up 271 pkts / 82712 bytes   down 271 pkts / 78371 bytes   sessions 0
up 271 pkts / 82712 bytes   down 271 pkts / 78371 bytes   sessions 0
up 271 pkts / 82712 bytes   down 271 pkts / 78371 bytes   sessions 0
up 271 pkts / 82712 bytes   down 271 pkts / 78371 bytes   sessions 0
up 271 pkts / 82712 bytes   down 271 pkts / 78371 bytes   sessions 0
up 271 pkts / 82712 bytes   down 271 pkts / 78371 bytes   sessions 0
up 271 pkts / 82712 bytes   down 271 pkts / 78371 bytes   sessions 0
up 271 pkts / 82712 bytes   down 271 pkts / 78371 bytes   sessions 0
up 271 pkts / 82712 bytes   down 271 pkts / 78371 bytes   sessions 0
up 271 pkts / 82712 bytes   down 271 pkts / 78371 bytes   sessions 0
up 271 pkts / 82712 bytes   down 271 pkts / 78371 bytes   sessions 0
up 271 pkts / 82712 bytes   down 271 pkts / 78371 bytes   sessions 0
up 271 pkts / 82712 bytes   down 271 pkts / 78371 bytes   sessions 0
up 271 pkts / 82712 bytes   down 271 pkts / 78371 bytes   sessions 0
up 271 pkts / 82712 bytes   down 271 pkts / 78371 bytes   sessions 0
up 271 pkts / 82712 bytes   down 271 pkts / 78371 bytes   sessions 0
up 271 pkts / 82712 bytes   down 271 pkts / 78371 bytes   sessions 0
up 271 pkts / 82712 bytes   down 271 pkts / 78371 bytes   sessions 0
up 271 pkts / 82712 bytes   down 271 pkts / 78371 bytes   sessions 0
up 271 pkts / 82712 bytes   down 271 pkts / 78371 bytes   sessions 0
up 271 pkts / 82712 bytes   down 271 pkts / 78371 bytes   sessions 0
up 271 pkts / 82712 bytes   down 271 pkts / 78371 bytes   sessions 0
up 271 pkts / 82712 bytes   down 271 pkts / 78371 bytes   sessions 0
up 271 pkts / 82712 bytes   down 271 pkts / 78371 bytes   sessions 0
up 271 pkts / 82712 bytes   down 271 pkts / 78371 bytes   sessions 0
up 271 pkts / 82712 bytes   down 271 pkts / 78371 bytes   sessions 0
up 271 pkts / 82712 bytes   down 271 pkts / 78371 bytes   sessions 0
up 271 pkts / 82712 bytes   down 271 pkts / 78371 bytes   sessions 0
up 271 pkts / 82712 bytes   down 271 pkts / 78371 bytes   sessions 0
up 271 pkts / 82712 bytes   down 271 pkts / 78371 bytes   sessions 0
up 271 pkts / 82712 bytes   down 271 pkts / 78371 bytes   sessions 0
up 271 pkts / 82712 bytes   down 271 pkts / 78371 bytes   sessions 0
up 271 pkts / 82712 bytes   down 271 pkts / 78371 bytes   sessions 0
up 271 pkts / 82712 bytes   down 271 pkts / 78371 bytes   sessions 0
up 271 pkts / 82712 bytes   down 271 pkts / 78371 bytes   sessions 0
up 271 pkts / 82712 bytes   down 271 pkts / 78371 bytes   sessions 0
up 271 pkts / 82712 bytes   down 271 pkts / 78371 bytes   sessions 0
up 271 pkts / 82712 bytes   down 271 pkts / 78371 bytes   sessions 0
up 271 pkts / 82712 bytes   down 271 pkts / 78371 bytes   sessions 0
up 271 pkts / 82712 bytes   down 271 pkts / 78371 bytes   sessions 0
up 271 pkts / 82712 bytes   down 271 pkts / 78371 bytes   sessions 0
up 271 pkts / 82712 bytes   down 271 pkts / 78371 bytes   sessions 0
up 271 pkts / 82712 bytes   down 271 pkts / 78371 bytes   sessions 0
up 271 pkts / 82712 bytes   down 271 pkts / 78371 bytes   sessions 0
up 271 pkts / 82712 bytes   down 271 pkts / 78371 bytes   sessions 0
up 271 pkts / 82712 bytes   down 271 pkts / 78371 bytes   sessions 0
up 271 pkts / 82712 bytes   down 271 pkts / 78371 bytes   sessions 0
up 271 pkts / 82712 bytes   down 271 pkts / 78371 bytes   sessions 0
up 271 pkts / 82712 bytes   down 271 pkts / 78371 bytes   sessions 0
up 271 pkts / 82712 bytes   down 271 pkts / 78371 bytes   sessions 0
up 271 pkts / 82712 bytes   down 271 pkts / 78371 bytes   sessions 0
up 271 pkts / 82712 bytes   down 271 pkts / 78371 bytes   sessions 0
up 271 pkts / 82712 bytes   down 271 pkts / 78371 bytes   sessions 0
up 271 pkts / 82712 bytes   down 271 pkts / 78371 bytes   sessions 0
up 271 pkts / 82712 bytes   down 271 pkts / 78371 bytes   sessions 0
up 271 pkts / 82712 bytes   down 271 pkts / 78371 bytes   sessions 0
up 271 pkts / 82712 bytes   down 271 pkts / 78371 bytes   sessions 0
up 271 pkts / 82712 bytes   down 271 pkts / 78371 bytes   sessions 0
up 271 pkts / 82712 bytes   down 271 pkts / 78371 bytes   sessions 0
up 271 pkts / 82712 bytes   down 271 pkts / 78371 bytes   sessions 0
up 271 pkts / 82712 bytes   down 271 pkts / 78371 bytes   sessions 0
up 271 pkts / 82712 bytes   down 271 pkts / 78371 bytes   sessions 0
up 271 pkts / 82712 bytes   down 271 pkts / 78371 bytes   sessions 0
up 271 pkts / 82712 bytes   down 271 pkts / 78371 bytes   sessions 0
up 271 pkts / 82712 bytes   down 271 pkts / 78371 bytes   sessions 0
up 271 pkts / 82712 bytes   down 271 pkts / 78371 bytes   sessions 0
up 271 pkts / 82712 bytes   down 271 pkts / 78371 bytes   sessions 0
up 271 pkts / 82712 bytes   down 271 pkts / 78371 bytes   sessions 0
up 271 pkts / 82712 bytes   down 271 pkts / 78371 bytes   sessions 0
up 271 pkts / 82712 bytes   down 271 pkts / 78371 bytes   sessions 0
up 271 pkts / 82712 bytes   down 271 pkts / 78371 bytes   sessions 0
up 271 pkts / 82712 bytes   down 271 pkts / 78371 bytes   sessions 0
up 271 pkts / 82712 bytes   down 271 pkts / 78371 bytes   sessions 0
up 271 pkts / 82712 bytes   down 271 pkts / 78371 bytes   sessions 0
up 271 pkts / 82712 bytes   down 271 pkts / 78371 bytes   sessions 0
up 271 pkts / 82712 bytes   down 271 pkts / 78371 bytes   sessions 0
up 271 pkts / 82712 bytes   down 271 pkts / 78371 bytes   sessions 0
up 271 pkts / 82712 bytes   down 271 pkts / 78371 bytes   sessions 0
up 271 pkts / 82712 bytes   down 271 pkts / 78371 bytes   sessions 0
up 271 pkts / 82712 bytes   down 271 pkts / 78371 bytes   sessions 0
up 271 pkts / 82712 bytes   down 271 pkts / 78371 bytes   sessions 0
up 271 pkts / 82712 bytes   down 271 pkts / 78371 bytes   sessions 0
up 271 pkts / 82712 bytes   down 271 pkts / 78371 bytes   sessions 0
up 271 pkts / 82712 bytes   down 271 pkts / 78371 bytes   sessions 0
up 271 pkts / 82712 bytes   down 271 pkts / 78371 bytes   sessions 0
up 271 pkts / 82712 bytes   down 271 pkts / 78371 bytes   sessions 0
up 271 pkts / 82712 bytes   down 271 pkts / 78371 bytes   sessions 0
up 271 pkts / 82712 bytes   down 271 pkts / 78371 bytes   sessions 0
up 271 pkts / 82712 bytes   down 271 pkts / 78371 bytes   sessions 0
up 271 pkts / 82712 bytes   down 271 pkts / 78371 bytes   sessions 0
up 271 pkts / 82712 bytes   down 271 pkts / 78371 bytes   sessions 0
up 271 pkts / 82712 bytes   down 271 pkts / 78371 bytes   sessions 0
up 271 pkts / 82712 bytes   down 271 pkts / 78371 bytes   sessions 0
up 271 pkts / 82712 bytes   down 271 pkts / 78371 bytes   sessions 0
up 271 pkts / 82712 bytes   down 271 pkts / 78371 bytes   sessions 0
up 271 pkts / 82712 bytes   down 271 pkts / 78371 bytes   sessions 0
up 271 pkts / 82712 bytes   down 271 pkts / 78371 bytes   sessions 0
up 271 pkts / 82712 bytes   down 271 pkts / 78371 bytes   sessions 0
up 271 pkts / 82712 bytes   down 271 pkts / 78371 bytes   sessions 0
up 271 pkts / 82712 bytes   down 271 pkts / 78371 bytes   sessions 0
up 271 pkts / 82712 bytes   down 271 pkts / 78371 bytes   sessions 0
up 271 pkts / 82712 bytes   down 271 pkts / 78371 bytes   sessions 0
up 271 pkts / 82712 bytes   down 271 pkts / 78371 bytes   sessions 0
up 271 pkts / 82712 bytes   down 271 pkts / 78371 bytes   sessions 0
up 271 pkts / 82712 bytes   down 271 pkts / 78371 bytes   sessions 0
up 271 pkts / 82712 bytes   down 271 pkts / 78371 bytes   sessions 0
up 271 pkts / 82712 bytes   down 271 pkts / 78371 bytes   sessions 0
up 271 pkts / 82712 bytes   down 271 pkts / 78371 bytes   sessions 0
up 271 pkts / 82712 bytes   down 271 pkts / 78371 bytes   sessions 0
up 271 pkts / 82712 bytes   down 271 pkts / 78371 bytes   sessions 0
up 271 pkts / 82712 bytes   down 271 pkts / 78371 bytes   sessions 0
up 271 pkts / 82712 bytes   down 271 pkts / 78371 bytes   sessions 0
up 271 pkts / 82712 bytes   down 271 pkts / 78371 bytes   sessions 0
up 271 pkts / 82712 bytes   down 271 pkts / 78371 bytes   sessions 0
up 271 pkts / 82712 bytes   down 271 pkts / 78371 bytes   sessions 0
up 271 pkts / 82712 bytes   down 271 pkts / 78371 bytes   sessions 0
up 271 pkts / 82712 bytes   down 271 pkts / 78371 bytes   sessions 0
up 271 pkts / 82712 bytes   down 271 pkts / 78371 bytes   sessions 0
up 271 pkts / 82712 bytes   down 271 pkts / 78371 bytes   sessions 0
up 271 pkts / 82712 bytes   down 271 pkts / 78371 bytes   sessions 0
up 271 pkts / 82712 bytes   down 271 pkts / 78371 bytes   sessions 0
up 271 pkts / 82712 bytes   down 271 pkts / 78371 bytes   sessions 0
up 271 pkts / 82712 bytes   down 271 pkts / 78371 bytes   sessions 0
up 271 pkts / 82712 bytes   down 271 pkts / 78371 bytes   sessions 0
up 271 pkts / 82712 bytes   down 271 pkts / 78371 bytes   sessions 0
up 271 pkts / 82712 bytes   down 271 pkts / 78371 bytes   sessions 0
up 271 pkts / 82712 bytes   down 271 pkts / 78371 bytes   sessions 0
up 271 pkts / 82712 bytes   down 271 pkts / 78371 bytes   sessions 0
up 271 pkts / 82712 bytes   down 271 pkts / 78371 bytes   sessions 0
up 271 pkts / 82712 bytes   down 271 pkts / 78371 bytes   sessions 0
up 271 pkts / 82712 bytes   down 271 pkts / 78371 bytes   sessions 0
up 271 pkts / 82712 bytes   down 271 pkts / 78371 bytes   sessions 0
up 271 pkts / 82712 bytes   down 271 pkts / 78371 bytes   sessions 0
up 271 pkts / 82712 bytes   down 271 pkts / 78371 bytes   sessions 0
up 271 pkts / 82712 bytes   down 271 pkts / 78371 bytes   sessions 0
up 271 pkts / 82712 bytes   down 271 pkts / 78371 bytes   sessions 0
up 271 pkts / 82712 bytes   down 271 pkts / 78371 bytes   sessions 0
up 271 pkts / 82712 bytes   down 271 pkts / 78371 bytes   sessions 0
up 271 pkts / 82712 bytes   down 271 pkts / 78371 bytes   sessions 0
up 271 pkts / 82712 bytes   down 271 pkts / 78371 bytes   sessions 0
up 271 pkts / 82712 bytes   down 271 pkts / 78371 bytes   sessions 0
up 271 pkts / 82712 bytes   down 271 pkts / 78371 bytes   sessions 0
up 271 pkts / 82712 bytes   down 271 pkts / 78371 bytes   sessions 0
up 271 pkts / 82712 bytes   down 271 pkts / 78371 bytes   sessions 0
up 271 pkts / 82712 bytes   down 271 pkts / 78371 bytes   sessions 0
up 271 pkts / 82712 bytes   down 271 pkts / 78371 bytes   sessions 0
up 271 pkts / 82712 bytes   down 271 pkts / 78371 bytes   sessions 0
up 271 pkts / 82712 bytes   down 271 pkts / 78371 bytes   sessions 0
up 271 pkts / 82712 bytes   down 271 pkts / 78371 bytes   sessions 0
up 271 pkts / 82712 bytes   down 271 pkts / 78371 bytes   sessions 0
up 271 pkts / 82712 bytes   down 271 pkts / 78371 bytes   sessions 0
up 271 pkts / 82712 bytes   down 271 pkts / 78371 bytes   sessions 0
up 271 pkts / 82712 bytes   down 271 pkts / 78371 bytes   sessions 0
up 271 pkts / 82712 bytes   down 271 pkts / 78371 bytes   sessions 0
up 271 pkts / 82712 bytes   down 271 pkts / 78371 bytes   sessions 0
session 127.0.0.1:17478: egress 192.168.0.4:0, advertise 10.0.2.2:21081
session 127.0.0.1:17478 ended: EOF
session 127.0.0.1:4170: egress 192.168.0.4:0, advertise 10.0.2.2:15256
up 321 pkts / 102531 bytes   down 317 pkts / 92917 bytes   sessions 1
session 127.0.0.1:4170 ended: EOF
session 127.0.0.1:8914: egress 192.168.0.4:0, advertise 10.0.2.2:50596
session 127.0.0.1:8914 ended: EOF
up 389 pkts / 118363 bytes   down 383 pkts / 111272 bytes   sessions 0
up 389 pkts / 118363 bytes   down 383 pkts / 111272 bytes   sessions 0
up 389 pkts / 118363 bytes   down 383 pkts / 111272 bytes   sessions 0
up 389 pkts / 118363 bytes   down 383 pkts / 111272 bytes   sessions 0
up 389 pkts / 118363 bytes   down 383 pkts / 111272 bytes   sessions 0
up 389 pkts / 118363 bytes   down 383 pkts / 111272 bytes   sessions 0
up 389 pkts / 118363 bytes   down 383 pkts / 111272 bytes   sessions 0
up 389 pkts / 118363 bytes   down 383 pkts / 111272 bytes   sessions 0
up 389 pkts / 118363 bytes   down 383 pkts / 111272 bytes   sessions 0
up 389 pkts / 118363 bytes   down 383 pkts / 111272 bytes   sessions 0
up 389 pkts / 118363 bytes   down 383 pkts / 111272 bytes   sessions 0
up 389 pkts / 118363 bytes   down 383 pkts / 111272 bytes   sessions 0
up 389 pkts / 118363 bytes   down 383 pkts / 111272 bytes   sessions 0
up 389 pkts / 118363 bytes   down 383 pkts / 111272 bytes   sessions 0
up 389 pkts / 118363 bytes   down 383 pkts / 111272 bytes   sessions 0
up 389 pkts / 118363 bytes   down 383 pkts / 111272 bytes   sessions 0
up 389 pkts / 118363 bytes   down 383 pkts / 111272 bytes   sessions 0
up 389 pkts / 118363 bytes   down 383 pkts / 111272 bytes   sessions 0
up 389 pkts / 118363 bytes   down 383 pkts / 111272 bytes   sessions 0
up 389 pkts / 118363 bytes   down 383 pkts / 111272 bytes   sessions 0
up 389 pkts / 118363 bytes   down 383 pkts / 111272 bytes   sessions 0
up 389 pkts / 118363 bytes   down 383 pkts / 111272 bytes   sessions 0
up 389 pkts / 118363 bytes   down 383 pkts / 111272 bytes   sessions 0
up 389 pkts / 118363 bytes   down 383 pkts / 111272 bytes   sessions 0
up 389 pkts / 118363 bytes   down 383 pkts / 111272 bytes   sessions 0
up 389 pkts / 118363 bytes   down 383 pkts / 111272 bytes   sessions 0
up 389 pkts / 118363 bytes   down 383 pkts / 111272 bytes   sessions 0
up 389 pkts / 118363 bytes   down 383 pkts / 111272 bytes   sessions 0
up 389 pkts / 118363 bytes   down 383 pkts / 111272 bytes   sessions 0
up 389 pkts / 118363 bytes   down 383 pkts / 111272 bytes   sessions 0
up 389 pkts / 118363 bytes   down 383 pkts / 111272 bytes   sessions 0
up 389 pkts / 118363 bytes   down 383 pkts / 111272 bytes   sessions 0
up 389 pkts / 118363 bytes   down 383 pkts / 111272 bytes   sessions 0
up 389 pkts / 118363 bytes   down 383 pkts / 111272 bytes   sessions 0
up 389 pkts / 118363 bytes   down 383 pkts / 111272 bytes   sessions 0
up 389 pkts / 118363 bytes   down 383 pkts / 111272 bytes   sessions 0
up 389 pkts / 118363 bytes   down 383 pkts / 111272 bytes   sessions 0
up 389 pkts / 118363 bytes   down 383 pkts / 111272 bytes   sessions 0
up 389 pkts / 118363 bytes   down 383 pkts / 111272 bytes   sessions 0
up 389 pkts / 118363 bytes   down 383 pkts / 111272 bytes   sessions 0
up 389 pkts / 118363 bytes   down 383 pkts / 111272 bytes   sessions 0
up 389 pkts / 118363 bytes   down 383 pkts / 111272 bytes   sessions 0
up 389 pkts / 118363 bytes   down 383 pkts / 111272 bytes   sessions 0
up 389 pkts / 118363 bytes   down 383 pkts / 111272 bytes   sessions 0
up 389 pkts / 118363 bytes   down 383 pkts / 111272 bytes   sessions 0
up 389 pkts / 118363 bytes   down 383 pkts / 111272 bytes   sessions 0
up 389 pkts / 118363 bytes   down 383 pkts / 111272 bytes   sessions 0
up 389 pkts / 118363 bytes   down 383 pkts / 111272 bytes   sessions 0
up 389 pkts / 118363 bytes   down 383 pkts / 111272 bytes   sessions 0
up 389 pkts / 118363 bytes   down 383 pkts / 111272 bytes   sessions 0
up 389 pkts / 118363 bytes   down 383 pkts / 111272 bytes   sessions 0
up 389 pkts / 118363 bytes   down 383 pkts / 111272 bytes   sessions 0
up 389 pkts / 118363 bytes   down 383 pkts / 111272 bytes   sessions 0
up 389 pkts / 118363 bytes   down 383 pkts / 111272 bytes   sessions 0
up 389 pkts / 118363 bytes   down 383 pkts / 111272 bytes   sessions 0
up 389 pkts / 118363 bytes   down 383 pkts / 111272 bytes   sessions 0
up 389 pkts / 118363 bytes   down 383 pkts / 111272 bytes   sessions 0
up 389 pkts / 118363 bytes   down 383 pkts / 111272 bytes   sessions 0
up 389 pkts / 118363 bytes   down 383 pkts / 111272 bytes   sessions 0
up 389 pkts / 118363 bytes   down 383 pkts / 111272 bytes   sessions 0
up 389 pkts / 118363 bytes   down 383 pkts / 111272 bytes   sessions 0
up 389 pkts / 118363 bytes   down 383 pkts / 111272 bytes   sessions 0
up 389 pkts / 118363 bytes   down 383 pkts / 111272 bytes   sessions 0
up 389 pkts / 118363 bytes   down 383 pkts / 111272 bytes   sessions 0
up 389 pkts / 118363 bytes   down 383 pkts / 111272 bytes   sessions 0
up 389 pkts / 118363 bytes   down 383 pkts / 111272 bytes   sessions 0
up 389 pkts / 118363 bytes   down 383 pkts / 111272 bytes   sessions 0
up 389 pkts / 118363 bytes   down 383 pkts / 111272 bytes   sessions 0
up 389 pkts / 118363 bytes   down 383 pkts / 111272 bytes   sessions 0
up 389 pkts / 118363 bytes   down 383 pkts / 111272 bytes   sessions 0
up 389 pkts / 118363 bytes   down 383 pkts / 111272 bytes   sessions 0
up 389 pkts / 118363 bytes   down 383 pkts / 111272 bytes   sessions 0
up 389 pkts / 118363 bytes   down 383 pkts / 111272 bytes   sessions 0
up 389 pkts / 118363 bytes   down 383 pkts / 111272 bytes   sessions 0
up 389 pkts / 118363 bytes   down 383 pkts / 111272 bytes   sessions 0
up 389 pkts / 118363 bytes   down 383 pkts / 111272 bytes   sessions 0
up 389 pkts / 118363 bytes   down 383 pkts / 111272 bytes   sessions 0
up 389 pkts / 118363 bytes   down 383 pkts / 111272 bytes   sessions 0
up 389 pkts / 118363 bytes   down 383 pkts / 111272 bytes   sessions 0
up 389 pkts / 118363 bytes   down 383 pkts / 111272 bytes   sessions 0
up 389 pkts / 118363 bytes   down 383 pkts / 111272 bytes   sessions 0
up 389 pkts / 118363 bytes   down 383 pkts / 111272 bytes   sessions 0
up 389 pkts / 118363 bytes   down 383 pkts / 111272 bytes   sessions 0
up 389 pkts / 118363 bytes   down 383 pkts / 111272 bytes   sessions 0
up 389 pkts / 118363 bytes   down 383 pkts / 111272 bytes   sessions 0
up 389 pkts / 118363 bytes   down 383 pkts / 111272 bytes   sessions 0
up 389 pkts / 118363 bytes   down 383 pkts / 111272 bytes   sessions 0
up 389 pkts / 118363 bytes   down 383 pkts / 111272 bytes   sessions 0
up 389 pkts / 118363 bytes   down 383 pkts / 111272 bytes   sessions 0
up 389 pkts / 118363 bytes   down 383 pkts / 111272 bytes   sessions 0
up 389 pkts / 118363 bytes   down 383 pkts / 111272 bytes   sessions 0
up 389 pkts / 118363 bytes   down 383 pkts / 111272 bytes   sessions 0
up 389 pkts / 118363 bytes   down 383 pkts / 111272 bytes   sessions 0
up 389 pkts / 118363 bytes   down 383 pkts / 111272 bytes   sessions 0
up 389 pkts / 118363 bytes   down 383 pkts / 111272 bytes   sessions 0
up 389 pkts / 118363 bytes   down 383 pkts / 111272 bytes   sessions 0
up 389 pkts / 118363 bytes   down 383 pkts / 111272 bytes   sessions 0
up 389 pkts / 118363 bytes   down 383 pkts / 111272 bytes   sessions 0
up 389 pkts / 118363 bytes   down 383 pkts / 111272 bytes   sessions 0
up 389 pkts / 118363 bytes   down 383 pkts / 111272 bytes   sessions 0
up 389 pkts / 118363 bytes   down 383 pkts / 111272 bytes   sessions 0
up 389 pkts / 118363 bytes   down 383 pkts / 111272 bytes   sessions 0
up 389 pkts / 118363 bytes   down 383 pkts / 111272 bytes   sessions 0
up 389 pkts / 118363 bytes   down 383 pkts / 111272 bytes   sessions 0
up 389 pkts / 118363 bytes   down 383 pkts / 111272 bytes   sessions 0
up 389 pkts / 118363 bytes   down 383 pkts / 111272 bytes   sessions 0
up 389 pkts / 118363 bytes   down 383 pkts / 111272 bytes   sessions 0
up 389 pkts / 118363 bytes   down 383 pkts / 111272 bytes   sessions 0
up 389 pkts / 118363 bytes   down 383 pkts / 111272 bytes   sessions 0
up 389 pkts / 118363 bytes   down 383 pkts / 111272 bytes   sessions 0
up 389 pkts / 118363 bytes   down 383 pkts / 111272 bytes   sessions 0
up 389 pkts / 118363 bytes   down 383 pkts / 111272 bytes   sessions 0
up 389 pkts / 118363 bytes   down 383 pkts / 111272 bytes   sessions 0
up 389 pkts / 118363 bytes   down 383 pkts / 111272 bytes   sessions 0
up 389 pkts / 118363 bytes   down 383 pkts / 111272 bytes   sessions 0
session 127.0.0.1:33504: egress 192.168.0.4:0, advertise 10.0.2.2:53674
session 127.0.0.1:33504 ended: EOF
session 127.0.0.1:10868: egress 192.168.0.4:0, advertise 10.0.2.2:1797
up 439 pkts / 138218 bytes   down 430 pkts / 127105 bytes   sessions 1
session 127.0.0.1:10868 ended: EOF
session 127.0.0.1:56880: egress 192.168.0.4:0, advertise 10.0.2.2:30252
session 127.0.0.1:56880 ended: EOF
up 511 pkts / 154304 bytes   down 508 pkts / 146863 bytes   sessions 0
up 511 pkts / 154304 bytes   down 508 pkts / 146863 bytes   sessions 0
up 511 pkts / 154304 bytes   down 508 pkts / 146863 bytes   sessions 0
up 511 pkts / 154304 bytes   down 508 pkts / 146863 bytes   sessions 0
up 511 pkts / 154304 bytes   down 508 pkts / 146863 bytes   sessions 0
up 511 pkts / 154304 bytes   down 508 pkts / 146863 bytes   sessions 0
up 511 pkts / 154304 bytes   down 508 pkts / 146863 bytes   sessions 0
up 511 pkts / 154304 bytes   down 508 pkts / 146863 bytes   sessions 0
up 511 pkts / 154304 bytes   down 508 pkts / 146863 bytes   sessions 0
up 511 pkts / 154304 bytes   down 508 pkts / 146863 bytes   sessions 0
up 511 pkts / 154304 bytes   down 508 pkts / 146863 bytes   sessions 0
up 511 pkts / 154304 bytes   down 508 pkts / 146863 bytes   sessions 0
up 511 pkts / 154304 bytes   down 508 pkts / 146863 bytes   sessions 0
up 511 pkts / 154304 bytes   down 508 pkts / 146863 bytes   sessions 0
up 511 pkts / 154304 bytes   down 508 pkts / 146863 bytes   sessions 0
up 511 pkts / 154304 bytes   down 508 pkts / 146863 bytes   sessions 0
up 511 pkts / 154304 bytes   down 508 pkts / 146863 bytes   sessions 0
up 511 pkts / 154304 bytes   down 508 pkts / 146863 bytes   sessions 0
up 511 pkts / 154304 bytes   down 508 pkts / 146863 bytes   sessions 0
up 511 pkts / 154304 bytes   down 508 pkts / 146863 bytes   sessions 0
up 511 pkts / 154304 bytes   down 508 pkts / 146863 bytes   sessions 0
up 511 pkts / 154304 bytes   down 508 pkts / 146863 bytes   sessions 0
up 511 pkts / 154304 bytes   down 508 pkts / 146863 bytes   sessions 0
up 511 pkts / 154304 bytes   down 508 pkts / 146863 bytes   sessions 0
up 511 pkts / 154304 bytes   down 508 pkts / 146863 bytes   sessions 0
up 511 pkts / 154304 bytes   down 508 pkts / 146863 bytes   sessions 0
up 511 pkts / 154304 bytes   down 508 pkts / 146863 bytes   sessions 0
up 511 pkts / 154304 bytes   down 508 pkts / 146863 bytes   sessions 0
up 511 pkts / 154304 bytes   down 508 pkts / 146863 bytes   sessions 0
up 511 pkts / 154304 bytes   down 508 pkts / 146863 bytes   sessions 0
up 511 pkts / 154304 bytes   down 508 pkts / 146863 bytes   sessions 0
up 511 pkts / 154304 bytes   down 508 pkts / 146863 bytes   sessions 0
up 511 pkts / 154304 bytes   down 508 pkts / 146863 bytes   sessions 0
up 511 pkts / 154304 bytes   down 508 pkts / 146863 bytes   sessions 0
up 511 pkts / 154304 bytes   down 508 pkts / 146863 bytes   sessions 0
up 511 pkts / 154304 bytes   down 508 pkts / 146863 bytes   sessions 0
up 511 pkts / 154304 bytes   down 508 pkts / 146863 bytes   sessions 0
up 511 pkts / 154304 bytes   down 508 pkts / 146863 bytes   sessions 0
up 511 pkts / 154304 bytes   down 508 pkts / 146863 bytes   sessions 0
up 511 pkts / 154304 bytes   down 508 pkts / 146863 bytes   sessions 0
up 511 pkts / 154304 bytes   down 508 pkts / 146863 bytes   sessions 0
up 511 pkts / 154304 bytes   down 508 pkts / 146863 bytes   sessions 0
up 511 pkts / 154304 bytes   down 508 pkts / 146863 bytes   sessions 0
up 511 pkts / 154304 bytes   down 508 pkts / 146863 bytes   sessions 0
up 511 pkts / 154304 bytes   down 508 pkts / 146863 bytes   sessions 0
up 511 pkts / 154304 bytes   down 508 pkts / 146863 bytes   sessions 0
up 511 pkts / 154304 bytes   down 508 pkts / 146863 bytes   sessions 0
up 511 pkts / 154304 bytes   down 508 pkts / 146863 bytes   sessions 0
up 511 pkts / 154304 bytes   down 508 pkts / 146863 bytes   sessions 0
up 511 pkts / 154304 bytes   down 508 pkts / 146863 bytes   sessions 0
up 511 pkts / 154304 bytes   down 508 pkts / 146863 bytes   sessions 0
up 511 pkts / 154304 bytes   down 508 pkts / 146863 bytes   sessions 0
up 511 pkts / 154304 bytes   down 508 pkts / 146863 bytes   sessions 0
up 511 pkts / 154304 bytes   down 508 pkts / 146863 bytes   sessions 0
up 511 pkts / 154304 bytes   down 508 pkts / 146863 bytes   sessions 0
up 511 pkts / 154304 bytes   down 508 pkts / 146863 bytes   sessions 0
up 511 pkts / 154304 bytes   down 508 pkts / 146863 bytes   sessions 0
up 511 pkts / 154304 bytes   down 508 pkts / 146863 bytes   sessions 0
up 511 pkts / 154304 bytes   down 508 pkts / 146863 bytes   sessions 0
up 511 pkts / 154304 bytes   down 508 pkts / 146863 bytes   sessions 0
up 511 pkts / 154304 bytes   down 508 pkts / 146863 bytes   sessions 0
up 511 pkts / 154304 bytes   down 508 pkts / 146863 bytes   sessions 0
up 511 pkts / 154304 bytes   down 508 pkts / 146863 bytes   sessions 0
up 511 pkts / 154304 bytes   down 508 pkts / 146863 bytes   sessions 0
up 511 pkts / 154304 bytes   down 508 pkts / 146863 bytes   sessions 0
up 511 pkts / 154304 bytes   down 508 pkts / 146863 bytes   sessions 0
up 511 pkts / 154304 bytes   down 508 pkts / 146863 bytes   sessions 0
up 511 pkts / 154304 bytes   down 508 pkts / 146863 bytes   sessions 0
up 511 pkts / 154304 bytes   down 508 pkts / 146863 bytes   sessions 0
up 511 pkts / 154304 bytes   down 508 pkts / 146863 bytes   sessions 0
up 511 pkts / 154304 bytes   down 508 pkts / 146863 bytes   sessions 0
up 511 pkts / 154304 bytes   down 508 pkts / 146863 bytes   sessions 0
up 511 pkts / 154304 bytes   down 508 pkts / 146863 bytes   sessions 0
up 511 pkts / 154304 bytes   down 508 pkts / 146863 bytes   sessions 0
up 511 pkts / 154304 bytes   down 508 pkts / 146863 bytes   sessions 0
up 511 pkts / 154304 bytes   down 508 pkts / 146863 bytes   sessions 0
up 511 pkts / 154304 bytes   down 508 pkts / 146863 bytes   sessions 0
up 511 pkts / 154304 bytes   down 508 pkts / 146863 bytes   sessions 0
up 511 pkts / 154304 bytes   down 508 pkts / 146863 bytes   sessions 0
up 511 pkts / 154304 bytes   down 508 pkts / 146863 bytes   sessions 0
up 511 pkts / 154304 bytes   down 508 pkts / 146863 bytes   sessions 0
up 511 pkts / 154304 bytes   down 508 pkts / 146863 bytes   sessions 0
up 511 pkts / 154304 bytes   down 508 pkts / 146863 bytes   sessions 0
up 511 pkts / 154304 bytes   down 508 pkts / 146863 bytes   sessions 0
up 511 pkts / 154304 bytes   down 508 pkts / 146863 bytes   sessions 0
up 511 pkts / 154304 bytes   down 508 pkts / 146863 bytes   sessions 0
up 511 pkts / 154304 bytes   down 508 pkts / 146863 bytes   sessions 0
up 511 pkts / 154304 bytes   down 508 pkts / 146863 bytes   sessions 0
up 511 pkts / 154304 bytes   down 508 pkts / 146863 bytes   sessions 0
up 511 pkts / 154304 bytes   down 508 pkts / 146863 bytes   sessions 0
up 511 pkts / 154304 bytes   down 508 pkts / 146863 bytes   sessions 0
up 511 pkts / 154304 bytes   down 508 pkts / 146863 bytes   sessions 0
up 511 pkts / 154304 bytes   down 508 pkts / 146863 bytes   sessions 0
up 511 pkts / 154304 bytes   down 508 pkts / 146863 bytes   sessions 0
up 511 pkts / 154304 bytes   down 508 pkts / 146863 bytes   sessions 0
up 511 pkts / 154304 bytes   down 508 pkts / 146863 bytes   sessions 0
up 511 pkts / 154304 bytes   down 508 pkts / 146863 bytes   sessions 0
up 511 pkts / 154304 bytes   down 508 pkts / 146863 bytes   sessions 0
up 511 pkts / 154304 bytes   down 508 pkts / 146863 bytes   sessions 0
up 511 pkts / 154304 bytes   down 508 pkts / 146863 bytes   sessions 0
up 511 pkts / 154304 bytes   down 508 pkts / 146863 bytes   sessions 0
up 511 pkts / 154304 bytes   down 508 pkts / 146863 bytes   sessions 0
up 511 pkts / 154304 bytes   down 508 pkts / 146863 bytes   sessions 0
up 511 pkts / 154304 bytes   down 508 pkts / 146863 bytes   sessions 0
up 511 pkts / 154304 bytes   down 508 pkts / 146863 bytes   sessions 0
up 511 pkts / 154304 bytes   down 508 pkts / 146863 bytes   sessions 0
up 511 pkts / 154304 bytes   down 508 pkts / 146863 bytes   sessions 0
up 511 pkts / 154304 bytes   down 508 pkts / 146863 bytes   sessions 0
up 511 pkts / 154304 bytes   down 508 pkts / 146863 bytes   sessions 0
up 511 pkts / 154304 bytes   down 508 pkts / 146863 bytes   sessions 0
up 511 pkts / 154304 bytes   down 508 pkts / 146863 bytes   sessions 0
up 511 pkts / 154304 bytes   down 508 pkts / 146863 bytes   sessions 0
up 511 pkts / 154304 bytes   down 508 pkts / 146863 bytes   sessions 0
up 511 pkts / 154304 bytes   down 508 pkts / 146863 bytes   sessions 0
up 511 pkts / 154304 bytes   down 508 pkts / 146863 bytes   sessions 0
up 511 pkts / 154304 bytes   down 508 pkts / 146863 bytes   sessions 0
up 511 pkts / 154304 bytes   down 508 pkts / 146863 bytes   sessions 0
session 127.0.0.1:2390: egress 192.168.0.4:0, advertise 10.0.2.2:8989
up 545 pkts / 165860 bytes   down 538 pkts / 156967 bytes   sessions 1
session 127.0.0.1:2390 ended: EOF
session 127.0.0.1:11926: egress 192.168.0.4:0, advertise 10.0.2.2:8769
session 127.0.0.1:11926 ended: EOF
up 589 pkts / 178015 bytes   down 584 pkts / 170015 bytes   sessions 0
session 127.0.0.1:23551: egress 192.168.0.4:0, advertise 10.0.2.2:37371
session 127.0.0.1:23551 ended: EOF
up 629 pkts / 189877 bytes   down 625 pkts / 181097 bytes   sessions 0
up 629 pkts / 189877 bytes   down 625 pkts / 181097 bytes   sessions 0
up 629 pkts / 189877 bytes   down 625 pkts / 181097 bytes   sessions 0
up 629 pkts / 189877 bytes   down 625 pkts / 181097 bytes   sessions 0
up 629 pkts / 189877 bytes   down 625 pkts / 181097 bytes   sessions 0
up 629 pkts / 189877 bytes   down 625 pkts / 181097 bytes   sessions 0
up 629 pkts / 189877 bytes   down 625 pkts / 181097 bytes   sessions 0
up 629 pkts / 189877 bytes   down 625 pkts / 181097 bytes   sessions 0
up 629 pkts / 189877 bytes   down 625 pkts / 181097 bytes   sessions 0
up 629 pkts / 189877 bytes   down 625 pkts / 181097 bytes   sessions 0
up 629 pkts / 189877 bytes   down 625 pkts / 181097 bytes   sessions 0
up 629 pkts / 189877 bytes   down 625 pkts / 181097 bytes   sessions 0
up 629 pkts / 189877 bytes   down 625 pkts / 181097 bytes   sessions 0
up 629 pkts / 189877 bytes   down 625 pkts / 181097 bytes   sessions 0
up 629 pkts / 189877 bytes   down 625 pkts / 181097 bytes   sessions 0
up 629 pkts / 189877 bytes   down 625 pkts / 181097 bytes   sessions 0
up 629 pkts / 189877 bytes   down 625 pkts / 181097 bytes   sessions 0
up 629 pkts / 189877 bytes   down 625 pkts / 181097 bytes   sessions 0
up 629 pkts / 189877 bytes   down 625 pkts / 181097 bytes   sessions 0
up 629 pkts / 189877 bytes   down 625 pkts / 181097 bytes   sessions 0
up 629 pkts / 189877 bytes   down 625 pkts / 181097 bytes   sessions 0
up 629 pkts / 189877 bytes   down 625 pkts / 181097 bytes   sessions 0
up 629 pkts / 189877 bytes   down 625 pkts / 181097 bytes   sessions 0
up 629 pkts / 189877 bytes   down 625 pkts / 181097 bytes   sessions 0
up 629 pkts / 189877 bytes   down 625 pkts / 181097 bytes   sessions 0
up 629 pkts / 189877 bytes   down 625 pkts / 181097 bytes   sessions 0
up 629 pkts / 189877 bytes   down 625 pkts / 181097 bytes   sessions 0
up 629 pkts / 189877 bytes   down 625 pkts / 181097 bytes   sessions 0
up 629 pkts / 189877 bytes   down 625 pkts / 181097 bytes   sessions 0
up 629 pkts / 189877 bytes   down 625 pkts / 181097 bytes   sessions 0
up 629 pkts / 189877 bytes   down 625 pkts / 181097 bytes   sessions 0
up 629 pkts / 189877 bytes   down 625 pkts / 181097 bytes   sessions 0
up 629 pkts / 189877 bytes   down 625 pkts / 181097 bytes   sessions 0
up 629 pkts / 189877 bytes   down 625 pkts / 181097 bytes   sessions 0
up 629 pkts / 189877 bytes   down 625 pkts / 181097 bytes   sessions 0
up 629 pkts / 189877 bytes   down 625 pkts / 181097 bytes   sessions 0
up 629 pkts / 189877 bytes   down 625 pkts / 181097 bytes   sessions 0
up 629 pkts / 189877 bytes   down 625 pkts / 181097 bytes   sessions 0
up 629 pkts / 189877 bytes   down 625 pkts / 181097 bytes   sessions 0
up 629 pkts / 189877 bytes   down 625 pkts / 181097 bytes   sessions 0
up 629 pkts / 189877 bytes   down 625 pkts / 181097 bytes   sessions 0
up 629 pkts / 189877 bytes   down 625 pkts / 181097 bytes   sessions 0
up 629 pkts / 189877 bytes   down 625 pkts / 181097 bytes   sessions 0
up 629 pkts / 189877 bytes   down 625 pkts / 181097 bytes   sessions 0
up 629 pkts / 189877 bytes   down 625 pkts / 181097 bytes   sessions 0
up 629 pkts / 189877 bytes   down 625 pkts / 181097 bytes   sessions 0
up 629 pkts / 189877 bytes   down 625 pkts / 181097 bytes   sessions 0
up 629 pkts / 189877 bytes   down 625 pkts / 181097 bytes   sessions 0
up 629 pkts / 189877 bytes   down 625 pkts / 181097 bytes   sessions 0
up 629 pkts / 189877 bytes   down 625 pkts / 181097 bytes   sessions 0
up 629 pkts / 189877 bytes   down 625 pkts / 181097 bytes   sessions 0
up 629 pkts / 189877 bytes   down 625 pkts / 181097 bytes   sessions 0
up 629 pkts / 189877 bytes   down 625 pkts / 181097 bytes   sessions 0
up 629 pkts / 189877 bytes   down 625 pkts / 181097 bytes   sessions 0
up 629 pkts / 189877 bytes   down 625 pkts / 181097 bytes   sessions 0
up 629 pkts / 189877 bytes   down 625 pkts / 181097 bytes   sessions 0
up 629 pkts / 189877 bytes   down 625 pkts / 181097 bytes   sessions 0
up 629 pkts / 189877 bytes   down 625 pkts / 181097 bytes   sessions 0
up 629 pkts / 189877 bytes   down 625 pkts / 181097 bytes   sessions 0
up 629 pkts / 189877 bytes   down 625 pkts / 181097 bytes   sessions 0
up 629 pkts / 189877 bytes   down 625 pkts / 181097 bytes   sessions 0
up 629 pkts / 189877 bytes   down 625 pkts / 181097 bytes   sessions 0
up 629 pkts / 189877 bytes   down 625 pkts / 181097 bytes   sessions 0
up 629 pkts / 189877 bytes   down 625 pkts / 181097 bytes   sessions 0
up 629 pkts / 189877 bytes   down 625 pkts / 181097 bytes   sessions 0
up 629 pkts / 189877 bytes   down 625 pkts / 181097 bytes   sessions 0
up 629 pkts / 189877 bytes   down 625 pkts / 181097 bytes   sessions 0
up 629 pkts / 189877 bytes   down 625 pkts / 181097 bytes   sessions 0
up 629 pkts / 189877 bytes   down 625 pkts / 181097 bytes   sessions 0
up 629 pkts / 189877 bytes   down 625 pkts / 181097 bytes   sessions 0
up 629 pkts / 189877 bytes   down 625 pkts / 181097 bytes   sessions 0
up 629 pkts / 189877 bytes   down 625 pkts / 181097 bytes   sessions 0
up 629 pkts / 189877 bytes   down 625 pkts / 181097 bytes   sessions 0
up 629 pkts / 189877 bytes   down 625 pkts / 181097 bytes   sessions 0
up 629 pkts / 189877 bytes   down 625 pkts / 181097 bytes   sessions 0
up 629 pkts / 189877 bytes   down 625 pkts / 181097 bytes   sessions 0
up 629 pkts / 189877 bytes   down 625 pkts / 181097 bytes   sessions 0
up 629 pkts / 189877 bytes   down 625 pkts / 181097 bytes   sessions 0
up 629 pkts / 189877 bytes   down 625 pkts / 181097 bytes   sessions 0
up 629 pkts / 189877 bytes   down 625 pkts / 181097 bytes   sessions 0
up 629 pkts / 189877 bytes   down 625 pkts / 181097 bytes   sessions 0
up 629 pkts / 189877 bytes   down 625 pkts / 181097 bytes   sessions 0
up 629 pkts / 189877 bytes   down 625 pkts / 181097 bytes   sessions 0
up 629 pkts / 189877 bytes   down 625 pkts / 181097 bytes   sessions 0
up 629 pkts / 189877 bytes   down 625 pkts / 181097 bytes   sessions 0
up 629 pkts / 189877 bytes   down 625 pkts / 181097 bytes   sessions 0
up 629 pkts / 189877 bytes   down 625 pkts / 181097 bytes   sessions 0
up 629 pkts / 189877 bytes   down 625 pkts / 181097 bytes   sessions 0
up 629 pkts / 189877 bytes   down 625 pkts / 181097 bytes   sessions 0
up 629 pkts / 189877 bytes   down 625 pkts / 181097 bytes   sessions 0
up 629 pkts / 189877 bytes   down 625 pkts / 181097 bytes   sessions 0
up 629 pkts / 189877 bytes   down 625 pkts / 181097 bytes   sessions 0
up 629 pkts / 189877 bytes   down 625 pkts / 181097 bytes   sessions 0
up 629 pkts / 189877 bytes   down 625 pkts / 181097 bytes   sessions 0
up 629 pkts / 189877 bytes   down 625 pkts / 181097 bytes   sessions 0
up 629 pkts / 189877 bytes   down 625 pkts / 181097 bytes   sessions 0
up 629 pkts / 189877 bytes   down 625 pkts / 181097 bytes   sessions 0
up 629 pkts / 189877 bytes   down 625 pkts / 181097 bytes   sessions 0
up 629 pkts / 189877 bytes   down 625 pkts / 181097 bytes   sessions 0
up 629 pkts / 189877 bytes   down 625 pkts / 181097 bytes   sessions 0
up 629 pkts / 189877 bytes   down 625 pkts / 181097 bytes   sessions 0
up 629 pkts / 189877 bytes   down 625 pkts / 181097 bytes   sessions 0
up 629 pkts / 189877 bytes   down 625 pkts / 181097 bytes   sessions 0
up 629 pkts / 189877 bytes   down 625 pkts / 181097 bytes   sessions 0
up 629 pkts / 189877 bytes   down 625 pkts / 181097 bytes   sessions 0
up 629 pkts / 189877 bytes   down 625 pkts / 181097 bytes   sessions 0
up 629 pkts / 189877 bytes   down 625 pkts / 181097 bytes   sessions 0
up 629 pkts / 189877 bytes   down 625 pkts / 181097 bytes   sessions 0
up 629 pkts / 189877 bytes   down 625 pkts / 181097 bytes   sessions 0
up 629 pkts / 189877 bytes   down 625 pkts / 181097 bytes   sessions 0
up 629 pkts / 189877 bytes   down 625 pkts / 181097 bytes   sessions 0
up 629 pkts / 189877 bytes   down 625 pkts / 181097 bytes   sessions 0
up 629 pkts / 189877 bytes   down 625 pkts / 181097 bytes   sessions 0
up 629 pkts / 189877 bytes   down 625 pkts / 181097 bytes   sessions 0
up 629 pkts / 189877 bytes   down 625 pkts / 181097 bytes   sessions 0
up 629 pkts / 189877 bytes   down 625 pkts / 181097 bytes   sessions 0
up 629 pkts / 189877 bytes   down 625 pkts / 181097 bytes   sessions 0
up 629 pkts / 189877 bytes   down 625 pkts / 181097 bytes   sessions 0
up 629 pkts / 189877 bytes   down 625 pkts / 181097 bytes   sessions 0
up 629 pkts / 189877 bytes   down 625 pkts / 181097 bytes   sessions 0
up 629 pkts / 189877 bytes   down 625 pkts / 181097 bytes   sessions 0
up 629 pkts / 189877 bytes   down 625 pkts / 181097 bytes   sessions 0
up 629 pkts / 189877 bytes   down 625 pkts / 181097 bytes   sessions 0
up 629 pkts / 189877 bytes   down 625 pkts / 181097 bytes   sessions 0
up 629 pkts / 189877 bytes   down 625 pkts / 181097 bytes   sessions 0
up 629 pkts / 189877 bytes   down 625 pkts / 181097 bytes   sessions 0
up 629 pkts / 189877 bytes   down 625 pkts / 181097 bytes   sessions 0
up 629 pkts / 189877 bytes   down 625 pkts / 181097 bytes   sessions 0
up 629 pkts / 189877 bytes   down 625 pkts / 181097 bytes   sessions 0
up 629 pkts / 189877 bytes   down 625 pkts / 181097 bytes   sessions 0
up 629 pkts / 189877 bytes   down 625 pkts / 181097 bytes   sessions 0
up 629 pkts / 189877 bytes   down 625 pkts / 181097 bytes   sessions 0
up 629 pkts / 189877 bytes   down 625 pkts / 181097 bytes   sessions 0
up 629 pkts / 189877 bytes   down 625 pkts / 181097 bytes   sessions 0
up 629 pkts / 189877 bytes   down 625 pkts / 181097 bytes   sessions 0
session 127.0.0.1:8953: egress 192.168.0.4:0, advertise 10.0.2.2:51845
session 127.0.0.1:8953 ended: EOF
session 127.0.0.1:19140: egress 192.168.0.4:0, advertise 10.0.2.2:1371
up 683 pkts / 210001 bytes   down 679 pkts / 198833 bytes   sessions 1
session 127.0.0.1:19140 ended: EOF
session 127.0.0.1:43950: egress 192.168.0.4:0, advertise 10.0.2.2:25228
session 127.0.0.1:43950 ended: EOF
up 749 pkts / 225656 bytes   down 744 pkts / 215595 bytes   sessions 0
up 749 pkts / 225656 bytes   down 744 pkts / 215595 bytes   sessions 0
up 749 pkts / 225656 bytes   down 744 pkts / 215595 bytes   sessions 0
up 749 pkts / 225656 bytes   down 744 pkts / 215595 bytes   sessions 0
up 749 pkts / 225656 bytes   down 744 pkts / 215595 bytes   sessions 0
up 749 pkts / 225656 bytes   down 744 pkts / 215595 bytes   sessions 0
up 749 pkts / 225656 bytes   down 744 pkts / 215595 bytes   sessions 0
up 749 pkts / 225656 bytes   down 744 pkts / 215595 bytes   sessions 0
up 749 pkts / 225656 bytes   down 744 pkts / 215595 bytes   sessions 0
up 749 pkts / 225656 bytes   down 744 pkts / 215595 bytes   sessions 0
up 749 pkts / 225656 bytes   down 744 pkts / 215595 bytes   sessions 0
up 749 pkts / 225656 bytes   down 744 pkts / 215595 bytes   sessions 0
up 749 pkts / 225656 bytes   down 744 pkts / 215595 bytes   sessions 0
up 749 pkts / 225656 bytes   down 744 pkts / 215595 bytes   sessions 0
up 749 pkts / 225656 bytes   down 744 pkts / 215595 bytes   sessions 0
up 749 pkts / 225656 bytes   down 744 pkts / 215595 bytes   sessions 0
up 749 pkts / 225656 bytes   down 744 pkts / 215595 bytes   sessions 0
up 749 pkts / 225656 bytes   down 744 pkts / 215595 bytes   sessions 0
up 749 pkts / 225656 bytes   down 744 pkts / 215595 bytes   sessions 0
up 749 pkts / 225656 bytes   down 744 pkts / 215595 bytes   sessions 0
up 749 pkts / 225656 bytes   down 744 pkts / 215595 bytes   sessions 0
up 749 pkts / 225656 bytes   down 744 pkts / 215595 bytes   sessions 0
up 749 pkts / 225656 bytes   down 744 pkts / 215595 bytes   sessions 0
up 749 pkts / 225656 bytes   down 744 pkts / 215595 bytes   sessions 0
up 749 pkts / 225656 bytes   down 744 pkts / 215595 bytes   sessions 0
up 749 pkts / 225656 bytes   down 744 pkts / 215595 bytes   sessions 0
up 749 pkts / 225656 bytes   down 744 pkts / 215595 bytes   sessions 0
up 749 pkts / 225656 bytes   down 744 pkts / 215595 bytes   sessions 0
up 749 pkts / 225656 bytes   down 744 pkts / 215595 bytes   sessions 0
up 749 pkts / 225656 bytes   down 744 pkts / 215595 bytes   sessions 0
up 749 pkts / 225656 bytes   down 744 pkts / 215595 bytes   sessions 0
up 749 pkts / 225656 bytes   down 744 pkts / 215595 bytes   sessions 0
up 749 pkts / 225656 bytes   down 744 pkts / 215595 bytes   sessions 0
up 749 pkts / 225656 bytes   down 744 pkts / 215595 bytes   sessions 0
up 749 pkts / 225656 bytes   down 744 pkts / 215595 bytes   sessions 0
up 749 pkts / 225656 bytes   down 744 pkts / 215595 bytes   sessions 0
up 749 pkts / 225656 bytes   down 744 pkts / 215595 bytes   sessions 0
up 749 pkts / 225656 bytes   down 744 pkts / 215595 bytes   sessions 0
up 749 pkts / 225656 bytes   down 744 pkts / 215595 bytes   sessions 0
up 749 pkts / 225656 bytes   down 744 pkts / 215595 bytes   sessions 0
up 749 pkts / 225656 bytes   down 744 pkts / 215595 bytes   sessions 0
up 749 pkts / 225656 bytes   down 744 pkts / 215595 bytes   sessions 0
up 749 pkts / 225656 bytes   down 744 pkts / 215595 bytes   sessions 0
up 749 pkts / 225656 bytes   down 744 pkts / 215595 bytes   sessions 0
up 749 pkts / 225656 bytes   down 744 pkts / 215595 bytes   sessions 0
up 749 pkts / 225656 bytes   down 744 pkts / 215595 bytes   sessions 0
up 749 pkts / 225656 bytes   down 744 pkts / 215595 bytes   sessions 0
up 749 pkts / 225656 bytes   down 744 pkts / 215595 bytes   sessions 0
up 749 pkts / 225656 bytes   down 744 pkts / 215595 bytes   sessions 0
up 749 pkts / 225656 bytes   down 744 pkts / 215595 bytes   sessions 0
up 749 pkts / 225656 bytes   down 744 pkts / 215595 bytes   sessions 0
up 749 pkts / 225656 bytes   down 744 pkts / 215595 bytes   sessions 0
up 749 pkts / 225656 bytes   down 744 pkts / 215595 bytes   sessions 0
up 749 pkts / 225656 bytes   down 744 pkts / 215595 bytes   sessions 0
up 749 pkts / 225656 bytes   down 744 pkts / 215595 bytes   sessions 0
up 749 pkts / 225656 bytes   down 744 pkts / 215595 bytes   sessions 0
up 749 pkts / 225656 bytes   down 744 pkts / 215595 bytes   sessions 0
up 749 pkts / 225656 bytes   down 744 pkts / 215595 bytes   sessions 0
up 749 pkts / 225656 bytes   down 744 pkts / 215595 bytes   sessions 0
up 749 pkts / 225656 bytes   down 744 pkts / 215595 bytes   sessions 0
up 749 pkts / 225656 bytes   down 744 pkts / 215595 bytes   sessions 0
up 749 pkts / 225656 bytes   down 744 pkts / 215595 bytes   sessions 0
up 749 pkts / 225656 bytes   down 744 pkts / 215595 bytes   sessions 0
up 749 pkts / 225656 bytes   down 744 pkts / 215595 bytes   sessions 0
up 749 pkts / 225656 bytes   down 744 pkts / 215595 bytes   sessions 0
up 749 pkts / 225656 bytes   down 744 pkts / 215595 bytes   sessions 0
up 749 pkts / 225656 bytes   down 744 pkts / 215595 bytes   sessions 0
up 749 pkts / 225656 bytes   down 744 pkts / 215595 bytes   sessions 0
up 749 pkts / 225656 bytes   down 744 pkts / 215595 bytes   sessions 0
up 749 pkts / 225656 bytes   down 744 pkts / 215595 bytes   sessions 0
up 749 pkts / 225656 bytes   down 744 pkts / 215595 bytes   sessions 0
up 749 pkts / 225656 bytes   down 744 pkts / 215595 bytes   sessions 0
up 749 pkts / 225656 bytes   down 744 pkts / 215595 bytes   sessions 0
up 749 pkts / 225656 bytes   down 744 pkts / 215595 bytes   sessions 0
up 749 pkts / 225656 bytes   down 744 pkts / 215595 bytes   sessions 0
up 749 pkts / 225656 bytes   down 744 pkts / 215595 bytes   sessions 0
up 749 pkts / 225656 bytes   down 744 pkts / 215595 bytes   sessions 0
up 749 pkts / 225656 bytes   down 744 pkts / 215595 bytes   sessions 0
up 749 pkts / 225656 bytes   down 744 pkts / 215595 bytes   sessions 0
up 749 pkts / 225656 bytes   down 744 pkts / 215595 bytes   sessions 0
up 749 pkts / 225656 bytes   down 744 pkts / 215595 bytes   sessions 0
up 749 pkts / 225656 bytes   down 744 pkts / 215595 bytes   sessions 0
up 749 pkts / 225656 bytes   down 744 pkts / 215595 bytes   sessions 0
up 749 pkts / 225656 bytes   down 744 pkts / 215595 bytes   sessions 0
up 749 pkts / 225656 bytes   down 744 pkts / 215595 bytes   sessions 0
up 749 pkts / 225656 bytes   down 744 pkts / 215595 bytes   sessions 0
up 749 pkts / 225656 bytes   down 744 pkts / 215595 bytes   sessions 0
up 749 pkts / 225656 bytes   down 744 pkts / 215595 bytes   sessions 0
up 749 pkts / 225656 bytes   down 744 pkts / 215595 bytes   sessions 0
up 749 pkts / 225656 bytes   down 744 pkts / 215595 bytes   sessions 0
up 749 pkts / 225656 bytes   down 744 pkts / 215595 bytes   sessions 0
up 749 pkts / 225656 bytes   down 744 pkts / 215595 bytes   sessions 0
up 749 pkts / 225656 bytes   down 744 pkts / 215595 bytes   sessions 0
up 749 pkts / 225656 bytes   down 744 pkts / 215595 bytes   sessions 0
up 749 pkts / 225656 bytes   down 744 pkts / 215595 bytes   sessions 0
up 749 pkts / 225656 bytes   down 744 pkts / 215595 bytes   sessions 0
up 749 pkts / 225656 bytes   down 744 pkts / 215595 bytes   sessions 0
up 749 pkts / 225656 bytes   down 744 pkts / 215595 bytes   sessions 0
up 749 pkts / 225656 bytes   down 744 pkts / 215595 bytes   sessions 0
up 749 pkts / 225656 bytes   down 744 pkts / 215595 bytes   sessions 0
up 749 pkts / 225656 bytes   down 744 pkts / 215595 bytes   sessions 0
up 749 pkts / 225656 bytes   down 744 pkts / 215595 bytes   sessions 0
up 749 pkts / 225656 bytes   down 744 pkts / 215595 bytes   sessions 0
up 749 pkts / 225656 bytes   down 744 pkts / 215595 bytes   sessions 0
up 749 pkts / 225656 bytes   down 744 pkts / 215595 bytes   sessions 0
up 749 pkts / 225656 bytes   down 744 pkts / 215595 bytes   sessions 0
up 749 pkts / 225656 bytes   down 744 pkts / 215595 bytes   sessions 0
up 749 pkts / 225656 bytes   down 744 pkts / 215595 bytes   sessions 0
up 749 pkts / 225656 bytes   down 744 pkts / 215595 bytes   sessions 0
up 749 pkts / 225656 bytes   down 744 pkts / 215595 bytes   sessions 0
up 749 pkts / 225656 bytes   down 744 pkts / 215595 bytes   sessions 0
up 749 pkts / 225656 bytes   down 744 pkts / 215595 bytes   sessions 0
up 749 pkts / 225656 bytes   down 744 pkts / 215595 bytes   sessions 0
up 749 pkts / 225656 bytes   down 744 pkts / 215595 bytes   sessions 0
up 749 pkts / 225656 bytes   down 744 pkts / 215595 bytes   sessions 0
up 749 pkts / 225656 bytes   down 744 pkts / 215595 bytes   sessions 0
up 749 pkts / 225656 bytes   down 744 pkts / 215595 bytes   sessions 0
up 749 pkts / 225656 bytes   down 744 pkts / 215595 bytes   sessions 0
up 749 pkts / 225656 bytes   down 744 pkts / 215595 bytes   sessions 0
up 749 pkts / 225656 bytes   down 744 pkts / 215595 bytes   sessions 0
up 749 pkts / 225656 bytes   down 744 pkts / 215595 bytes   sessions 0
up 749 pkts / 225656 bytes   down 744 pkts / 215595 bytes   sessions 0
up 749 pkts / 225656 bytes   down 744 pkts / 215595 bytes   sessions 0
up 749 pkts / 225656 bytes   down 744 pkts / 215595 bytes   sessions 0
up 749 pkts / 225656 bytes   down 744 pkts / 215595 bytes   sessions 0
up 749 pkts / 225656 bytes   down 744 pkts / 215595 bytes   sessions 0
up 749 pkts / 225656 bytes   down 744 pkts / 215595 bytes   sessions 0
up 749 pkts / 225656 bytes   down 744 pkts / 215595 bytes   sessions 0
up 749 pkts / 225656 bytes   down 744 pkts / 215595 bytes   sessions 0
up 749 pkts / 225656 bytes   down 744 pkts / 215595 bytes   sessions 0
up 749 pkts / 225656 bytes   down 744 pkts / 215595 bytes   sessions 0
up 749 pkts / 225656 bytes   down 744 pkts / 215595 bytes   sessions 0
up 749 pkts / 225656 bytes   down 744 pkts / 215595 bytes   sessions 0
up 749 pkts / 225656 bytes   down 744 pkts / 215595 bytes   sessions 0
up 749 pkts / 225656 bytes   down 744 pkts / 215595 bytes   sessions 0
up 749 pkts / 225656 bytes   down 744 pkts / 215595 bytes   sessions 0
up 749 pkts / 225656 bytes   down 744 pkts / 215595 bytes   sessions 0
up 749 pkts / 225656 bytes   down 744 pkts / 215595 bytes   sessions 0
up 749 pkts / 225656 bytes   down 744 pkts / 215595 bytes   sessions 0
up 749 pkts / 225656 bytes   down 744 pkts / 215595 bytes   sessions 0
up 749 pkts / 225656 bytes   down 744 pkts / 215595 bytes   sessions 0
up 749 pkts / 225656 bytes   down 744 pkts / 215595 bytes   sessions 0
up 749 pkts / 225656 bytes   down 744 pkts / 215595 bytes   sessions 0
up 749 pkts / 225656 bytes   down 744 pkts / 215595 bytes   sessions 0
up 749 pkts / 225656 bytes   down 744 pkts / 215595 bytes   sessions 0
up 749 pkts / 225656 bytes   down 744 pkts / 215595 bytes   sessions 0
up 749 pkts / 225656 bytes   down 744 pkts / 215595 bytes   sessions 0
up 749 pkts / 225656 bytes   down 744 pkts / 215595 bytes   sessions 0
up 749 pkts / 225656 bytes   down 744 pkts / 215595 bytes   sessions 0
up 749 pkts / 225656 bytes   down 744 pkts / 215595 bytes   sessions 0
up 749 pkts / 225656 bytes   down 744 pkts / 215595 bytes   sessions 0
up 749 pkts / 225656 bytes   down 744 pkts / 215595 bytes   sessions 0
up 749 pkts / 225656 bytes   down 744 pkts / 215595 bytes   sessions 0
up 749 pkts / 225656 bytes   down 744 pkts / 215595 bytes   sessions 0
up 749 pkts / 225656 bytes   down 744 pkts / 215595 bytes   sessions 0
up 749 pkts / 225656 bytes   down 744 pkts / 215595 bytes   sessions 0
up 749 pkts / 225656 bytes   down 744 pkts / 215595 bytes   sessions 0
up 749 pkts / 225656 bytes   down 744 pkts / 215595 bytes   sessions 0
up 749 pkts / 225656 bytes   down 744 pkts / 215595 bytes   sessions 0
up 749 pkts / 225656 bytes   down 744 pkts / 215595 bytes   sessions 0
up 749 pkts / 225656 bytes   down 744 pkts / 215595 bytes   sessions 0
up 749 pkts / 225656 bytes   down 744 pkts / 215595 bytes   sessions 0
up 749 pkts / 225656 bytes   down 744 pkts / 215595 bytes   sessions 0
up 749 pkts / 225656 bytes   down 744 pkts / 215595 bytes   sessions 0
up 749 pkts / 225656 bytes   down 744 pkts / 215595 bytes   sessions 0
up 749 pkts / 225656 bytes   down 744 pkts / 215595 bytes   sessions 0
up 749 pkts / 225656 bytes   down 744 pkts / 215595 bytes   sessions 0
up 749 pkts / 225656 bytes   down 744 pkts / 215595 bytes   sessions 0
up 749 pkts / 225656 bytes   down 744 pkts / 215595 bytes   sessions 0
up 749 pkts / 225656 bytes   down 744 pkts / 215595 bytes   sessions 0
up 749 pkts / 225656 bytes   down 744 pkts / 215595 bytes   sessions 0
up 749 pkts / 225656 bytes   down 744 pkts / 215595 bytes   sessions 0
up 749 pkts / 225656 bytes   down 744 pkts / 215595 bytes   sessions 0
up 749 pkts / 225656 bytes   down 744 pkts / 215595 bytes   sessions 0
up 749 pkts / 225656 bytes   down 744 pkts / 215595 bytes   sessions 0
up 749 pkts / 225656 bytes   down 744 pkts / 215595 bytes   sessions 0
up 749 pkts / 225656 bytes   down 744 pkts / 215595 bytes   sessions 0
up 749 pkts / 225656 bytes   down 744 pkts / 215595 bytes   sessions 0
up 749 pkts / 225656 bytes   down 744 pkts / 215595 bytes   sessions 0
up 749 pkts / 225656 bytes   down 744 pkts / 215595 bytes   sessions 0
up 749 pkts / 225656 bytes   down 744 pkts / 215595 bytes   sessions 0
up 749 pkts / 225656 bytes   down 744 pkts / 215595 bytes   sessions 0
up 749 pkts / 225656 bytes   down 744 pkts / 215595 bytes   sessions 0
up 749 pkts / 225656 bytes   down 744 pkts / 215595 bytes   sessions 0
up 749 pkts / 225656 bytes   down 744 pkts / 215595 bytes   sessions 0
up 749 pkts / 225656 bytes   down 744 pkts / 215595 bytes   sessions 0
up 749 pkts / 225656 bytes   down 744 pkts / 215595 bytes   sessions 0
up 749 pkts / 225656 bytes   down 744 pkts / 215595 bytes   sessions 0
up 749 pkts / 225656 bytes   down 744 pkts / 215595 bytes   sessions 0
up 749 pkts / 225656 bytes   down 744 pkts / 215595 bytes   sessions 0
up 749 pkts / 225656 bytes   down 744 pkts / 215595 bytes   sessions 0
up 749 pkts / 225656 bytes   down 744 pkts / 215595 bytes   sessions 0
up 749 pkts / 225656 bytes   down 744 pkts / 215595 bytes   sessions 0
up 749 pkts / 225656 bytes   down 744 pkts / 215595 bytes   sessions 0
up 749 pkts / 225656 bytes   down 744 pkts / 215595 bytes   sessions 0
up 749 pkts / 225656 bytes   down 744 pkts / 215595 bytes   sessions 0
up 749 pkts / 225656 bytes   down 744 pkts / 215595 bytes   sessions 0
up 749 pkts / 225656 bytes   down 744 pkts / 215595 bytes   sessions 0
up 749 pkts / 225656 bytes   down 744 pkts / 215595 bytes   sessions 0
up 749 pkts / 225656 bytes   down 744 pkts / 215595 bytes   sessions 0
up 749 pkts / 225656 bytes   down 744 pkts / 215595 bytes   sessions 0
up 749 pkts / 225656 bytes   down 744 pkts / 215595 bytes   sessions 0
up 749 pkts / 225656 bytes   down 744 pkts / 215595 bytes   sessions 0
up 749 pkts / 225656 bytes   down 744 pkts / 215595 bytes   sessions 0
up 749 pkts / 225656 bytes   down 744 pkts / 215595 bytes   sessions 0
up 749 pkts / 225656 bytes   down 744 pkts / 215595 bytes   sessions 0
up 749 pkts / 225656 bytes   down 744 pkts / 215595 bytes   sessions 0
up 749 pkts / 225656 bytes   down 744 pkts / 215595 bytes   sessions 0
up 749 pkts / 225656 bytes   down 744 pkts / 215595 bytes   sessions 0
up 749 pkts / 225656 bytes   down 744 pkts / 215595 bytes   sessions 0
up 749 pkts / 225656 bytes   down 744 pkts / 215595 bytes   sessions 0
up 749 pkts / 225656 bytes   down 744 pkts / 215595 bytes   sessions 0
up 749 pkts / 225656 bytes   down 744 pkts / 215595 bytes   sessions 0
up 749 pkts / 225656 bytes   down 744 pkts / 215595 bytes   sessions 0
up 749 pkts / 225656 bytes   down 744 pkts / 215595 bytes   sessions 0
up 749 pkts / 225656 bytes   down 744 pkts / 215595 bytes   sessions 0
up 749 pkts / 225656 bytes   down 744 pkts / 215595 bytes   sessions 0
up 749 pkts / 225656 bytes   down 744 pkts / 215595 bytes   sessions 0
up 749 pkts / 225656 bytes   down 744 pkts / 215595 bytes   sessions 0
up 749 pkts / 225656 bytes   down 744 pkts / 215595 bytes   sessions 0
up 749 pkts / 225656 bytes   down 744 pkts / 215595 bytes   sessions 0
up 749 pkts / 225656 bytes   down 744 pkts / 215595 bytes   sessions 0
up 749 pkts / 225656 bytes   down 744 pkts / 215595 bytes   sessions 0
up 749 pkts / 225656 bytes   down 744 pkts / 215595 bytes   sessions 0
up 749 pkts / 225656 bytes   down 744 pkts / 215595 bytes   sessions 0
up 749 pkts / 225656 bytes   down 744 pkts / 215595 bytes   sessions 0
up 749 pkts / 225656 bytes   down 744 pkts / 215595 bytes   sessions 0
up 749 pkts / 225656 bytes   down 744 pkts / 215595 bytes   sessions 0
up 749 pkts / 225656 bytes   down 744 pkts / 215595 bytes   sessions 0
up 749 pkts / 225656 bytes   down 744 pkts / 215595 bytes   sessions 0
up 749 pkts / 225656 bytes   down 744 pkts / 215595 bytes   sessions 0
up 749 pkts / 225656 bytes   down 744 pkts / 215595 bytes   sessions 0
up 749 pkts / 225656 bytes   down 744 pkts / 215595 bytes   sessions 0
up 749 pkts / 225656 bytes   down 744 pkts / 215595 bytes   sessions 0
up 749 pkts / 225656 bytes   down 744 pkts / 215595 bytes   sessions 0
up 749 pkts / 225656 bytes   down 744 pkts / 215595 bytes   sessions 0
up 749 pkts / 225656 bytes   down 744 pkts / 215595 bytes   sessions 0
up 749 pkts / 225656 bytes   down 744 pkts / 215595 bytes   sessions 0
up 749 pkts / 225656 bytes   down 744 pkts / 215595 bytes   sessions 0
up 749 pkts / 225656 bytes   down 744 pkts / 215595 bytes   sessions 0
up 749 pkts / 225656 bytes   down 744 pkts / 215595 bytes   sessions 0
up 749 pkts / 225656 bytes   down 744 pkts / 215595 bytes   sessions 0
up 749 pkts / 225656 bytes   down 744 pkts / 215595 bytes   sessions 0
up 749 pkts / 225656 bytes   down 744 pkts / 215595 bytes   sessions 0
up 749 pkts / 225656 bytes   down 744 pkts / 215595 bytes   sessions 0
up 749 pkts / 225656 bytes   down 744 pkts / 215595 bytes   sessions 0
up 749 pkts / 225656 bytes   down 744 pkts / 215595 bytes   sessions 0
up 749 pkts / 225656 bytes   down 744 pkts / 215595 bytes   sessions 0
up 749 pkts / 225656 bytes   down 744 pkts / 215595 bytes   sessions 0
up 749 pkts / 225656 bytes   down 744 pkts / 215595 bytes   sessions 0
up 749 pkts / 225656 bytes   down 744 pkts / 215595 bytes   sessions 0
up 749 pkts / 225656 bytes   down 744 pkts / 215595 bytes   sessions 0
up 749 pkts / 225656 bytes   down 744 pkts / 215595 bytes   sessions 0
up 749 pkts / 225656 bytes   down 744 pkts / 215595 bytes   sessions 0
up 749 pkts / 225656 bytes   down 744 pkts / 215595 bytes   sessions 0
up 749 pkts / 225656 bytes   down 744 pkts / 215595 bytes   sessions 0
up 749 pkts / 225656 bytes   down 744 pkts / 215595 bytes   sessions 0
up 749 pkts / 225656 bytes   down 744 pkts / 215595 bytes   sessions 0
up 749 pkts / 225656 bytes   down 744 pkts / 215595 bytes   sessions 0
up 749 pkts / 225656 bytes   down 744 pkts / 215595 bytes   sessions 0
up 749 pkts / 225656 bytes   down 744 pkts / 215595 bytes   sessions 0
up 749 pkts / 225656 bytes   down 744 pkts / 215595 bytes   sessions 0
up 749 pkts / 225656 bytes   down 744 pkts / 215595 bytes   sessions 0
up 749 pkts / 225656 bytes   down 744 pkts / 215595 bytes   sessions 0
up 749 pkts / 225656 bytes   down 744 pkts / 215595 bytes   sessions 0
up 749 pkts / 225656 bytes   down 744 pkts / 215595 bytes   sessions 0
up 749 pkts / 225656 bytes   down 744 pkts / 215595 bytes   sessions 0
up 749 pkts / 225656 bytes   down 744 pkts / 215595 bytes   sessions 0
up 749 pkts / 225656 bytes   down 744 pkts / 215595 bytes   sessions 0
up 749 pkts / 225656 bytes   down 744 pkts / 215595 bytes   sessions 0
up 749 pkts / 225656 bytes   down 744 pkts / 215595 bytes   sessions 0
up 749 pkts / 225656 bytes   down 744 pkts / 215595 bytes   sessions 0
up 749 pkts / 225656 bytes   down 744 pkts / 215595 bytes   sessions 0
up 749 pkts / 225656 bytes   down 744 pkts / 215595 bytes   sessions 0
up 749 pkts / 225656 bytes   down 744 pkts / 215595 bytes   sessions 0
up 749 pkts / 225656 bytes   down 744 pkts / 215595 bytes   sessions 0
up 749 pkts / 225656 bytes   down 744 pkts / 215595 bytes   sessions 0
up 749 pkts / 225656 bytes   down 744 pkts / 215595 bytes   sessions 0
up 749 pkts / 225656 bytes   down 744 pkts / 215595 bytes   sessions 0
up 749 pkts / 225656 bytes   down 744 pkts / 215595 bytes   sessions 0
up 749 pkts / 225656 bytes   down 744 pkts / 215595 bytes   sessions 0
up 749 pkts / 225656 bytes   down 744 pkts / 215595 bytes   sessions 0
up 749 pkts / 225656 bytes   down 744 pkts / 215595 bytes   sessions 0
up 749 pkts / 225656 bytes   down 744 pkts / 215595 bytes   sessions 0
up 749 pkts / 225656 bytes   down 744 pkts / 215595 bytes   sessions 0
up 749 pkts / 225656 bytes   down 744 pkts / 215595 bytes   sessions 0
up 749 pkts / 225656 bytes   down 744 pkts / 215595 bytes   sessions 0
up 749 pkts / 225656 bytes   down 744 pkts / 215595 bytes   sessions 0
up 749 pkts / 225656 bytes   down 744 pkts / 215595 bytes   sessions 0
up 749 pkts / 225656 bytes   down 744 pkts / 215595 bytes   sessions 0
up 749 pkts / 225656 bytes   down 744 pkts / 215595 bytes   sessions 0
up 749 pkts / 225656 bytes   down 744 pkts / 215595 bytes   sessions 0
up 749 pkts / 225656 bytes   down 744 pkts / 215595 bytes   sessions 0
up 749 pkts / 225656 bytes   down 744 pkts / 215595 bytes   sessions 0
up 749 pkts / 225656 bytes   down 744 pkts / 215595 bytes   sessions 0
up 749 pkts / 225656 bytes   down 744 pkts / 215595 bytes   sessions 0
up 749 pkts / 225656 bytes   down 744 pkts / 215595 bytes   sessions 0
up 749 pkts / 225656 bytes   down 744 pkts / 215595 bytes   sessions 0
up 749 pkts / 225656 bytes   down 744 pkts / 215595 bytes   sessions 0
up 749 pkts / 225656 bytes   down 744 pkts / 215595 bytes   sessions 0
up 749 pkts / 225656 bytes   down 744 pkts / 215595 bytes   sessions 0
up 749 pkts / 225656 bytes   down 744 pkts / 215595 bytes   sessions 0
up 749 pkts / 225656 bytes   down 744 pkts / 215595 bytes   sessions 0
up 749 pkts / 225656 bytes   down 744 pkts / 215595 bytes   sessions 0
up 749 pkts / 225656 bytes   down 744 pkts / 215595 bytes   sessions 0
up 749 pkts / 225656 bytes   down 744 pkts / 215595 bytes   sessions 0
up 749 pkts / 225656 bytes   down 744 pkts / 215595 bytes   sessions 0
up 749 pkts / 225656 bytes   down 744 pkts / 215595 bytes   sessions 0
up 749 pkts / 225656 bytes   down 744 pkts / 215595 bytes   sessions 0
up 749 pkts / 225656 bytes   down 744 pkts / 215595 bytes   sessions 0
up 749 pkts / 225656 bytes   down 744 pkts / 215595 bytes   sessions 0
up 749 pkts / 225656 bytes   down 744 pkts / 215595 bytes   sessions 0
up 749 pkts / 225656 bytes   down 744 pkts / 215595 bytes   sessions 0
up 749 pkts / 225656 bytes   down 744 pkts / 215595 bytes   sessions 0
up 749 pkts / 225656 bytes   down 744 pkts / 215595 bytes   sessions 0
up 749 pkts / 225656 bytes   down 744 pkts / 215595 bytes   sessions 0
up 749 pkts / 225656 bytes   down 744 pkts / 215595 bytes   sessions 0
up 749 pkts / 225656 bytes   down 744 pkts / 215595 bytes   sessions 0
up 749 pkts / 225656 bytes   down 744 pkts / 215595 bytes   sessions 0
up 749 pkts / 225656 bytes   down 744 pkts / 215595 bytes   sessions 0
up 749 pkts / 225656 bytes   down 744 pkts / 215595 bytes   sessions 0
up 749 pkts / 225656 bytes   down 744 pkts / 215595 bytes   sessions 0
up 749 pkts / 225656 bytes   down 744 pkts / 215595 bytes   sessions 0
up 749 pkts / 225656 bytes   down 744 pkts / 215595 bytes   sessions 0
up 749 pkts / 225656 bytes   down 744 pkts / 215595 bytes   sessions 0
up 749 pkts / 225656 bytes   down 744 pkts / 215595 bytes   sessions 0
up 749 pkts / 225656 bytes   down 744 pkts / 215595 bytes   sessions 0
up 749 pkts / 225656 bytes   down 744 pkts / 215595 bytes   sessions 0
up 749 pkts / 225656 bytes   down 744 pkts / 215595 bytes   sessions 0
up 749 pkts / 225656 bytes   down 744 pkts / 215595 bytes   sessions 0
up 749 pkts / 225656 bytes   down 744 pkts / 215595 bytes   sessions 0
up 749 pkts / 225656 bytes   down 744 pkts / 215595 bytes   sessions 0
up 749 pkts / 225656 bytes   down 744 pkts / 215595 bytes   sessions 0
up 749 pkts / 225656 bytes   down 744 pkts / 215595 bytes   sessions 0
up 749 pkts / 225656 bytes   down 744 pkts / 215595 bytes   sessions 0
up 749 pkts / 225656 bytes   down 744 pkts / 215595 bytes   sessions 0
up 749 pkts / 225656 bytes   down 744 pkts / 215595 bytes   sessions 0
up 749 pkts / 225656 bytes   down 744 pkts / 215595 bytes   sessions 0
up 749 pkts / 225656 bytes   down 744 pkts / 215595 bytes   sessions 0
up 749 pkts / 225656 bytes   down 744 pkts / 215595 bytes   sessions 0
up 749 pkts / 225656 bytes   down 744 pkts / 215595 bytes   sessions 0
up 749 pkts / 225656 bytes   down 744 pkts / 215595 bytes   sessions 0
up 749 pkts / 225656 bytes   down 744 pkts / 215595 bytes   sessions 0
up 749 pkts / 225656 bytes   down 744 pkts / 215595 bytes   sessions 0
up 749 pkts / 225656 bytes   down 744 pkts / 215595 bytes   sessions 0
up 749 pkts / 225656 bytes   down 744 pkts / 215595 bytes   sessions 0
up 749 pkts / 225656 bytes   down 744 pkts / 215595 bytes   sessions 0
up 749 pkts / 225656 bytes   down 744 pkts / 215595 bytes   sessions 0
up 749 pkts / 225656 bytes   down 744 pkts / 215595 bytes   sessions 0
up 749 pkts / 225656 bytes   down 744 pkts / 215595 bytes   sessions 0
up 749 pkts / 225656 bytes   down 744 pkts / 215595 bytes   sessions 0
up 749 pkts / 225656 bytes   down 744 pkts / 215595 bytes   sessions 0
up 749 pkts / 225656 bytes   down 744 pkts / 215595 bytes   sessions 0
up 749 pkts / 225656 bytes   down 744 pkts / 215595 bytes   sessions 0
up 749 pkts / 225656 bytes   down 744 pkts / 215595 bytes   sessions 0
up 749 pkts / 225656 bytes   down 744 pkts / 215595 bytes   sessions 0
up 749 pkts / 225656 bytes   down 744 pkts / 215595 bytes   sessions 0
up 749 pkts / 225656 bytes   down 744 pkts / 215595 bytes   sessions 0
up 749 pkts / 225656 bytes   down 744 pkts / 215595 bytes   sessions 0
up 749 pkts / 225656 bytes   down 744 pkts / 215595 bytes   sessions 0
up 749 pkts / 225656 bytes   down 744 pkts / 215595 bytes   sessions 0
up 749 pkts / 225656 bytes   down 744 pkts / 215595 bytes   sessions 0
up 749 pkts / 225656 bytes   down 744 pkts / 215595 bytes   sessions 0
up 749 pkts / 225656 bytes   down 744 pkts / 215595 bytes   sessions 0
up 749 pkts / 225656 bytes   down 744 pkts / 215595 bytes   sessions 0
up 749 pkts / 225656 bytes   down 744 pkts / 215595 bytes   sessions 0
up 749 pkts / 225656 bytes   down 744 pkts / 215595 bytes   sessions 0
up 749 pkts / 225656 bytes   down 744 pkts / 215595 bytes   sessions 0
up 749 pkts / 225656 bytes   down 744 pkts / 215595 bytes   sessions 0
up 749 pkts / 225656 bytes   down 744 pkts / 215595 bytes   sessions 0
up 749 pkts / 225656 bytes   down 744 pkts / 215595 bytes   sessions 0
up 749 pkts / 225656 bytes   down 744 pkts / 215595 bytes   sessions 0
up 749 pkts / 225656 bytes   down 744 pkts / 215595 bytes   sessions 0
up 749 pkts / 225656 bytes   down 744 pkts / 215595 bytes   sessions 0
up 749 pkts / 225656 bytes   down 744 pkts / 215595 bytes   sessions 0
up 749 pkts / 225656 bytes   down 744 pkts / 215595 bytes   sessions 0
up 749 pkts / 225656 bytes   down 744 pkts / 215595 bytes   sessions 0
up 749 pkts / 225656 bytes   down 744 pkts / 215595 bytes   sessions 0
up 749 pkts / 225656 bytes   down 744 pkts / 215595 bytes   sessions 0
up 749 pkts / 225656 bytes   down 744 pkts / 215595 bytes   sessions 0
up 749 pkts / 225656 bytes   down 744 pkts / 215595 bytes   sessions 0
up 749 pkts / 225656 bytes   down 744 pkts / 215595 bytes   sessions 0
up 749 pkts / 225656 bytes   down 744 pkts / 215595 bytes   sessions 0
up 749 pkts / 225656 bytes   down 744 pkts / 215595 bytes   sessions 0
up 749 pkts / 225656 bytes   down 744 pkts / 215595 bytes   sessions 0
up 749 pkts / 225656 bytes   down 744 pkts / 215595 bytes   sessions 0
up 749 pkts / 225656 bytes   down 744 pkts / 215595 bytes   sessions 0
up 749 pkts / 225656 bytes   down 744 pkts / 215595 bytes   sessions 0
up 749 pkts / 225656 bytes   down 744 pkts / 215595 bytes   sessions 0
up 749 pkts / 225656 bytes   down 744 pkts / 215595 bytes   sessions 0
up 749 pkts / 225656 bytes   down 744 pkts / 215595 bytes   sessions 0
up 749 pkts / 225656 bytes   down 744 pkts / 215595 bytes   sessions 0
up 749 pkts / 225656 bytes   down 744 pkts / 215595 bytes   sessions 0
up 749 pkts / 225656 bytes   down 744 pkts / 215595 bytes   sessions 0
up 749 pkts / 225656 bytes   down 744 pkts / 215595 bytes   sessions 0
up 749 pkts / 225656 bytes   down 744 pkts / 215595 bytes   sessions 0
up 749 pkts / 225656 bytes   down 744 pkts / 215595 bytes   sessions 0
up 749 pkts / 225656 bytes   down 744 pkts / 215595 bytes   sessions 0
up 749 pkts / 225656 bytes   down 744 pkts / 215595 bytes   sessions 0
up 749 pkts / 225656 bytes   down 744 pkts / 215595 bytes   sessions 0
up 749 pkts / 225656 bytes   down 744 pkts / 215595 bytes   sessions 0
up 749 pkts / 225656 bytes   down 744 pkts / 215595 bytes   sessions 0
up 749 pkts / 225656 bytes   down 744 pkts / 215595 bytes   sessions 0
up 749 pkts / 225656 bytes   down 744 pkts / 215595 bytes   sessions 0
up 749 pkts / 225656 bytes   down 744 pkts / 215595 bytes   sessions 0
up 749 pkts / 225656 bytes   down 744 pkts / 215595 bytes   sessions 0
up 749 pkts / 225656 bytes   down 744 pkts / 215595 bytes   sessions 0
up 749 pkts / 225656 bytes   down 744 pkts / 215595 bytes   sessions 0
up 749 pkts / 225656 bytes   down 744 pkts / 215595 bytes   sessions 0
up 749 pkts / 225656 bytes   down 744 pkts / 215595 bytes   sessions 0
up 749 pkts / 225656 bytes   down 744 pkts / 215595 bytes   sessions 0
up 749 pkts / 225656 bytes   down 744 pkts / 215595 bytes   sessions 0
up 749 pkts / 225656 bytes   down 744 pkts / 215595 bytes   sessions 0
up 749 pkts / 225656 bytes   down 744 pkts / 215595 bytes   sessions 0
up 749 pkts / 225656 bytes   down 744 pkts / 215595 bytes   sessions 0
up 749 pkts / 225656 bytes   down 744 pkts / 215595 bytes   sessions 0
up 749 pkts / 225656 bytes   down 744 pkts / 215595 bytes   sessions 0
up 749 pkts / 225656 bytes   down 744 pkts / 215595 bytes   sessions 0
up 749 pkts / 225656 bytes   down 744 pkts / 215595 bytes   sessions 0
up 749 pkts / 225656 bytes   down 744 pkts / 215595 bytes   sessions 0
up 749 pkts / 225656 bytes   down 744 pkts / 215595 bytes   sessions 0
up 749 pkts / 225656 bytes   down 744 pkts / 215595 bytes   sessions 0
up 749 pkts / 225656 bytes   down 744 pkts / 215595 bytes   sessions 0
up 749 pkts / 225656 bytes   down 744 pkts / 215595 bytes   sessions 0
up 749 pkts / 225656 bytes   down 744 pkts / 215595 bytes   sessions 0
up 749 pkts / 225656 bytes   down 744 pkts / 215595 bytes   sessions 0
up 749 pkts / 225656 bytes   down 744 pkts / 215595 bytes   sessions 0
up 749 pkts / 225656 bytes   down 744 pkts / 215595 bytes   sessions 0
up 749 pkts / 225656 bytes   down 744 pkts / 215595 bytes   sessions 0
up 749 pkts / 225656 bytes   down 744 pkts / 215595 bytes   sessions 0
up 749 pkts / 225656 bytes   down 744 pkts / 215595 bytes   sessions 0
up 749 pkts / 225656 bytes   down 744 pkts / 215595 bytes   sessions 0
up 749 pkts / 225656 bytes   down 744 pkts / 215595 bytes   sessions 0
up 749 pkts / 225656 bytes   down 744 pkts / 215595 bytes   sessions 0
up 749 pkts / 225656 bytes   down 744 pkts / 215595 bytes   sessions 0
up 749 pkts / 225656 bytes   down 744 pkts / 215595 bytes   sessions 0
up 749 pkts / 225656 bytes   down 744 pkts / 215595 bytes   sessions 0
up 749 pkts / 225656 bytes   down 744 pkts / 215595 bytes   sessions 0
up 749 pkts / 225656 bytes   down 744 pkts / 215595 bytes   sessions 0
up 749 pkts / 225656 bytes   down 744 pkts / 215595 bytes   sessions 0
up 749 pkts / 225656 bytes   down 744 pkts / 215595 bytes   sessions 0
up 749 pkts / 225656 bytes   down 744 pkts / 215595 bytes   sessions 0
up 749 pkts / 225656 bytes   down 744 pkts / 215595 bytes   sessions 0
up 749 pkts / 225656 bytes   down 744 pkts / 215595 bytes   sessions 0
up 749 pkts / 225656 bytes   down 744 pkts / 215595 bytes   sessions 0
up 749 pkts / 225656 bytes   down 744 pkts / 215595 bytes   sessions 0
up 749 pkts / 225656 bytes   down 744 pkts / 215595 bytes   sessions 0
up 749 pkts / 225656 bytes   down 744 pkts / 215595 bytes   sessions 0
up 749 pkts / 225656 bytes   down 744 pkts / 215595 bytes   sessions 0
up 749 pkts / 225656 bytes   down 744 pkts / 215595 bytes   sessions 0
up 749 pkts / 225656 bytes   down 744 pkts / 215595 bytes   sessions 0
up 749 pkts / 225656 bytes   down 744 pkts / 215595 bytes   sessions 0
up 749 pkts / 225656 bytes   down 744 pkts / 215595 bytes   sessions 0
up 749 pkts / 225656 bytes   down 744 pkts / 215595 bytes   sessions 0
up 749 pkts / 225656 bytes   down 744 pkts / 215595 bytes   sessions 0
up 749 pkts / 225656 bytes   down 744 pkts / 215595 bytes   sessions 0
up 749 pkts / 225656 bytes   down 744 pkts / 215595 bytes   sessions 0
up 749 pkts / 225656 bytes   down 744 pkts / 215595 bytes   sessions 0
up 749 pkts / 225656 bytes   down 744 pkts / 215595 bytes   sessions 0
up 749 pkts / 225656 bytes   down 744 pkts / 215595 bytes   sessions 0
up 749 pkts / 225656 bytes   down 744 pkts / 215595 bytes   sessions 0
up 749 pkts / 225656 bytes   down 744 pkts / 215595 bytes   sessions 0
up 749 pkts / 225656 bytes   down 744 pkts / 215595 bytes   sessions 0
up 749 pkts / 225656 bytes   down 744 pkts / 215595 bytes   sessions 0
up 749 pkts / 225656 bytes   down 744 pkts / 215595 bytes   sessions 0
up 749 pkts / 225656 bytes   down 744 pkts / 215595 bytes   sessions 0
up 749 pkts / 225656 bytes   down 744 pkts / 215595 bytes   sessions 0
up 749 pkts / 225656 bytes   down 744 pkts / 215595 bytes   sessions 0
up 749 pkts / 225656 bytes   down 744 pkts / 215595 bytes   sessions 0
up 749 pkts / 225656 bytes   down 744 pkts / 215595 bytes   sessions 0
up 749 pkts / 225656 bytes   down 744 pkts / 215595 bytes   sessions 0
up 749 pkts / 225656 bytes   down 744 pkts / 215595 bytes   sessions 0
up 749 pkts / 225656 bytes   down 744 pkts / 215595 bytes   sessions 0
up 749 pkts / 225656 bytes   down 744 pkts / 215595 bytes   sessions 0
up 749 pkts / 225656 bytes   down 744 pkts / 215595 bytes   sessions 0
up 749 pkts / 225656 bytes   down 744 pkts / 215595 bytes   sessions 0
up 749 pkts / 225656 bytes   down 744 pkts / 215595 bytes   sessions 0
up 749 pkts / 225656 bytes   down 744 pkts / 215595 bytes   sessions 0
up 749 pkts / 225656 bytes   down 744 pkts / 215595 bytes   sessions 0
up 749 pkts / 225656 bytes   down 744 pkts / 215595 bytes   sessions 0
up 749 pkts / 225656 bytes   down 744 pkts / 215595 bytes   sessions 0
up 749 pkts / 225656 bytes   down 744 pkts / 215595 bytes   sessions 0
up 749 pkts / 225656 bytes   down 744 pkts / 215595 bytes   sessions 0
up 749 pkts / 225656 bytes   down 744 pkts / 215595 bytes   sessions 0
up 749 pkts / 225656 bytes   down 744 pkts / 215595 bytes   sessions 0
up 749 pkts / 225656 bytes   down 744 pkts / 215595 bytes   sessions 0
up 749 pkts / 225656 bytes   down 744 pkts / 215595 bytes   sessions 0
up 749 pkts / 225656 bytes   down 744 pkts / 215595 bytes   sessions 0
up 749 pkts / 225656 bytes   down 744 pkts / 215595 bytes   sessions 0
up 749 pkts / 225656 bytes   down 744 pkts / 215595 bytes   sessions 0
up 749 pkts / 225656 bytes   down 744 pkts / 215595 bytes   sessions 0
up 749 pkts / 225656 bytes   down 744 pkts / 215595 bytes   sessions 0
up 749 pkts / 225656 bytes   down 744 pkts / 215595 bytes   sessions 0
up 749 pkts / 225656 bytes   down 744 pkts / 215595 bytes   sessions 0
up 749 pkts / 225656 bytes   down 744 pkts / 215595 bytes   sessions 0
up 749 pkts / 225656 bytes   down 744 pkts / 215595 bytes   sessions 0
up 749 pkts / 225656 bytes   down 744 pkts / 215595 bytes   sessions 0
up 749 pkts / 225656 bytes   down 744 pkts / 215595 bytes   sessions 0
up 749 pkts / 225656 bytes   down 744 pkts / 215595 bytes   sessions 0
up 749 pkts / 225656 bytes   down 744 pkts / 215595 bytes   sessions 0
up 749 pkts / 225656 bytes   down 744 pkts / 215595 bytes   sessions 0
up 749 pkts / 225656 bytes   down 744 pkts / 215595 bytes   sessions 0
up 749 pkts / 225656 bytes   down 744 pkts / 215595 bytes   sessions 0
up 749 pkts / 225656 bytes   down 744 pkts / 215595 bytes   sessions 0
up 749 pkts / 225656 bytes   down 744 pkts / 215595 bytes   sessions 0
up 749 pkts / 225656 bytes   down 744 pkts / 215595 bytes   sessions 0
up 749 pkts / 225656 bytes   down 744 pkts / 215595 bytes   sessions 0
up 749 pkts / 225656 bytes   down 744 pkts / 215595 bytes   sessions 0
up 749 pkts / 225656 bytes   down 744 pkts / 215595 bytes   sessions 0
up 749 pkts / 225656 bytes   down 744 pkts / 215595 bytes   sessions 0
up 749 pkts / 225656 bytes   down 744 pkts / 215595 bytes   sessions 0
up 749 pkts / 225656 bytes   down 744 pkts / 215595 bytes   sessions 0
up 749 pkts / 225656 bytes   down 744 pkts / 215595 bytes   sessions 0
up 749 pkts / 225656 bytes   down 744 pkts / 215595 bytes   sessions 0
up 749 pkts / 225656 bytes   down 744 pkts / 215595 bytes   sessions 0
up 749 pkts / 225656 bytes   down 744 pkts / 215595 bytes   sessions 0
up 749 pkts / 225656 bytes   down 744 pkts / 215595 bytes   sessions 0
up 749 pkts / 225656 bytes   down 744 pkts / 215595 bytes   sessions 0
up 749 pkts / 225656 bytes   down 744 pkts / 215595 bytes   sessions 0
up 749 pkts / 225656 bytes   down 744 pkts / 215595 bytes   sessions 0
up 749 pkts / 225656 bytes   down 744 pkts / 215595 bytes   sessions 0
up 749 pkts / 225656 bytes   down 744 pkts / 215595 bytes   sessions 0
up 749 pkts / 225656 bytes   down 744 pkts / 215595 bytes   sessions 0
up 749 pkts / 225656 bytes   down 744 pkts / 215595 bytes   sessions 0
up 749 pkts / 225656 bytes   down 744 pkts / 215595 bytes   sessions 0
up 749 pkts / 225656 bytes   down 744 pkts / 215595 bytes   sessions 0
up 749 pkts / 225656 bytes   down 744 pkts / 215595 bytes   sessions 0
up 749 pkts / 225656 bytes   down 744 pkts / 215595 bytes   sessions 0
up 749 pkts / 225656 bytes   down 744 pkts / 215595 bytes   sessions 0
up 749 pkts / 225656 bytes   down 744 pkts / 215595 bytes   sessions 0
up 749 pkts / 225656 bytes   down 744 pkts / 215595 bytes   sessions 0
up 749 pkts / 225656 bytes   down 744 pkts / 215595 bytes   sessions 0
up 749 pkts / 225656 bytes   down 744 pkts / 215595 bytes   sessions 0
up 749 pkts / 225656 bytes   down 744 pkts / 215595 bytes   sessions 0
up 749 pkts / 225656 bytes   down 744 pkts / 215595 bytes   sessions 0
up 749 pkts / 225656 bytes   down 744 pkts / 215595 bytes   sessions 0
up 749 pkts / 225656 bytes   down 744 pkts / 215595 bytes   sessions 0
up 749 pkts / 225656 bytes   down 744 pkts / 215595 bytes   sessions 0
up 749 pkts / 225656 bytes   down 744 pkts / 215595 bytes   sessions 0
up 749 pkts / 225656 bytes   down 744 pkts / 215595 bytes   sessions 0
up 749 pkts / 225656 bytes   down 744 pkts / 215595 bytes   sessions 0
up 749 pkts / 225656 bytes   down 744 pkts / 215595 bytes   sessions 0
up 749 pkts / 225656 bytes   down 744 pkts / 215595 bytes   sessions 0
up 749 pkts / 225656 bytes   down 744 pkts / 215595 bytes   sessions 0
up 749 pkts / 225656 bytes   down 744 pkts / 215595 bytes   sessions 0
up 749 pkts / 225656 bytes   down 744 pkts / 215595 bytes   sessions 0
up 749 pkts / 225656 bytes   down 744 pkts / 215595 bytes   sessions 0
up 749 pkts / 225656 bytes   down 744 pkts / 215595 bytes   sessions 0
up 749 pkts / 225656 bytes   down 744 pkts / 215595 bytes   sessions 0
up 749 pkts / 225656 bytes   down 744 pkts / 215595 bytes   sessions 0
up 749 pkts / 225656 bytes   down 744 pkts / 215595 bytes   sessions 0
up 749 pkts / 225656 bytes   down 744 pkts / 215595 bytes   sessions 0
up 749 pkts / 225656 bytes   down 744 pkts / 215595 bytes   sessions 0
up 749 pkts / 225656 bytes   down 744 pkts / 215595 bytes   sessions 0
up 749 pkts / 225656 bytes   down 744 pkts / 215595 bytes   sessions 0
up 749 pkts / 225656 bytes   down 744 pkts / 215595 bytes   sessions 0
up 749 pkts / 225656 bytes   down 744 pkts / 215595 bytes   sessions 0
up 749 pkts / 225656 bytes   down 744 pkts / 215595 bytes   sessions 0
up 749 pkts / 225656 bytes   down 744 pkts / 215595 bytes   sessions 0
up 749 pkts / 225656 bytes   down 744 pkts / 215595 bytes   sessions 0
up 749 pkts / 225656 bytes   down 744 pkts / 215595 bytes   sessions 0
up 749 pkts / 225656 bytes   down 744 pkts / 215595 bytes   sessions 0
up 749 pkts / 225656 bytes   down 744 pkts / 215595 bytes   sessions 0
up 749 pkts / 225656 bytes   down 744 pkts / 215595 bytes   sessions 0
up 749 pkts / 225656 bytes   down 744 pkts / 215595 bytes   sessions 0
up 749 pkts / 225656 bytes   down 744 pkts / 215595 bytes   sessions 0
up 749 pkts / 225656 bytes   down 744 pkts / 215595 bytes   sessions 0
up 749 pkts / 225656 bytes   down 744 pkts / 215595 bytes   sessions 0
up 749 pkts / 225656 bytes   down 744 pkts / 215595 bytes   sessions 0
up 749 pkts / 225656 bytes   down 744 pkts / 215595 bytes   sessions 0
up 749 pkts / 225656 bytes   down 744 pkts / 215595 bytes   sessions 0
up 749 pkts / 225656 bytes   down 744 pkts / 215595 bytes   sessions 0
up 749 pkts / 225656 bytes   down 744 pkts / 215595 bytes   sessions 0
up 749 pkts / 225656 bytes   down 744 pkts / 215595 bytes   sessions 0
up 749 pkts / 225656 bytes   down 744 pkts / 215595 bytes   sessions 0
up 749 pkts / 225656 bytes   down 744 pkts / 215595 bytes   sessions 0
up 749 pkts / 225656 bytes   down 744 pkts / 215595 bytes   sessions 0
up 749 pkts / 225656 bytes   down 744 pkts / 215595 bytes   sessions 0
up 749 pkts / 225656 bytes   down 744 pkts / 215595 bytes   sessions 0
up 749 pkts / 225656 bytes   down 744 pkts / 215595 bytes   sessions 0
up 749 pkts / 225656 bytes   down 744 pkts / 215595 bytes   sessions 0
up 749 pkts / 225656 bytes   down 744 pkts / 215595 bytes   sessions 0
up 749 pkts / 225656 bytes   down 744 pkts / 215595 bytes   sessions 0
up 749 pkts / 225656 bytes   down 744 pkts / 215595 bytes   sessions 0
up 749 pkts / 225656 bytes   down 744 pkts / 215595 bytes   sessions 0
up 749 pkts / 225656 bytes   down 744 pkts / 215595 bytes   sessions 0
up 749 pkts / 225656 bytes   down 744 pkts / 215595 bytes   sessions 0
up 749 pkts / 225656 bytes   down 744 pkts / 215595 bytes   sessions 0
up 749 pkts / 225656 bytes   down 744 pkts / 215595 bytes   sessions 0
up 749 pkts / 225656 bytes   down 744 pkts / 215595 bytes   sessions 0
up 749 pkts / 225656 bytes   down 744 pkts / 215595 bytes   sessions 0
up 749 pkts / 225656 bytes   down 744 pkts / 215595 bytes   sessions 0
up 749 pkts / 225656 bytes   down 744 pkts / 215595 bytes   sessions 0
up 749 pkts / 225656 bytes   down 744 pkts / 215595 bytes   sessions 0
up 749 pkts / 225656 bytes   down 744 pkts / 215595 bytes   sessions 0
up 749 pkts / 225656 bytes   down 744 pkts / 215595 bytes   sessions 0
up 749 pkts / 225656 bytes   down 744 pkts / 215595 bytes   sessions 0
up 749 pkts / 225656 bytes   down 744 pkts / 215595 bytes   sessions 0
up 749 pkts / 225656 bytes   down 744 pkts / 215595 bytes   sessions 0
up 749 pkts / 225656 bytes   down 744 pkts / 215595 bytes   sessions 0
up 749 pkts / 225656 bytes   down 744 pkts / 215595 bytes   sessions 0
up 749 pkts / 225656 bytes   down 744 pkts / 215595 bytes   sessions 0
up 749 pkts / 225656 bytes   down 744 pkts / 215595 bytes   sessions 0
up 749 pkts / 225656 bytes   down 744 pkts / 215595 bytes   sessions 0
up 749 pkts / 225656 bytes   down 744 pkts / 215595 bytes   sessions 0
up 749 pkts / 225656 bytes   down 744 pkts / 215595 bytes   sessions 0
up 749 pkts / 225656 bytes   down 744 pkts / 215595 bytes   sessions 0
up 749 pkts / 225656 bytes   down 744 pkts / 215595 bytes   sessions 0
up 749 pkts / 225656 bytes   down 744 pkts / 215595 bytes   sessions 0
up 749 pkts / 225656 bytes   down 744 pkts / 215595 bytes   sessions 0
up 749 pkts / 225656 bytes   down 744 pkts / 215595 bytes   sessions 0
up 749 pkts / 225656 bytes   down 744 pkts / 215595 bytes   sessions 0
up 749 pkts / 225656 bytes   down 744 pkts / 215595 bytes   sessions 0
up 749 pkts / 225656 bytes   down 744 pkts / 215595 bytes   sessions 0
up 749 pkts / 225656 bytes   down 744 pkts / 215595 bytes   sessions 0
up 749 pkts / 225656 bytes   down 744 pkts / 215595 bytes   sessions 0
up 749 pkts / 225656 bytes   down 744 pkts / 215595 bytes   sessions 0
up 749 pkts / 225656 bytes   down 744 pkts / 215595 bytes   sessions 0
up 749 pkts / 225656 bytes   down 744 pkts / 215595 bytes   sessions 0
up 749 pkts / 225656 bytes   down 744 pkts / 215595 bytes   sessions 0
up 749 pkts / 225656 bytes   down 744 pkts / 215595 bytes   sessions 0
up 749 pkts / 225656 bytes   down 744 pkts / 215595 bytes   sessions 0
up 749 pkts / 225656 bytes   down 744 pkts / 215595 bytes   sessions 0
up 749 pkts / 225656 bytes   down 744 pkts / 215595 bytes   sessions 0
up 749 pkts / 225656 bytes   down 744 pkts / 215595 bytes   sessions 0
up 749 pkts / 225656 bytes   down 744 pkts / 215595 bytes   sessions 0
up 749 pkts / 225656 bytes   down 744 pkts / 215595 bytes   sessions 0
up 749 pkts / 225656 bytes   down 744 pkts / 215595 bytes   sessions 0
up 749 pkts / 225656 bytes   down 744 pkts / 215595 bytes   sessions 0
up 749 pkts / 225656 bytes   down 744 pkts / 215595 bytes   sessions 0
up 749 pkts / 225656 bytes   down 744 pkts / 215595 bytes   sessions 0
up 749 pkts / 225656 bytes   down 744 pkts / 215595 bytes   sessions 0
up 749 pkts / 225656 bytes   down 744 pkts / 215595 bytes   sessions 0
up 749 pkts / 225656 bytes   down 744 pkts / 215595 bytes   sessions 0
up 749 pkts / 225656 bytes   down 744 pkts / 215595 bytes   sessions 0
up 749 pkts / 225656 bytes   down 744 pkts / 215595 bytes   sessions 0
up 749 pkts / 225656 bytes   down 744 pkts / 215595 bytes   sessions 0
up 749 pkts / 225656 bytes   down 744 pkts / 215595 bytes   sessions 0
up 749 pkts / 225656 bytes   down 744 pkts / 215595 bytes   sessions 0
up 749 pkts / 225656 bytes   down 744 pkts / 215595 bytes   sessions 0
up 749 pkts / 225656 bytes   down 744 pkts / 215595 bytes   sessions 0
up 749 pkts / 225656 bytes   down 744 pkts / 215595 bytes   sessions 0
up 749 pkts / 225656 bytes   down 744 pkts / 215595 bytes   sessions 0
up 749 pkts / 225656 bytes   down 744 pkts / 215595 bytes   sessions 0
up 749 pkts / 225656 bytes   down 744 pkts / 215595 bytes   sessions 0
up 749 pkts / 225656 bytes   down 744 pkts / 215595 bytes   sessions 0
up 749 pkts / 225656 bytes   down 744 pkts / 215595 bytes   sessions 0
up 749 pkts / 225656 bytes   down 744 pkts / 215595 bytes   sessions 0
up 749 pkts / 225656 bytes   down 744 pkts / 215595 bytes   sessions 0
up 749 pkts / 225656 bytes   down 744 pkts / 215595 bytes   sessions 0
up 749 pkts / 225656 bytes   down 744 pkts / 215595 bytes   sessions 0
up 749 pkts / 225656 bytes   down 744 pkts / 215595 bytes   sessions 0
up 749 pkts / 225656 bytes   down 744 pkts / 215595 bytes   sessions 0
up 749 pkts / 225656 bytes   down 744 pkts / 215595 bytes   sessions 0
up 749 pkts / 225656 bytes   down 744 pkts / 215595 bytes   sessions 0
up 749 pkts / 225656 bytes   down 744 pkts / 215595 bytes   sessions 0
up 749 pkts / 225656 bytes   down 744 pkts / 215595 bytes   sessions 0
up 749 pkts / 225656 bytes   down 744 pkts / 215595 bytes   sessions 0
up 749 pkts / 225656 bytes   down 744 pkts / 215595 bytes   sessions 0
up 749 pkts / 225656 bytes   down 744 pkts / 215595 bytes   sessions 0
up 749 pkts / 225656 bytes   down 744 pkts / 215595 bytes   sessions 0
up 749 pkts / 225656 bytes   down 744 pkts / 215595 bytes   sessions 0
up 749 pkts / 225656 bytes   down 744 pkts / 215595 bytes   sessions 0
up 749 pkts / 225656 bytes   down 744 pkts / 215595 bytes   sessions 0
up 749 pkts / 225656 bytes   down 744 pkts / 215595 bytes   sessions 0
up 749 pkts / 225656 bytes   down 744 pkts / 215595 bytes   sessions 0
up 749 pkts / 225656 bytes   down 744 pkts / 215595 bytes   sessions 0
up 749 pkts / 225656 bytes   down 744 pkts / 215595 bytes   sessions 0
up 749 pkts / 225656 bytes   down 744 pkts / 215595 bytes   sessions 0
up 749 pkts / 225656 bytes   down 744 pkts / 215595 bytes   sessions 0
up 749 pkts / 225656 bytes   down 744 pkts / 215595 bytes   sessions 0
up 749 pkts / 225656 bytes   down 744 pkts / 215595 bytes   sessions 0
up 749 pkts / 225656 bytes   down 744 pkts / 215595 bytes   sessions 0
up 749 pkts / 225656 bytes   down 744 pkts / 215595 bytes   sessions 0
up 749 pkts / 225656 bytes   down 744 pkts / 215595 bytes   sessions 0
up 749 pkts / 225656 bytes   down 744 pkts / 215595 bytes   sessions 0
up 749 pkts / 225656 bytes   down 744 pkts / 215595 bytes   sessions 0
up 749 pkts / 225656 bytes   down 744 pkts / 215595 bytes   sessions 0
up 749 pkts / 225656 bytes   down 744 pkts / 215595 bytes   sessions 0
up 749 pkts / 225656 bytes   down 744 pkts / 215595 bytes   sessions 0
up 749 pkts / 225656 bytes   down 744 pkts / 215595 bytes   sessions 0
up 749 pkts / 225656 bytes   down 744 pkts / 215595 bytes   sessions 0
up 749 pkts / 225656 bytes   down 744 pkts / 215595 bytes   sessions 0
up 749 pkts / 225656 bytes   down 744 pkts / 215595 bytes   sessions 0
up 749 pkts / 225656 bytes   down 744 pkts / 215595 bytes   sessions 0
up 749 pkts / 225656 bytes   down 744 pkts / 215595 bytes   sessions 0
up 749 pkts / 225656 bytes   down 744 pkts / 215595 bytes   sessions 0
up 749 pkts / 225656 bytes   down 744 pkts / 215595 bytes   sessions 0
up 749 pkts / 225656 bytes   down 744 pkts / 215595 bytes   sessions 0
up 749 pkts / 225656 bytes   down 744 pkts / 215595 bytes   sessions 0
up 749 pkts / 225656 bytes   down 744 pkts / 215595 bytes   sessions 0
up 749 pkts / 225656 bytes   down 744 pkts / 215595 bytes   sessions 0
up 749 pkts / 225656 bytes   down 744 pkts / 215595 bytes   sessions 0
up 749 pkts / 225656 bytes   down 744 pkts / 215595 bytes   sessions 0
up 749 pkts / 225656 bytes   down 744 pkts / 215595 bytes   sessions 0
up 749 pkts / 225656 bytes   down 744 pkts / 215595 bytes   sessions 0
up 749 pkts / 225656 bytes   down 744 pkts / 215595 bytes   sessions 0
up 749 pkts / 225656 bytes   down 744 pkts / 215595 bytes   sessions 0
up 749 pkts / 225656 bytes   down 744 pkts / 215595 bytes   sessions 0
up 749 pkts / 225656 bytes   down 744 pkts / 215595 bytes   sessions 0
up 749 pkts / 225656 bytes   down 744 pkts / 215595 bytes   sessions 0
up 749 pkts / 225656 bytes   down 744 pkts / 215595 bytes   sessions 0
up 749 pkts / 225656 bytes   down 744 pkts / 215595 bytes   sessions 0
up 749 pkts / 225656 bytes   down 744 pkts / 215595 bytes   sessions 0
up 749 pkts / 225656 bytes   down 744 pkts / 215595 bytes   sessions 0
up 749 pkts / 225656 bytes   down 744 pkts / 215595 bytes   sessions 0
up 749 pkts / 225656 bytes   down 744 pkts / 215595 bytes   sessions 0
up 749 pkts / 225656 bytes   down 744 pkts / 215595 bytes   sessions 0
up 749 pkts / 225656 bytes   down 744 pkts / 215595 bytes   sessions 0
up 749 pkts / 225656 bytes   down 744 pkts / 215595 bytes   sessions 0
up 749 pkts / 225656 bytes   down 744 pkts / 215595 bytes   sessions 0
up 749 pkts / 225656 bytes   down 744 pkts / 215595 bytes   sessions 0
up 749 pkts / 225656 bytes   down 744 pkts / 215595 bytes   sessions 0
up 749 pkts / 225656 bytes   down 744 pkts / 215595 bytes   sessions 0
up 749 pkts / 225656 bytes   down 744 pkts / 215595 bytes   sessions 0
up 749 pkts / 225656 bytes   down 744 pkts / 215595 bytes   sessions 0
up 749 pkts / 225656 bytes   down 744 pkts / 215595 bytes   sessions 0
up 749 pkts / 225656 bytes   down 744 pkts / 215595 bytes   sessions 0
up 749 pkts / 225656 bytes   down 744 pkts / 215595 bytes   sessions 0
up 749 pkts / 225656 bytes   down 744 pkts / 215595 bytes   sessions 0
up 749 pkts / 225656 bytes   down 744 pkts / 215595 bytes   sessions 0
up 749 pkts / 225656 bytes   down 744 pkts / 215595 bytes   sessions 0
up 749 pkts / 225656 bytes   down 744 pkts / 215595 bytes   sessions 0
up 749 pkts / 225656 bytes   down 744 pkts / 215595 bytes   sessions 0
up 749 pkts / 225656 bytes   down 744 pkts / 215595 bytes   sessions 0
up 749 pkts / 225656 bytes   down 744 pkts / 215595 bytes   sessions 0
up 749 pkts / 225656 bytes   down 744 pkts / 215595 bytes   sessions 0
up 749 pkts / 225656 bytes   down 744 pkts / 215595 bytes   sessions 0
up 749 pkts / 225656 bytes   down 744 pkts / 215595 bytes   sessions 0
up 749 pkts / 225656 bytes   down 744 pkts / 215595 bytes   sessions 0
up 749 pkts / 225656 bytes   down 744 pkts / 215595 bytes   sessions 0
up 749 pkts / 225656 bytes   down 744 pkts / 215595 bytes   sessions 0
up 749 pkts / 225656 bytes   down 744 pkts / 215595 bytes   sessions 0
up 749 pkts / 225656 bytes   down 744 pkts / 215595 bytes   sessions 0
up 749 pkts / 225656 bytes   down 744 pkts / 215595 bytes   sessions 0
up 749 pkts / 225656 bytes   down 744 pkts / 215595 bytes   sessions 0
up 749 pkts / 225656 bytes   down 744 pkts / 215595 bytes   sessions 0
up 749 pkts / 225656 bytes   down 744 pkts / 215595 bytes   sessions 0
up 749 pkts / 225656 bytes   down 744 pkts / 215595 bytes   sessions 0
up 749 pkts / 225656 bytes   down 744 pkts / 215595 bytes   sessions 0
up 749 pkts / 225656 bytes   down 744 pkts / 215595 bytes   sessions 0
up 749 pkts / 225656 bytes   down 744 pkts / 215595 bytes   sessions 0
up 749 pkts / 225656 bytes   down 744 pkts / 215595 bytes   sessions 0
up 749 pkts / 225656 bytes   down 744 pkts / 215595 bytes   sessions 0
up 749 pkts / 225656 bytes   down 744 pkts / 215595 bytes   sessions 0
up 749 pkts / 225656 bytes   down 744 pkts / 215595 bytes   sessions 0
up 749 pkts / 225656 bytes   down 744 pkts / 215595 bytes   sessions 0
up 749 pkts / 225656 bytes   down 744 pkts / 215595 bytes   sessions 0
up 749 pkts / 225656 bytes   down 744 pkts / 215595 bytes   sessions 0
up 749 pkts / 225656 bytes   down 744 pkts / 215595 bytes   sessions 0
up 749 pkts / 225656 bytes   down 744 pkts / 215595 bytes   sessions 0
up 749 pkts / 225656 bytes   down 744 pkts / 215595 bytes   sessions 0
up 749 pkts / 225656 bytes   down 744 pkts / 215595 bytes   sessions 0
up 749 pkts / 225656 bytes   down 744 pkts / 215595 bytes   sessions 0
up 749 pkts / 225656 bytes   down 744 pkts / 215595 bytes   sessions 0
up 749 pkts / 225656 bytes   down 744 pkts / 215595 bytes   sessions 0
up 749 pkts / 225656 bytes   down 744 pkts / 215595 bytes   sessions 0
up 749 pkts / 225656 bytes   down 744 pkts / 215595 bytes   sessions 0
up 749 pkts / 225656 bytes   down 744 pkts / 215595 bytes   sessions 0
up 749 pkts / 225656 bytes   down 744 pkts / 215595 bytes   sessions 0
up 749 pkts / 225656 bytes   down 744 pkts / 215595 bytes   sessions 0
up 749 pkts / 225656 bytes   down 744 pkts / 215595 bytes   sessions 0
up 749 pkts / 225656 bytes   down 744 pkts / 215595 bytes   sessions 0
up 749 pkts / 225656 bytes   down 744 pkts / 215595 bytes   sessions 0
up 749 pkts / 225656 bytes   down 744 pkts / 215595 bytes   sessions 0
up 749 pkts / 225656 bytes   down 744 pkts / 215595 bytes   sessions 0
up 749 pkts / 225656 bytes   down 744 pkts / 215595 bytes   sessions 0
up 749 pkts / 225656 bytes   down 744 pkts / 215595 bytes   sessions 0
up 749 pkts / 225656 bytes   down 744 pkts / 215595 bytes   sessions 0
up 749 pkts / 225656 bytes   down 744 pkts / 215595 bytes   sessions 0
up 749 pkts / 225656 bytes   down 744 pkts / 215595 bytes   sessions 0
up 749 pkts / 225656 bytes   down 744 pkts / 215595 bytes   sessions 0
up 749 pkts / 225656 bytes   down 744 pkts / 215595 bytes   sessions 0
up 749 pkts / 225656 bytes   down 744 pkts / 215595 bytes   sessions 0
up 749 pkts / 225656 bytes   down 744 pkts / 215595 bytes   sessions 0
up 749 pkts / 225656 bytes   down 744 pkts / 215595 bytes   sessions 0
up 749 pkts / 225656 bytes   down 744 pkts / 215595 bytes   sessions 0
up 749 pkts / 225656 bytes   down 744 pkts / 215595 bytes   sessions 0
up 749 pkts / 225656 bytes   down 744 pkts / 215595 bytes   sessions 0
up 749 pkts / 225656 bytes   down 744 pkts / 215595 bytes   sessions 0
up 749 pkts / 225656 bytes   down 744 pkts / 215595 bytes   sessions 0
up 749 pkts / 225656 bytes   down 744 pkts / 215595 bytes   sessions 0
up 749 pkts / 225656 bytes   down 744 pkts / 215595 bytes   sessions 0
up 749 pkts / 225656 bytes   down 744 pkts / 215595 bytes   sessions 0
up 749 pkts / 225656 bytes   down 744 pkts / 215595 bytes   sessions 0
up 749 pkts / 225656 bytes   down 744 pkts / 215595 bytes   sessions 0
up 749 pkts / 225656 bytes   down 744 pkts / 215595 bytes   sessions 0
up 749 pkts / 225656 bytes   down 744 pkts / 215595 bytes   sessions 0
up 749 pkts / 225656 bytes   down 744 pkts / 215595 bytes   sessions 0
up 749 pkts / 225656 bytes   down 744 pkts / 215595 bytes   sessions 0
up 749 pkts / 225656 bytes   down 744 pkts / 215595 bytes   sessions 0
up 749 pkts / 225656 bytes   down 744 pkts / 215595 bytes   sessions 0
up 749 pkts / 225656 bytes   down 744 pkts / 215595 bytes   sessions 0
up 749 pkts / 225656 bytes   down 744 pkts / 215595 bytes   sessions 0
up 749 pkts / 225656 bytes   down 744 pkts / 215595 bytes   sessions 0
up 749 pkts / 225656 bytes   down 744 pkts / 215595 bytes   sessions 0
up 749 pkts / 225656 bytes   down 744 pkts / 215595 bytes   sessions 0
up 749 pkts / 225656 bytes   down 744 pkts / 215595 bytes   sessions 0
up 749 pkts / 225656 bytes   down 744 pkts / 215595 bytes   sessions 0
up 749 pkts / 225656 bytes   down 744 pkts / 215595 bytes   sessions 0
up 749 pkts / 225656 bytes   down 744 pkts / 215595 bytes   sessions 0
up 749 pkts / 225656 bytes   down 744 pkts / 215595 bytes   sessions 0
up 749 pkts / 225656 bytes   down 744 pkts / 215595 bytes   sessions 0
up 749 pkts / 225656 bytes   down 744 pkts / 215595 bytes   sessions 0
up 749 pkts / 225656 bytes   down 744 pkts / 215595 bytes   sessions 0
up 749 pkts / 225656 bytes   down 744 pkts / 215595 bytes   sessions 0
up 749 pkts / 225656 bytes   down 744 pkts / 215595 bytes   sessions 0
up 749 pkts / 225656 bytes   down 744 pkts / 215595 bytes   sessions 0
up 749 pkts / 225656 bytes   down 744 pkts / 215595 bytes   sessions 0
up 749 pkts / 225656 bytes   down 744 pkts / 215595 bytes   sessions 0
up 749 pkts / 225656 bytes   down 744 pkts / 215595 bytes   sessions 0
up 749 pkts / 225656 bytes   down 744 pkts / 215595 bytes   sessions 0
up 749 pkts / 225656 bytes   down 744 pkts / 215595 bytes   sessions 0
up 749 pkts / 225656 bytes   down 744 pkts / 215595 bytes   sessions 0
up 749 pkts / 225656 bytes   down 744 pkts / 215595 bytes   sessions 0
up 749 pkts / 225656 bytes   down 744 pkts / 215595 bytes   sessions 0
up 749 pkts / 225656 bytes   down 744 pkts / 215595 bytes   sessions 0
up 749 pkts / 225656 bytes   down 744 pkts / 215595 bytes   sessions 0
up 749 pkts / 225656 bytes   down 744 pkts / 215595 bytes   sessions 0
up 749 pkts / 225656 bytes   down 744 pkts / 215595 bytes   sessions 0
up 749 pkts / 225656 bytes   down 744 pkts / 215595 bytes   sessions 0
up 749 pkts / 225656 bytes   down 744 pkts / 215595 bytes   sessions 0
up 749 pkts / 225656 bytes   down 744 pkts / 215595 bytes   sessions 0
up 749 pkts / 225656 bytes   down 744 pkts / 215595 bytes   sessions 0
up 749 pkts / 225656 bytes   down 744 pkts / 215595 bytes   sessions 0
up 749 pkts / 225656 bytes   down 744 pkts / 215595 bytes   sessions 0
up 749 pkts / 225656 bytes   down 744 pkts / 215595 bytes   sessions 0
up 749 pkts / 225656 bytes   down 744 pkts / 215595 bytes   sessions 0
up 749 pkts / 225656 bytes   down 744 pkts / 215595 bytes   sessions 0
up 749 pkts / 225656 bytes   down 744 pkts / 215595 bytes   sessions 0
up 749 pkts / 225656 bytes   down 744 pkts / 215595 bytes   sessions 0
up 749 pkts / 225656 bytes   down 744 pkts / 215595 bytes   sessions 0
up 749 pkts / 225656 bytes   down 744 pkts / 215595 bytes   sessions 0
up 749 pkts / 225656 bytes   down 744 pkts / 215595 bytes   sessions 0
up 749 pkts / 225656 bytes   down 744 pkts / 215595 bytes   sessions 0
up 749 pkts / 225656 bytes   down 744 pkts / 215595 bytes   sessions 0
up 749 pkts / 225656 bytes   down 744 pkts / 215595 bytes   sessions 0
up 749 pkts / 225656 bytes   down 744 pkts / 215595 bytes   sessions 0
up 749 pkts / 225656 bytes   down 744 pkts / 215595 bytes   sessions 0
up 749 pkts / 225656 bytes   down 744 pkts / 215595 bytes   sessions 0
up 749 pkts / 225656 bytes   down 744 pkts / 215595 bytes   sessions 0
up 749 pkts / 225656 bytes   down 744 pkts / 215595 bytes   sessions 0
up 749 pkts / 225656 bytes   down 744 pkts / 215595 bytes   sessions 0
up 749 pkts / 225656 bytes   down 744 pkts / 215595 bytes   sessions 0
up 749 pkts / 225656 bytes   down 744 pkts / 215595 bytes   sessions 0
up 749 pkts / 225656 bytes   down 744 pkts / 215595 bytes   sessions 0
up 749 pkts / 225656 bytes   down 744 pkts / 215595 bytes   sessions 0
up 749 pkts / 225656 bytes   down 744 pkts / 215595 bytes   sessions 0
up 749 pkts / 225656 bytes   down 744 pkts / 215595 bytes   sessions 0
up 749 pkts / 225656 bytes   down 744 pkts / 215595 bytes   sessions 0
up 749 pkts / 225656 bytes   down 744 pkts / 215595 bytes   sessions 0
up 749 pkts / 225656 bytes   down 744 pkts / 215595 bytes   sessions 0
up 749 pkts / 225656 bytes   down 744 pkts / 215595 bytes   sessions 0
up 749 pkts / 225656 bytes   down 744 pkts / 215595 bytes   sessions 0
up 749 pkts / 225656 bytes   down 744 pkts / 215595 bytes   sessions 0
up 749 pkts / 225656 bytes   down 744 pkts / 215595 bytes   sessions 0
up 749 pkts / 225656 bytes   down 744 pkts / 215595 bytes   sessions 0
up 749 pkts / 225656 bytes   down 744 pkts / 215595 bytes   sessions 0
up 749 pkts / 225656 bytes   down 744 pkts / 215595 bytes   sessions 0
up 749 pkts / 225656 bytes   down 744 pkts / 215595 bytes   sessions 0
up 749 pkts / 225656 bytes   down 744 pkts / 215595 bytes   sessions 0
up 749 pkts / 225656 bytes   down 744 pkts / 215595 bytes   sessions 0
up 749 pkts / 225656 bytes   down 744 pkts / 215595 bytes   sessions 0
up 749 pkts / 225656 bytes   down 744 pkts / 215595 bytes   sessions 0
up 749 pkts / 225656 bytes   down 744 pkts / 215595 bytes   sessions 0
up 749 pkts / 225656 bytes   down 744 pkts / 215595 bytes   sessions 0
up 749 pkts / 225656 bytes   down 744 pkts / 215595 bytes   sessions 0
up 749 pkts / 225656 bytes   down 744 pkts / 215595 bytes   sessions 0
up 749 pkts / 225656 bytes   down 744 pkts / 215595 bytes   sessions 0
up 749 pkts / 225656 bytes   down 744 pkts / 215595 bytes   sessions 0
up 749 pkts / 225656 bytes   down 744 pkts / 215595 bytes   sessions 0
up 749 pkts / 225656 bytes   down 744 pkts / 215595 bytes   sessions 0
up 749 pkts / 225656 bytes   down 744 pkts / 215595 bytes   sessions 0
up 749 pkts / 225656 bytes   down 744 pkts / 215595 bytes   sessions 0
up 749 pkts / 225656 bytes   down 744 pkts / 215595 bytes   sessions 0
up 749 pkts / 225656 bytes   down 744 pkts / 215595 bytes   sessions 0
up 749 pkts / 225656 bytes   down 744 pkts / 215595 bytes   sessions 0
up 749 pkts / 225656 bytes   down 744 pkts / 215595 bytes   sessions 0
up 749 pkts / 225656 bytes   down 744 pkts / 215595 bytes   sessions 0
up 749 pkts / 225656 bytes   down 744 pkts / 215595 bytes   sessions 0
up 749 pkts / 225656 bytes   down 744 pkts / 215595 bytes   sessions 0
up 749 pkts / 225656 bytes   down 744 pkts / 215595 bytes   sessions 0
up 749 pkts / 225656 bytes   down 744 pkts / 215595 bytes   sessions 0
up 749 pkts / 225656 bytes   down 744 pkts / 215595 bytes   sessions 0
up 749 pkts / 225656 bytes   down 744 pkts / 215595 bytes   sessions 0
up 749 pkts / 225656 bytes   down 744 pkts / 215595 bytes   sessions 0
up 749 pkts / 225656 bytes   down 744 pkts / 215595 bytes   sessions 0
up 749 pkts / 225656 bytes   down 744 pkts / 215595 bytes   sessions 0
up 749 pkts / 225656 bytes   down 744 pkts / 215595 bytes   sessions 0
up 749 pkts / 225656 bytes   down 744 pkts / 215595 bytes   sessions 0
up 749 pkts / 225656 bytes   down 744 pkts / 215595 bytes   sessions 0
up 749 pkts / 225656 bytes   down 744 pkts / 215595 bytes   sessions 0
up 749 pkts / 225656 bytes   down 744 pkts / 215595 bytes   sessions 0
up 749 pkts / 225656 bytes   down 744 pkts / 215595 bytes   sessions 0
up 749 pkts / 225656 bytes   down 744 pkts / 215595 bytes   sessions 0
up 749 pkts / 225656 bytes   down 744 pkts / 215595 bytes   sessions 0
up 749 pkts / 225656 bytes   down 744 pkts / 215595 bytes   sessions 0
up 749 pkts / 225656 bytes   down 744 pkts / 215595 bytes   sessions 0
up 749 pkts / 225656 bytes   down 744 pkts / 215595 bytes   sessions 0
up 749 pkts / 225656 bytes   down 744 pkts / 215595 bytes   sessions 0
up 749 pkts / 225656 bytes   down 744 pkts / 215595 bytes   sessions 0
up 749 pkts / 225656 bytes   down 744 pkts / 215595 bytes   sessions 0
up 749 pkts / 225656 bytes   down 744 pkts / 215595 bytes   sessions 0
up 749 pkts / 225656 bytes   down 744 pkts / 215595 bytes   sessions 0
up 749 pkts / 225656 bytes   down 744 pkts / 215595 bytes   sessions 0
up 749 pkts / 225656 bytes   down 744 pkts / 215595 bytes   sessions 0
up 749 pkts / 225656 bytes   down 744 pkts / 215595 bytes   sessions 0
up 749 pkts / 225656 bytes   down 744 pkts / 215595 bytes   sessions 0
up 749 pkts / 225656 bytes   down 744 pkts / 215595 bytes   sessions 0
up 749 pkts / 225656 bytes   down 744 pkts / 215595 bytes   sessions 0
up 749 pkts / 225656 bytes   down 744 pkts / 215595 bytes   sessions 0
up 749 pkts / 225656 bytes   down 744 pkts / 215595 bytes   sessions 0
up 749 pkts / 225656 bytes   down 744 pkts / 215595 bytes   sessions 0
up 749 pkts / 225656 bytes   down 744 pkts / 215595 bytes   sessions 0
up 749 pkts / 225656 bytes   down 744 pkts / 215595 bytes   sessions 0
up 749 pkts / 225656 bytes   down 744 pkts / 215595 bytes   sessions 0
up 749 pkts / 225656 bytes   down 744 pkts / 215595 bytes   sessions 0
up 749 pkts / 225656 bytes   down 744 pkts / 215595 bytes   sessions 0
up 749 pkts / 225656 bytes   down 744 pkts / 215595 bytes   sessions 0
up 749 pkts / 225656 bytes   down 744 pkts / 215595 bytes   sessions 0
up 749 pkts / 225656 bytes   down 744 pkts / 215595 bytes   sessions 0
up 749 pkts / 225656 bytes   down 744 pkts / 215595 bytes   sessions 0
up 749 pkts / 225656 bytes   down 744 pkts / 215595 bytes   sessions 0
up 749 pkts / 225656 bytes   down 744 pkts / 215595 bytes   sessions 0
up 749 pkts / 225656 bytes   down 744 pkts / 215595 bytes   sessions 0
up 749 pkts / 225656 bytes   down 744 pkts / 215595 bytes   sessions 0
up 749 pkts / 225656 bytes   down 744 pkts / 215595 bytes   sessions 0
up 749 pkts / 225656 bytes   down 744 pkts / 215595 bytes   sessions 0
up 749 pkts / 225656 bytes   down 744 pkts / 215595 bytes   sessions 0
up 749 pkts / 225656 bytes   down 744 pkts / 215595 bytes   sessions 0
up 749 pkts / 225656 bytes   down 744 pkts / 215595 bytes   sessions 0
up 749 pkts / 225656 bytes   down 744 pkts / 215595 bytes   sessions 0
up 749 pkts / 225656 bytes   down 744 pkts / 215595 bytes   sessions 0
up 749 pkts / 225656 bytes   down 744 pkts / 215595 bytes   sessions 0
up 749 pkts / 225656 bytes   down 744 pkts / 215595 bytes   sessions 0
up 749 pkts / 225656 bytes   down 744 pkts / 215595 bytes   sessions 0
up 749 pkts / 225656 bytes   down 744 pkts / 215595 bytes   sessions 0
up 749 pkts / 225656 bytes   down 744 pkts / 215595 bytes   sessions 0
up 749 pkts / 225656 bytes   down 744 pkts / 215595 bytes   sessions 0
up 749 pkts / 225656 bytes   down 744 pkts / 215595 bytes   sessions 0
up 749 pkts / 225656 bytes   down 744 pkts / 215595 bytes   sessions 0
up 749 pkts / 225656 bytes   down 744 pkts / 215595 bytes   sessions 0
up 749 pkts / 225656 bytes   down 744 pkts / 215595 bytes   sessions 0
up 749 pkts / 225656 bytes   down 744 pkts / 215595 bytes   sessions 0
up 749 pkts / 225656 bytes   down 744 pkts / 215595 bytes   sessions 0
up 749 pkts / 225656 bytes   down 744 pkts / 215595 bytes   sessions 0
up 749 pkts / 225656 bytes   down 744 pkts / 215595 bytes   sessions 0
up 749 pkts / 225656 bytes   down 744 pkts / 215595 bytes   sessions 0
up 749 pkts / 225656 bytes   down 744 pkts / 215595 bytes   sessions 0
up 749 pkts / 225656 bytes   down 744 pkts / 215595 bytes   sessions 0
up 749 pkts / 225656 bytes   down 744 pkts / 215595 bytes   sessions 0
up 749 pkts / 225656 bytes   down 744 pkts / 215595 bytes   sessions 0
up 749 pkts / 225656 bytes   down 744 pkts / 215595 bytes   sessions 0
up 749 pkts / 225656 bytes   down 744 pkts / 215595 bytes   sessions 0
up 749 pkts / 225656 bytes   down 744 pkts / 215595 bytes   sessions 0
up 749 pkts / 225656 bytes   down 744 pkts / 215595 bytes   sessions 0
up 749 pkts / 225656 bytes   down 744 pkts / 215595 bytes   sessions 0
up 749 pkts / 225656 bytes   down 744 pkts / 215595 bytes   sessions 0
up 749 pkts / 225656 bytes   down 744 pkts / 215595 bytes   sessions 0
up 749 pkts / 225656 bytes   down 744 pkts / 215595 bytes   sessions 0
up 749 pkts / 225656 bytes   down 744 pkts / 215595 bytes   sessions 0
up 749 pkts / 225656 bytes   down 744 pkts / 215595 bytes   sessions 0
up 749 pkts / 225656 bytes   down 744 pkts / 215595 bytes   sessions 0
up 749 pkts / 225656 bytes   down 744 pkts / 215595 bytes   sessions 0
up 749 pkts / 225656 bytes   down 744 pkts / 215595 bytes   sessions 0
up 749 pkts / 225656 bytes   down 744 pkts / 215595 bytes   sessions 0
up 749 pkts / 225656 bytes   down 744 pkts / 215595 bytes   sessions 0
up 749 pkts / 225656 bytes   down 744 pkts / 215595 bytes   sessions 0
up 749 pkts / 225656 bytes   down 744 pkts / 215595 bytes   sessions 0
up 749 pkts / 225656 bytes   down 744 pkts / 215595 bytes   sessions 0
up 749 pkts / 225656 bytes   down 744 pkts / 215595 bytes   sessions 0
up 749 pkts / 225656 bytes   down 744 pkts / 215595 bytes   sessions 0
up 749 pkts / 225656 bytes   down 744 pkts / 215595 bytes   sessions 0
up 749 pkts / 225656 bytes   down 744 pkts / 215595 bytes   sessions 0
up 749 pkts / 225656 bytes   down 744 pkts / 215595 bytes   sessions 0
up 749 pkts / 225656 bytes   down 744 pkts / 215595 bytes   sessions 0
up 749 pkts / 225656 bytes   down 744 pkts / 215595 bytes   sessions 0
up 749 pkts / 225656 bytes   down 744 pkts / 215595 bytes   sessions 0
up 749 pkts / 225656 bytes   down 744 pkts / 215595 bytes   sessions 0
up 749 pkts / 225656 bytes   down 744 pkts / 215595 bytes   sessions 0
up 749 pkts / 225656 bytes   down 744 pkts / 215595 bytes   sessions 0
up 749 pkts / 225656 bytes   down 744 pkts / 215595 bytes   sessions 0
up 749 pkts / 225656 bytes   down 744 pkts / 215595 bytes   sessions 0
up 749 pkts / 225656 bytes   down 744 pkts / 215595 bytes   sessions 0
up 749 pkts / 225656 bytes   down 744 pkts / 215595 bytes   sessions 0
up 749 pkts / 225656 bytes   down 744 pkts / 215595 bytes   sessions 0
up 749 pkts / 225656 bytes   down 744 pkts / 215595 bytes   sessions 0
up 749 pkts / 225656 bytes   down 744 pkts / 215595 bytes   sessions 0
up 749 pkts / 225656 bytes   down 744 pkts / 215595 bytes   sessions 0
up 749 pkts / 225656 bytes   down 744 pkts / 215595 bytes   sessions 0
up 749 pkts / 225656 bytes   down 744 pkts / 215595 bytes   sessions 0
up 749 pkts / 225656 bytes   down 744 pkts / 215595 bytes   sessions 0
up 749 pkts / 225656 bytes   down 744 pkts / 215595 bytes   sessions 0
up 749 pkts / 225656 bytes   down 744 pkts / 215595 bytes   sessions 0
up 749 pkts / 225656 bytes   down 744 pkts / 215595 bytes   sessions 0
up 749 pkts / 225656 bytes   down 744 pkts / 215595 bytes   sessions 0
up 749 pkts / 225656 bytes   down 744 pkts / 215595 bytes   sessions 0
up 749 pkts / 225656 bytes   down 744 pkts / 215595 bytes   sessions 0
up 749 pkts / 225656 bytes   down 744 pkts / 215595 bytes   sessions 0
up 749 pkts / 225656 bytes   down 744 pkts / 215595 bytes   sessions 0
up 749 pkts / 225656 bytes   down 744 pkts / 215595 bytes   sessions 0
up 749 pkts / 225656 bytes   down 744 pkts / 215595 bytes   sessions 0
up 749 pkts / 225656 bytes   down 744 pkts / 215595 bytes   sessions 0
up 749 pkts / 225656 bytes   down 744 pkts / 215595 bytes   sessions 0
up 749 pkts / 225656 bytes   down 744 pkts / 215595 bytes   sessions 0
up 749 pkts / 225656 bytes   down 744 pkts / 215595 bytes   sessions 0
up 749 pkts / 225656 bytes   down 744 pkts / 215595 bytes   sessions 0
up 749 pkts / 225656 bytes   down 744 pkts / 215595 bytes   sessions 0
up 749 pkts / 225656 bytes   down 744 pkts / 215595 bytes   sessions 0
up 749 pkts / 225656 bytes   down 744 pkts / 215595 bytes   sessions 0
up 749 pkts / 225656 bytes   down 744 pkts / 215595 bytes   sessions 0
up 749 pkts / 225656 bytes   down 744 pkts / 215595 bytes   sessions 0
up 749 pkts / 225656 bytes   down 744 pkts / 215595 bytes   sessions 0
up 749 pkts / 225656 bytes   down 744 pkts / 215595 bytes   sessions 0
up 749 pkts / 225656 bytes   down 744 pkts / 215595 bytes   sessions 0
up 749 pkts / 225656 bytes   down 744 pkts / 215595 bytes   sessions 0
up 749 pkts / 225656 bytes   down 744 pkts / 215595 bytes   sessions 0
up 749 pkts / 225656 bytes   down 744 pkts / 215595 bytes   sessions 0
up 749 pkts / 225656 bytes   down 744 pkts / 215595 bytes   sessions 0
up 749 pkts / 225656 bytes   down 744 pkts / 215595 bytes   sessions 0
up 749 pkts / 225656 bytes   down 744 pkts / 215595 bytes   sessions 0
up 749 pkts / 225656 bytes   down 744 pkts / 215595 bytes   sessions 0
up 749 pkts / 225656 bytes   down 744 pkts / 215595 bytes   sessions 0
up 749 pkts / 225656 bytes   down 744 pkts / 215595 bytes   sessions 0
up 749 pkts / 225656 bytes   down 744 pkts / 215595 bytes   sessions 0
up 749 pkts / 225656 bytes   down 744 pkts / 215595 bytes   sessions 0
up 749 pkts / 225656 bytes   down 744 pkts / 215595 bytes   sessions 0
up 749 pkts / 225656 bytes   down 744 pkts / 215595 bytes   sessions 0
up 749 pkts / 225656 bytes   down 744 pkts / 215595 bytes   sessions 0
up 749 pkts / 225656 bytes   down 744 pkts / 215595 bytes   sessions 0
up 749 pkts / 225656 bytes   down 744 pkts / 215595 bytes   sessions 0
up 749 pkts / 225656 bytes   down 744 pkts / 215595 bytes   sessions 0
up 749 pkts / 225656 bytes   down 744 pkts / 215595 bytes   sessions 0
up 749 pkts / 225656 bytes   down 744 pkts / 215595 bytes   sessions 0
up 749 pkts / 225656 bytes   down 744 pkts / 215595 bytes   sessions 0
up 749 pkts / 225656 bytes   down 744 pkts / 215595 bytes   sessions 0
up 749 pkts / 225656 bytes   down 744 pkts / 215595 bytes   sessions 0
up 749 pkts / 225656 bytes   down 744 pkts / 215595 bytes   sessions 0
up 749 pkts / 225656 bytes   down 744 pkts / 215595 bytes   sessions 0
up 749 pkts / 225656 bytes   down 744 pkts / 215595 bytes   sessions 0
up 749 pkts / 225656 bytes   down 744 pkts / 215595 bytes   sessions 0
up 749 pkts / 225656 bytes   down 744 pkts / 215595 bytes   sessions 0
up 749 pkts / 225656 bytes   down 744 pkts / 215595 bytes   sessions 0
up 749 pkts / 225656 bytes   down 744 pkts / 215595 bytes   sessions 0
up 749 pkts / 225656 bytes   down 744 pkts / 215595 bytes   sessions 0
up 749 pkts / 225656 bytes   down 744 pkts / 215595 bytes   sessions 0
up 749 pkts / 225656 bytes   down 744 pkts / 215595 bytes   sessions 0
up 749 pkts / 225656 bytes   down 744 pkts / 215595 bytes   sessions 0
up 749 pkts / 225656 bytes   down 744 pkts / 215595 bytes   sessions 0
up 749 pkts / 225656 bytes   down 744 pkts / 215595 bytes   sessions 0
up 749 pkts / 225656 bytes   down 744 pkts / 215595 bytes   sessions 0
up 749 pkts / 225656 bytes   down 744 pkts / 215595 bytes   sessions 0
up 749 pkts / 225656 bytes   down 744 pkts / 215595 bytes   sessions 0
up 749 pkts / 225656 bytes   down 744 pkts / 215595 bytes   sessions 0
up 749 pkts / 225656 bytes   down 744 pkts / 215595 bytes   sessions 0
up 749 pkts / 225656 bytes   down 744 pkts / 215595 bytes   sessions 0
up 749 pkts / 225656 bytes   down 744 pkts / 215595 bytes   sessions 0
up 749 pkts / 225656 bytes   down 744 pkts / 215595 bytes   sessions 0
up 749 pkts / 225656 bytes   down 744 pkts / 215595 bytes   sessions 0
up 749 pkts / 225656 bytes   down 744 pkts / 215595 bytes   sessions 0
up 749 pkts / 225656 bytes   down 744 pkts / 215595 bytes   sessions 0
up 749 pkts / 225656 bytes   down 744 pkts / 215595 bytes   sessions 0
up 749 pkts / 225656 bytes   down 744 pkts / 215595 bytes   sessions 0
up 749 pkts / 225656 bytes   down 744 pkts / 215595 bytes   sessions 0
up 749 pkts / 225656 bytes   down 744 pkts / 215595 bytes   sessions 0
up 749 pkts / 225656 bytes   down 744 pkts / 215595 bytes   sessions 0
up 749 pkts / 225656 bytes   down 744 pkts / 215595 bytes   sessions 0
up 749 pkts / 225656 bytes   down 744 pkts / 215595 bytes   sessions 0
up 749 pkts / 225656 bytes   down 744 pkts / 215595 bytes   sessions 0
up 749 pkts / 225656 bytes   down 744 pkts / 215595 bytes   sessions 0
up 749 pkts / 225656 bytes   down 744 pkts / 215595 bytes   sessions 0
up 749 pkts / 225656 bytes   down 744 pkts / 215595 bytes   sessions 0
up 749 pkts / 225656 bytes   down 744 pkts / 215595 bytes   sessions 0
up 749 pkts / 225656 bytes   down 744 pkts / 215595 bytes   sessions 0
up 749 pkts / 225656 bytes   down 744 pkts / 215595 bytes   sessions 0
up 749 pkts / 225656 bytes   down 744 pkts / 215595 bytes   sessions 0
up 749 pkts / 225656 bytes   down 744 pkts / 215595 bytes   sessions 0
up 749 pkts / 225656 bytes   down 744 pkts / 215595 bytes   sessions 0
up 749 pkts / 225656 bytes   down 744 pkts / 215595 bytes   sessions 0
up 749 pkts / 225656 bytes   down 744 pkts / 215595 bytes   sessions 0
up 749 pkts / 225656 bytes   down 744 pkts / 215595 bytes   sessions 0
up 749 pkts / 225656 bytes   down 744 pkts / 215595 bytes   sessions 0
up 749 pkts / 225656 bytes   down 744 pkts / 215595 bytes   sessions 0
up 749 pkts / 225656 bytes   down 744 pkts / 215595 bytes   sessions 0
up 749 pkts / 225656 bytes   down 744 pkts / 215595 bytes   sessions 0
up 749 pkts / 225656 bytes   down 744 pkts / 215595 bytes   sessions 0
up 749 pkts / 225656 bytes   down 744 pkts / 215595 bytes   sessions 0
up 749 pkts / 225656 bytes   down 744 pkts / 215595 bytes   sessions 0
up 749 pkts / 225656 bytes   down 744 pkts / 215595 bytes   sessions 0
up 749 pkts / 225656 bytes   down 744 pkts / 215595 bytes   sessions 0
up 749 pkts / 225656 bytes   down 744 pkts / 215595 bytes   sessions 0
up 749 pkts / 225656 bytes   down 744 pkts / 215595 bytes   sessions 0
up 749 pkts / 225656 bytes   down 744 pkts / 215595 bytes   sessions 0
up 749 pkts / 225656 bytes   down 744 pkts / 215595 bytes   sessions 0
up 749 pkts / 225656 bytes   down 744 pkts / 215595 bytes   sessions 0
up 749 pkts / 225656 bytes   down 744 pkts / 215595 bytes   sessions 0
up 749 pkts / 225656 bytes   down 744 pkts / 215595 bytes   sessions 0
up 749 pkts / 225656 bytes   down 744 pkts / 215595 bytes   sessions 0
up 749 pkts / 225656 bytes   down 744 pkts / 215595 bytes   sessions 0
up 749 pkts / 225656 bytes   down 744 pkts / 215595 bytes   sessions 0
up 749 pkts / 225656 bytes   down 744 pkts / 215595 bytes   sessions 0
up 749 pkts / 225656 bytes   down 744 pkts / 215595 bytes   sessions 0
up 749 pkts / 225656 bytes   down 744 pkts / 215595 bytes   sessions 0
up 749 pkts / 225656 bytes   down 744 pkts / 215595 bytes   sessions 0
up 749 pkts / 225656 bytes   down 744 pkts / 215595 bytes   sessions 0
up 749 pkts / 225656 bytes   down 744 pkts / 215595 bytes   sessions 0
up 749 pkts / 225656 bytes   down 744 pkts / 215595 bytes   sessions 0
up 749 pkts / 225656 bytes   down 744 pkts / 215595 bytes   sessions 0
up 749 pkts / 225656 bytes   down 744 pkts / 215595 bytes   sessions 0
up 749 pkts / 225656 bytes   down 744 pkts / 215595 bytes   sessions 0
up 749 pkts / 225656 bytes   down 744 pkts / 215595 bytes   sessions 0
up 749 pkts / 225656 bytes   down 744 pkts / 215595 bytes   sessions 0
up 749 pkts / 225656 bytes   down 744 pkts / 215595 bytes   sessions 0
up 749 pkts / 225656 bytes   down 744 pkts / 215595 bytes   sessions 0
up 749 pkts / 225656 bytes   down 744 pkts / 215595 bytes   sessions 0
up 749 pkts / 225656 bytes   down 744 pkts / 215595 bytes   sessions 0
up 749 pkts / 225656 bytes   down 744 pkts / 215595 bytes   sessions 0
up 749 pkts / 225656 bytes   down 744 pkts / 215595 bytes   sessions 0
up 749 pkts / 225656 bytes   down 744 pkts / 215595 bytes   sessions 0
up 749 pkts / 225656 bytes   down 744 pkts / 215595 bytes   sessions 0
up 749 pkts / 225656 bytes   down 744 pkts / 215595 bytes   sessions 0
up 749 pkts / 225656 bytes   down 744 pkts / 215595 bytes   sessions 0
up 749 pkts / 225656 bytes   down 744 pkts / 215595 bytes   sessions 0
up 749 pkts / 225656 bytes   down 744 pkts / 215595 bytes   sessions 0
up 749 pkts / 225656 bytes   down 744 pkts / 215595 bytes   sessions 0
up 749 pkts / 225656 bytes   down 744 pkts / 215595 bytes   sessions 0
up 749 pkts / 225656 bytes   down 744 pkts / 215595 bytes   sessions 0
up 749 pkts / 225656 bytes   down 744 pkts / 215595 bytes   sessions 0
up 749 pkts / 225656 bytes   down 744 pkts / 215595 bytes   sessions 0
up 749 pkts / 225656 bytes   down 744 pkts / 215595 bytes   sessions 0
up 749 pkts / 225656 bytes   down 744 pkts / 215595 bytes   sessions 0
up 749 pkts / 225656 bytes   down 744 pkts / 215595 bytes   sessions 0
up 749 pkts / 225656 bytes   down 744 pkts / 215595 bytes   sessions 0
up 749 pkts / 225656 bytes   down 744 pkts / 215595 bytes   sessions 0
up 749 pkts / 225656 bytes   down 744 pkts / 215595 bytes   sessions 0
up 749 pkts / 225656 bytes   down 744 pkts / 215595 bytes   sessions 0
up 749 pkts / 225656 bytes   down 744 pkts / 215595 bytes   sessions 0
up 749 pkts / 225656 bytes   down 744 pkts / 215595 bytes   sessions 0
up 749 pkts / 225656 bytes   down 744 pkts / 215595 bytes   sessions 0
up 749 pkts / 225656 bytes   down 744 pkts / 215595 bytes   sessions 0
up 749 pkts / 225656 bytes   down 744 pkts / 215595 bytes   sessions 0
up 749 pkts / 225656 bytes   down 744 pkts / 215595 bytes   sessions 0
up 749 pkts / 225656 bytes   down 744 pkts / 215595 bytes   sessions 0
up 749 pkts / 225656 bytes   down 744 pkts / 215595 bytes   sessions 0
up 749 pkts / 225656 bytes   down 744 pkts / 215595 bytes   sessions 0
up 749 pkts / 225656 bytes   down 744 pkts / 215595 bytes   sessions 0
up 749 pkts / 225656 bytes   down 744 pkts / 215595 bytes   sessions 0
up 749 pkts / 225656 bytes   down 744 pkts / 215595 bytes   sessions 0
up 749 pkts / 225656 bytes   down 744 pkts / 215595 bytes   sessions 0
up 749 pkts / 225656 bytes   down 744 pkts / 215595 bytes   sessions 0
up 749 pkts / 225656 bytes   down 744 pkts / 215595 bytes   sessions 0
up 749 pkts / 225656 bytes   down 744 pkts / 215595 bytes   sessions 0
up 749 pkts / 225656 bytes   down 744 pkts / 215595 bytes   sessions 0
up 749 pkts / 225656 bytes   down 744 pkts / 215595 bytes   sessions 0
up 749 pkts / 225656 bytes   down 744 pkts / 215595 bytes   sessions 0
up 749 pkts / 225656 bytes   down 744 pkts / 215595 bytes   sessions 0
up 749 pkts / 225656 bytes   down 744 pkts / 215595 bytes   sessions 0
up 749 pkts / 225656 bytes   down 744 pkts / 215595 bytes   sessions 0
up 749 pkts / 225656 bytes   down 744 pkts / 215595 bytes   sessions 0
up 749 pkts / 225656 bytes   down 744 pkts / 215595 bytes   sessions 0
up 749 pkts / 225656 bytes   down 744 pkts / 215595 bytes   sessions 0
up 749 pkts / 225656 bytes   down 744 pkts / 215595 bytes   sessions 0
up 749 pkts / 225656 bytes   down 744 pkts / 215595 bytes   sessions 0
up 749 pkts / 225656 bytes   down 744 pkts / 215595 bytes   sessions 0
up 749 pkts / 225656 bytes   down 744 pkts / 215595 bytes   sessions 0
up 749 pkts / 225656 bytes   down 744 pkts / 215595 bytes   sessions 0
up 749 pkts / 225656 bytes   down 744 pkts / 215595 bytes   sessions 0
up 749 pkts / 225656 bytes   down 744 pkts / 215595 bytes   sessions 0
up 749 pkts / 225656 bytes   down 744 pkts / 215595 bytes   sessions 0
up 749 pkts / 225656 bytes   down 744 pkts / 215595 bytes   sessions 0
up 749 pkts / 225656 bytes   down 744 pkts / 215595 bytes   sessions 0
up 749 pkts / 225656 bytes   down 744 pkts / 215595 bytes   sessions 0
up 749 pkts / 225656 bytes   down 744 pkts / 215595 bytes   sessions 0
up 749 pkts / 225656 bytes   down 744 pkts / 215595 bytes   sessions 0
up 749 pkts / 225656 bytes   down 744 pkts / 215595 bytes   sessions 0
up 749 pkts / 225656 bytes   down 744 pkts / 215595 bytes   sessions 0
up 749 pkts / 225656 bytes   down 744 pkts / 215595 bytes   sessions 0
up 749 pkts / 225656 bytes   down 744 pkts / 215595 bytes   sessions 0
up 749 pkts / 225656 bytes   down 744 pkts / 215595 bytes   sessions 0
up 749 pkts / 225656 bytes   down 744 pkts / 215595 bytes   sessions 0
up 749 pkts / 225656 bytes   down 744 pkts / 215595 bytes   sessions 0
up 749 pkts / 225656 bytes   down 744 pkts / 215595 bytes   sessions 0
up 749 pkts / 225656 bytes   down 744 pkts / 215595 bytes   sessions 0
up 749 pkts / 225656 bytes   down 744 pkts / 215595 bytes   sessions 0
up 749 pkts / 225656 bytes   down 744 pkts / 215595 bytes   sessions 0
up 749 pkts / 225656 bytes   down 744 pkts / 215595 bytes   sessions 0
up 749 pkts / 225656 bytes   down 744 pkts / 215595 bytes   sessions 0
up 749 pkts / 225656 bytes   down 744 pkts / 215595 bytes   sessions 0
up 749 pkts / 225656 bytes   down 744 pkts / 215595 bytes   sessions 0
up 749 pkts / 225656 bytes   down 744 pkts / 215595 bytes   sessions 0
up 749 pkts / 225656 bytes   down 744 pkts / 215595 bytes   sessions 0
up 749 pkts / 225656 bytes   down 744 pkts / 215595 bytes   sessions 0
up 749 pkts / 225656 bytes   down 744 pkts / 215595 bytes   sessions 0
up 749 pkts / 225656 bytes   down 744 pkts / 215595 bytes   sessions 0
up 749 pkts / 225656 bytes   down 744 pkts / 215595 bytes   sessions 0
up 749 pkts / 225656 bytes   down 744 pkts / 215595 bytes   sessions 0
up 749 pkts / 225656 bytes   down 744 pkts / 215595 bytes   sessions 0
up 749 pkts / 225656 bytes   down 744 pkts / 215595 bytes   sessions 0
up 749 pkts / 225656 bytes   down 744 pkts / 215595 bytes   sessions 0
up 749 pkts / 225656 bytes   down 744 pkts / 215595 bytes   sessions 0
up 749 pkts / 225656 bytes   down 744 pkts / 215595 bytes   sessions 0
up 749 pkts / 225656 bytes   down 744 pkts / 215595 bytes   sessions 0
up 749 pkts / 225656 bytes   down 744 pkts / 215595 bytes   sessions 0
up 749 pkts / 225656 bytes   down 744 pkts / 215595 bytes   sessions 0
up 749 pkts / 225656 bytes   down 744 pkts / 215595 bytes   sessions 0
up 749 pkts / 225656 bytes   down 744 pkts / 215595 bytes   sessions 0
up 749 pkts / 225656 bytes   down 744 pkts / 215595 bytes   sessions 0
up 749 pkts / 225656 bytes   down 744 pkts / 215595 bytes   sessions 0
up 749 pkts / 225656 bytes   down 744 pkts / 215595 bytes   sessions 0
up 749 pkts / 225656 bytes   down 744 pkts / 215595 bytes   sessions 0
up 749 pkts / 225656 bytes   down 744 pkts / 215595 bytes   sessions 0
up 749 pkts / 225656 bytes   down 744 pkts / 215595 bytes   sessions 0
up 749 pkts / 225656 bytes   down 744 pkts / 215595 bytes   sessions 0
up 749 pkts / 225656 bytes   down 744 pkts / 215595 bytes   sessions 0
up 749 pkts / 225656 bytes   down 744 pkts / 215595 bytes   sessions 0
up 749 pkts / 225656 bytes   down 744 pkts / 215595 bytes   sessions 0
up 749 pkts / 225656 bytes   down 744 pkts / 215595 bytes   sessions 0
up 749 pkts / 225656 bytes   down 744 pkts / 215595 bytes   sessions 0
up 749 pkts / 225656 bytes   down 744 pkts / 215595 bytes   sessions 0
up 749 pkts / 225656 bytes   down 744 pkts / 215595 bytes   sessions 0
up 749 pkts / 225656 bytes   down 744 pkts / 215595 bytes   sessions 0
up 749 pkts / 225656 bytes   down 744 pkts / 215595 bytes   sessions 0
up 749 pkts / 225656 bytes   down 744 pkts / 215595 bytes   sessions 0
up 749 pkts / 225656 bytes   down 744 pkts / 215595 bytes   sessions 0
up 749 pkts / 225656 bytes   down 744 pkts / 215595 bytes   sessions 0
up 749 pkts / 225656 bytes   down 744 pkts / 215595 bytes   sessions 0
up 749 pkts / 225656 bytes   down 744 pkts / 215595 bytes   sessions 0
up 749 pkts / 225656 bytes   down 744 pkts / 215595 bytes   sessions 0
up 749 pkts / 225656 bytes   down 744 pkts / 215595 bytes   sessions 0
up 749 pkts / 225656 bytes   down 744 pkts / 215595 bytes   sessions 0
up 749 pkts / 225656 bytes   down 744 pkts / 215595 bytes   sessions 0
up 749 pkts / 225656 bytes   down 744 pkts / 215595 bytes   sessions 0
up 749 pkts / 225656 bytes   down 744 pkts / 215595 bytes   sessions 0
up 749 pkts / 225656 bytes   down 744 pkts / 215595 bytes   sessions 0
up 749 pkts / 225656 bytes   down 744 pkts / 215595 bytes   sessions 0
up 749 pkts / 225656 bytes   down 744 pkts / 215595 bytes   sessions 0
up 749 pkts / 225656 bytes   down 744 pkts / 215595 bytes   sessions 0
up 749 pkts / 225656 bytes   down 744 pkts / 215595 bytes   sessions 0
up 749 pkts / 225656 bytes   down 744 pkts / 215595 bytes   sessions 0
up 749 pkts / 225656 bytes   down 744 pkts / 215595 bytes   sessions 0
up 749 pkts / 225656 bytes   down 744 pkts / 215595 bytes   sessions 0
up 749 pkts / 225656 bytes   down 744 pkts / 215595 bytes   sessions 0
up 749 pkts / 225656 bytes   down 744 pkts / 215595 bytes   sessions 0
up 749 pkts / 225656 bytes   down 744 pkts / 215595 bytes   sessions 0
up 749 pkts / 225656 bytes   down 744 pkts / 215595 bytes   sessions 0
up 749 pkts / 225656 bytes   down 744 pkts / 215595 bytes   sessions 0
up 749 pkts / 225656 bytes   down 744 pkts / 215595 bytes   sessions 0
up 749 pkts / 225656 bytes   down 744 pkts / 215595 bytes   sessions 0
up 749 pkts / 225656 bytes   down 744 pkts / 215595 bytes   sessions 0
up 749 pkts / 225656 bytes   down 744 pkts / 215595 bytes   sessions 0
up 749 pkts / 225656 bytes   down 744 pkts / 215595 bytes   sessions 0
up 749 pkts / 225656 bytes   down 744 pkts / 215595 bytes   sessions 0
up 749 pkts / 225656 bytes   down 744 pkts / 215595 bytes   sessions 0
up 749 pkts / 225656 bytes   down 744 pkts / 215595 bytes   sessions 0
up 749 pkts / 225656 bytes   down 744 pkts / 215595 bytes   sessions 0
up 749 pkts / 225656 bytes   down 744 pkts / 215595 bytes   sessions 0
up 749 pkts / 225656 bytes   down 744 pkts / 215595 bytes   sessions 0
up 749 pkts / 225656 bytes   down 744 pkts / 215595 bytes   sessions 0
up 749 pkts / 225656 bytes   down 744 pkts / 215595 bytes   sessions 0
up 749 pkts / 225656 bytes   down 744 pkts / 215595 bytes   sessions 0
up 749 pkts / 225656 bytes   down 744 pkts / 215595 bytes   sessions 0
up 749 pkts / 225656 bytes   down 744 pkts / 215595 bytes   sessions 0
up 749 pkts / 225656 bytes   down 744 pkts / 215595 bytes   sessions 0
up 749 pkts / 225656 bytes   down 744 pkts / 215595 bytes   sessions 0
up 749 pkts / 225656 bytes   down 744 pkts / 215595 bytes   sessions 0
up 749 pkts / 225656 bytes   down 744 pkts / 215595 bytes   sessions 0
up 749 pkts / 225656 bytes   down 744 pkts / 215595 bytes   sessions 0
up 749 pkts / 225656 bytes   down 744 pkts / 215595 bytes   sessions 0
up 749 pkts / 225656 bytes   down 744 pkts / 215595 bytes   sessions 0
up 749 pkts / 225656 bytes   down 744 pkts / 215595 bytes   sessions 0
up 749 pkts / 225656 bytes   down 744 pkts / 215595 bytes   sessions 0
up 749 pkts / 225656 bytes   down 744 pkts / 215595 bytes   sessions 0
up 749 pkts / 225656 bytes   down 744 pkts / 215595 bytes   sessions 0
up 749 pkts / 225656 bytes   down 744 pkts / 215595 bytes   sessions 0
up 749 pkts / 225656 bytes   down 744 pkts / 215595 bytes   sessions 0
up 749 pkts / 225656 bytes   down 744 pkts / 215595 bytes   sessions 0
up 749 pkts / 225656 bytes   down 744 pkts / 215595 bytes   sessions 0
up 749 pkts / 225656 bytes   down 744 pkts / 215595 bytes   sessions 0
up 749 pkts / 225656 bytes   down 744 pkts / 215595 bytes   sessions 0
up 749 pkts / 225656 bytes   down 744 pkts / 215595 bytes   sessions 0
up 749 pkts / 225656 bytes   down 744 pkts / 215595 bytes   sessions 0
up 749 pkts / 225656 bytes   down 744 pkts / 215595 bytes   sessions 0
up 749 pkts / 225656 bytes   down 744 pkts / 215595 bytes   sessions 0
up 749 pkts / 225656 bytes   down 744 pkts / 215595 bytes   sessions 0
up 749 pkts / 225656 bytes   down 744 pkts / 215595 bytes   sessions 0
up 749 pkts / 225656 bytes   down 744 pkts / 215595 bytes   sessions 0
up 749 pkts / 225656 bytes   down 744 pkts / 215595 bytes   sessions 0
up 749 pkts / 225656 bytes   down 744 pkts / 215595 bytes   sessions 0
up 749 pkts / 225656 bytes   down 744 pkts / 215595 bytes   sessions 0
up 749 pkts / 225656 bytes   down 744 pkts / 215595 bytes   sessions 0
up 749 pkts / 225656 bytes   down 744 pkts / 215595 bytes   sessions 0
up 749 pkts / 225656 bytes   down 744 pkts / 215595 bytes   sessions 0
up 749 pkts / 225656 bytes   down 744 pkts / 215595 bytes   sessions 0
up 749 pkts / 225656 bytes   down 744 pkts / 215595 bytes   sessions 0
up 749 pkts / 225656 bytes   down 744 pkts / 215595 bytes   sessions 0
up 749 pkts / 225656 bytes   down 744 pkts / 215595 bytes   sessions 0
up 749 pkts / 225656 bytes   down 744 pkts / 215595 bytes   sessions 0
up 749 pkts / 225656 bytes   down 744 pkts / 215595 bytes   sessions 0
up 749 pkts / 225656 bytes   down 744 pkts / 215595 bytes   sessions 0
up 749 pkts / 225656 bytes   down 744 pkts / 215595 bytes   sessions 0
up 749 pkts / 225656 bytes   down 744 pkts / 215595 bytes   sessions 0
up 749 pkts / 225656 bytes   down 744 pkts / 215595 bytes   sessions 0
up 749 pkts / 225656 bytes   down 744 pkts / 215595 bytes   sessions 0
up 749 pkts / 225656 bytes   down 744 pkts / 215595 bytes   sessions 0
up 749 pkts / 225656 bytes   down 744 pkts / 215595 bytes   sessions 0
up 749 pkts / 225656 bytes   down 744 pkts / 215595 bytes   sessions 0
up 749 pkts / 225656 bytes   down 744 pkts / 215595 bytes   sessions 0
up 749 pkts / 225656 bytes   down 744 pkts / 215595 bytes   sessions 0
up 749 pkts / 225656 bytes   down 744 pkts / 215595 bytes   sessions 0
up 749 pkts / 225656 bytes   down 744 pkts / 215595 bytes   sessions 0
up 749 pkts / 225656 bytes   down 744 pkts / 215595 bytes   sessions 0
up 749 pkts / 225656 bytes   down 744 pkts / 215595 bytes   sessions 0
up 749 pkts / 225656 bytes   down 744 pkts / 215595 bytes   sessions 0
up 749 pkts / 225656 bytes   down 744 pkts / 215595 bytes   sessions 0
up 749 pkts / 225656 bytes   down 744 pkts / 215595 bytes   sessions 0
up 749 pkts / 225656 bytes   down 744 pkts / 215595 bytes   sessions 0
up 749 pkts / 225656 bytes   down 744 pkts / 215595 bytes   sessions 0
up 749 pkts / 225656 bytes   down 744 pkts / 215595 bytes   sessions 0
up 749 pkts / 225656 bytes   down 744 pkts / 215595 bytes   sessions 0
up 749 pkts / 225656 bytes   down 744 pkts / 215595 bytes   sessions 0
up 749 pkts / 225656 bytes   down 744 pkts / 215595 bytes   sessions 0
up 749 pkts / 225656 bytes   down 744 pkts / 215595 bytes   sessions 0
up 749 pkts / 225656 bytes   down 744 pkts / 215595 bytes   sessions 0
up 749 pkts / 225656 bytes   down 744 pkts / 215595 bytes   sessions 0
up 749 pkts / 225656 bytes   down 744 pkts / 215595 bytes   sessions 0
up 749 pkts / 225656 bytes   down 744 pkts / 215595 bytes   sessions 0
up 749 pkts / 225656 bytes   down 744 pkts / 215595 bytes   sessions 0
up 749 pkts / 225656 bytes   down 744 pkts / 215595 bytes   sessions 0
up 749 pkts / 225656 bytes   down 744 pkts / 215595 bytes   sessions 0
up 749 pkts / 225656 bytes   down 744 pkts / 215595 bytes   sessions 0
up 749 pkts / 225656 bytes   down 744 pkts / 215595 bytes   sessions 0
up 749 pkts / 225656 bytes   down 744 pkts / 215595 bytes   sessions 0
up 749 pkts / 225656 bytes   down 744 pkts / 215595 bytes   sessions 0
up 749 pkts / 225656 bytes   down 744 pkts / 215595 bytes   sessions 0
up 749 pkts / 225656 bytes   down 744 pkts / 215595 bytes   sessions 0
up 749 pkts / 225656 bytes   down 744 pkts / 215595 bytes   sessions 0
up 749 pkts / 225656 bytes   down 744 pkts / 215595 bytes   sessions 0
up 749 pkts / 225656 bytes   down 744 pkts / 215595 bytes   sessions 0
up 749 pkts / 225656 bytes   down 744 pkts / 215595 bytes   sessions 0
up 749 pkts / 225656 bytes   down 744 pkts / 215595 bytes   sessions 0
up 749 pkts / 225656 bytes   down 744 pkts / 215595 bytes   sessions 0
up 749 pkts / 225656 bytes   down 744 pkts / 215595 bytes   sessions 0
up 749 pkts / 225656 bytes   down 744 pkts / 215595 bytes   sessions 0
up 749 pkts / 225656 bytes   down 744 pkts / 215595 bytes   sessions 0
up 749 pkts / 225656 bytes   down 744 pkts / 215595 bytes   sessions 0
up 749 pkts / 225656 bytes   down 744 pkts / 215595 bytes   sessions 0
up 749 pkts / 225656 bytes   down 744 pkts / 215595 bytes   sessions 0
up 749 pkts / 225656 bytes   down 744 pkts / 215595 bytes   sessions 0
up 749 pkts / 225656 bytes   down 744 pkts / 215595 bytes   sessions 0
up 749 pkts / 225656 bytes   down 744 pkts / 215595 bytes   sessions 0
up 749 pkts / 225656 bytes   down 744 pkts / 215595 bytes   sessions 0
up 749 pkts / 225656 bytes   down 744 pkts / 215595 bytes   sessions 0
up 749 pkts / 225656 bytes   down 744 pkts / 215595 bytes   sessions 0
up 749 pkts / 225656 bytes   down 744 pkts / 215595 bytes   sessions 0
up 749 pkts / 225656 bytes   down 744 pkts / 215595 bytes   sessions 0
up 749 pkts / 225656 bytes   down 744 pkts / 215595 bytes   sessions 0
up 749 pkts / 225656 bytes   down 744 pkts / 215595 bytes   sessions 0
up 749 pkts / 225656 bytes   down 744 pkts / 215595 bytes   sessions 0
up 749 pkts / 225656 bytes   down 744 pkts / 215595 bytes   sessions 0
up 749 pkts / 225656 bytes   down 744 pkts / 215595 bytes   sessions 0
up 749 pkts / 225656 bytes   down 744 pkts / 215595 bytes   sessions 0
up 749 pkts / 225656 bytes   down 744 pkts / 215595 bytes   sessions 0
up 749 pkts / 225656 bytes   down 744 pkts / 215595 bytes   sessions 0
up 749 pkts / 225656 bytes   down 744 pkts / 215595 bytes   sessions 0
up 749 pkts / 225656 bytes   down 744 pkts / 215595 bytes   sessions 0
up 749 pkts / 225656 bytes   down 744 pkts / 215595 bytes   sessions 0
up 749 pkts / 225656 bytes   down 744 pkts / 215595 bytes   sessions 0
up 749 pkts / 225656 bytes   down 744 pkts / 215595 bytes   sessions 0
up 749 pkts / 225656 bytes   down 744 pkts / 215595 bytes   sessions 0
up 749 pkts / 225656 bytes   down 744 pkts / 215595 bytes   sessions 0
up 749 pkts / 225656 bytes   down 744 pkts / 215595 bytes   sessions 0
up 749 pkts / 225656 bytes   down 744 pkts / 215595 bytes   sessions 0
up 749 pkts / 225656 bytes   down 744 pkts / 215595 bytes   sessions 0
up 749 pkts / 225656 bytes   down 744 pkts / 215595 bytes   sessions 0
up 749 pkts / 225656 bytes   down 744 pkts / 215595 bytes   sessions 0
up 749 pkts / 225656 bytes   down 744 pkts / 215595 bytes   sessions 0
up 749 pkts / 225656 bytes   down 744 pkts / 215595 bytes   sessions 0
up 749 pkts / 225656 bytes   down 744 pkts / 215595 bytes   sessions 0
up 749 pkts / 225656 bytes   down 744 pkts / 215595 bytes   sessions 0
up 749 pkts / 225656 bytes   down 744 pkts / 215595 bytes   sessions 0
up 749 pkts / 225656 bytes   down 744 pkts / 215595 bytes   sessions 0
up 749 pkts / 225656 bytes   down 744 pkts / 215595 bytes   sessions 0
up 749 pkts / 225656 bytes   down 744 pkts / 215595 bytes   sessions 0
up 749 pkts / 225656 bytes   down 744 pkts / 215595 bytes   sessions 0
up 749 pkts / 225656 bytes   down 744 pkts / 215595 bytes   sessions 0
up 749 pkts / 225656 bytes   down 744 pkts / 215595 bytes   sessions 0
up 749 pkts / 225656 bytes   down 744 pkts / 215595 bytes   sessions 0
up 749 pkts / 225656 bytes   down 744 pkts / 215595 bytes   sessions 0
up 749 pkts / 225656 bytes   down 744 pkts / 215595 bytes   sessions 0
up 749 pkts / 225656 bytes   down 744 pkts / 215595 bytes   sessions 0
up 749 pkts / 225656 bytes   down 744 pkts / 215595 bytes   sessions 0
up 749 pkts / 225656 bytes   down 744 pkts / 215595 bytes   sessions 0
up 749 pkts / 225656 bytes   down 744 pkts / 215595 bytes   sessions 0
up 749 pkts / 225656 bytes   down 744 pkts / 215595 bytes   sessions 0
up 749 pkts / 225656 bytes   down 744 pkts / 215595 bytes   sessions 0
up 749 pkts / 225656 bytes   down 744 pkts / 215595 bytes   sessions 0
up 749 pkts / 225656 bytes   down 744 pkts / 215595 bytes   sessions 0
up 749 pkts / 225656 bytes   down 744 pkts / 215595 bytes   sessions 0
up 749 pkts / 225656 bytes   down 744 pkts / 215595 bytes   sessions 0
up 749 pkts / 225656 bytes   down 744 pkts / 215595 bytes   sessions 0
up 749 pkts / 225656 bytes   down 744 pkts / 215595 bytes   sessions 0
up 749 pkts / 225656 bytes   down 744 pkts / 215595 bytes   sessions 0
up 749 pkts / 225656 bytes   down 744 pkts / 215595 bytes   sessions 0
up 749 pkts / 225656 bytes   down 744 pkts / 215595 bytes   sessions 0
up 749 pkts / 225656 bytes   down 744 pkts / 215595 bytes   sessions 0
up 749 pkts / 225656 bytes   down 744 pkts / 215595 bytes   sessions 0
up 749 pkts / 225656 bytes   down 744 pkts / 215595 bytes   sessions 0
up 749 pkts / 225656 bytes   down 744 pkts / 215595 bytes   sessions 0
up 749 pkts / 225656 bytes   down 744 pkts / 215595 bytes   sessions 0
up 749 pkts / 225656 bytes   down 744 pkts / 215595 bytes   sessions 0
up 749 pkts / 225656 bytes   down 744 pkts / 215595 bytes   sessions 0
up 749 pkts / 225656 bytes   down 744 pkts / 215595 bytes   sessions 0
up 749 pkts / 225656 bytes   down 744 pkts / 215595 bytes   sessions 0
up 749 pkts / 225656 bytes   down 744 pkts / 215595 bytes   sessions 0
up 749 pkts / 225656 bytes   down 744 pkts / 215595 bytes   sessions 0
up 749 pkts / 225656 bytes   down 744 pkts / 215595 bytes   sessions 0
up 749 pkts / 225656 bytes   down 744 pkts / 215595 bytes   sessions 0
up 749 pkts / 225656 bytes   down 744 pkts / 215595 bytes   sessions 0
up 749 pkts / 225656 bytes   down 744 pkts / 215595 bytes   sessions 0
up 749 pkts / 225656 bytes   down 744 pkts / 215595 bytes   sessions 0
up 749 pkts / 225656 bytes   down 744 pkts / 215595 bytes   sessions 0
up 749 pkts / 225656 bytes   down 744 pkts / 215595 bytes   sessions 0
up 749 pkts / 225656 bytes   down 744 pkts / 215595 bytes   sessions 0
up 749 pkts / 225656 bytes   down 744 pkts / 215595 bytes   sessions 0
up 749 pkts / 225656 bytes   down 744 pkts / 215595 bytes   sessions 0
up 749 pkts / 225656 bytes   down 744 pkts / 215595 bytes   sessions 0
up 749 pkts / 225656 bytes   down 744 pkts / 215595 bytes   sessions 0
up 749 pkts / 225656 bytes   down 744 pkts / 215595 bytes   sessions 0
up 749 pkts / 225656 bytes   down 744 pkts / 215595 bytes   sessions 0
session 127.0.0.1:55128: egress 192.168.0.4:0, advertise 10.0.2.2:56665
session 127.0.0.1:55128 ended: EOF
up 787 pkts / 237436 bytes   down 787 pkts / 226726 bytes   sessions 0
session 127.0.0.1:35132: egress 192.168.0.4:0, advertise 10.0.2.2:34105
session 127.0.0.1:35132 ended: EOF
session 127.0.0.1:19241: egress 192.168.0.4:0, advertise 10.0.2.2:43041
up 835 pkts / 257050 bytes   down 837 pkts / 241406 bytes   sessions 1
session 127.0.0.1:19241 ended: EOF
up 867 pkts / 261313 bytes   down 869 pkts / 248834 bytes   sessions 0
up 867 pkts / 261313 bytes   down 869 pkts / 248834 bytes   sessions 0
up 867 pkts / 261313 bytes   down 869 pkts / 248834 bytes   sessions 0
up 867 pkts / 261313 bytes   down 869 pkts / 248834 bytes   sessions 0
up 867 pkts / 261313 bytes   down 869 pkts / 248834 bytes   sessions 0
up 867 pkts / 261313 bytes   down 869 pkts / 248834 bytes   sessions 0
up 867 pkts / 261313 bytes   down 869 pkts / 248834 bytes   sessions 0
up 867 pkts / 261313 bytes   down 869 pkts / 248834 bytes   sessions 0
up 867 pkts / 261313 bytes   down 869 pkts / 248834 bytes   sessions 0
up 867 pkts / 261313 bytes   down 869 pkts / 248834 bytes   sessions 0
up 867 pkts / 261313 bytes   down 869 pkts / 248834 bytes   sessions 0
up 867 pkts / 261313 bytes   down 869 pkts / 248834 bytes   sessions 0
up 867 pkts / 261313 bytes   down 869 pkts / 248834 bytes   sessions 0
up 867 pkts / 261313 bytes   down 869 pkts / 248834 bytes   sessions 0
up 867 pkts / 261313 bytes   down 869 pkts / 248834 bytes   sessions 0
up 867 pkts / 261313 bytes   down 869 pkts / 248834 bytes   sessions 0
up 867 pkts / 261313 bytes   down 869 pkts / 248834 bytes   sessions 0
up 867 pkts / 261313 bytes   down 869 pkts / 248834 bytes   sessions 0
up 867 pkts / 261313 bytes   down 869 pkts / 248834 bytes   sessions 0
up 867 pkts / 261313 bytes   down 869 pkts / 248834 bytes   sessions 0
up 867 pkts / 261313 bytes   down 869 pkts / 248834 bytes   sessions 0
up 867 pkts / 261313 bytes   down 869 pkts / 248834 bytes   sessions 0
up 867 pkts / 261313 bytes   down 869 pkts / 248834 bytes   sessions 0
up 867 pkts / 261313 bytes   down 869 pkts / 248834 bytes   sessions 0
up 867 pkts / 261313 bytes   down 869 pkts / 248834 bytes   sessions 0
up 867 pkts / 261313 bytes   down 869 pkts / 248834 bytes   sessions 0
up 867 pkts / 261313 bytes   down 869 pkts / 248834 bytes   sessions 0
up 867 pkts / 261313 bytes   down 869 pkts / 248834 bytes   sessions 0
up 867 pkts / 261313 bytes   down 869 pkts / 248834 bytes   sessions 0
up 867 pkts / 261313 bytes   down 869 pkts / 248834 bytes   sessions 0
up 867 pkts / 261313 bytes   down 869 pkts / 248834 bytes   sessions 0
up 867 pkts / 261313 bytes   down 869 pkts / 248834 bytes   sessions 0
up 867 pkts / 261313 bytes   down 869 pkts / 248834 bytes   sessions 0
up 867 pkts / 261313 bytes   down 869 pkts / 248834 bytes   sessions 0
up 867 pkts / 261313 bytes   down 869 pkts / 248834 bytes   sessions 0
up 867 pkts / 261313 bytes   down 869 pkts / 248834 bytes   sessions 0
up 867 pkts / 261313 bytes   down 869 pkts / 248834 bytes   sessions 0
up 867 pkts / 261313 bytes   down 869 pkts / 248834 bytes   sessions 0
up 867 pkts / 261313 bytes   down 869 pkts / 248834 bytes   sessions 0
up 867 pkts / 261313 bytes   down 869 pkts / 248834 bytes   sessions 0
up 867 pkts / 261313 bytes   down 869 pkts / 248834 bytes   sessions 0
up 867 pkts / 261313 bytes   down 869 pkts / 248834 bytes   sessions 0
up 867 pkts / 261313 bytes   down 869 pkts / 248834 bytes   sessions 0
up 867 pkts / 261313 bytes   down 869 pkts / 248834 bytes   sessions 0
up 867 pkts / 261313 bytes   down 869 pkts / 248834 bytes   sessions 0
up 867 pkts / 261313 bytes   down 869 pkts / 248834 bytes   sessions 0
up 867 pkts / 261313 bytes   down 869 pkts / 248834 bytes   sessions 0
up 867 pkts / 261313 bytes   down 869 pkts / 248834 bytes   sessions 0
up 867 pkts / 261313 bytes   down 869 pkts / 248834 bytes   sessions 0
up 867 pkts / 261313 bytes   down 869 pkts / 248834 bytes   sessions 0
up 867 pkts / 261313 bytes   down 869 pkts / 248834 bytes   sessions 0
up 867 pkts / 261313 bytes   down 869 pkts / 248834 bytes   sessions 0
up 867 pkts / 261313 bytes   down 869 pkts / 248834 bytes   sessions 0
up 867 pkts / 261313 bytes   down 869 pkts / 248834 bytes   sessions 0
up 867 pkts / 261313 bytes   down 869 pkts / 248834 bytes   sessions 0
up 867 pkts / 261313 bytes   down 869 pkts / 248834 bytes   sessions 0
up 867 pkts / 261313 bytes   down 869 pkts / 248834 bytes   sessions 0
up 867 pkts / 261313 bytes   down 869 pkts / 248834 bytes   sessions 0
up 867 pkts / 261313 bytes   down 869 pkts / 248834 bytes   sessions 0
up 867 pkts / 261313 bytes   down 869 pkts / 248834 bytes   sessions 0
up 867 pkts / 261313 bytes   down 869 pkts / 248834 bytes   sessions 0
up 867 pkts / 261313 bytes   down 869 pkts / 248834 bytes   sessions 0
up 867 pkts / 261313 bytes   down 869 pkts / 248834 bytes   sessions 0
up 867 pkts / 261313 bytes   down 869 pkts / 248834 bytes   sessions 0
up 867 pkts / 261313 bytes   down 869 pkts / 248834 bytes   sessions 0
up 867 pkts / 261313 bytes   down 869 pkts / 248834 bytes   sessions 0
up 867 pkts / 261313 bytes   down 869 pkts / 248834 bytes   sessions 0
up 867 pkts / 261313 bytes   down 869 pkts / 248834 bytes   sessions 0
up 867 pkts / 261313 bytes   down 869 pkts / 248834 bytes   sessions 0
up 867 pkts / 261313 bytes   down 869 pkts / 248834 bytes   sessions 0
up 867 pkts / 261313 bytes   down 869 pkts / 248834 bytes   sessions 0
up 867 pkts / 261313 bytes   down 869 pkts / 248834 bytes   sessions 0
up 867 pkts / 261313 bytes   down 869 pkts / 248834 bytes   sessions 0
up 867 pkts / 261313 bytes   down 869 pkts / 248834 bytes   sessions 0
up 867 pkts / 261313 bytes   down 869 pkts / 248834 bytes   sessions 0
up 867 pkts / 261313 bytes   down 869 pkts / 248834 bytes   sessions 0
up 867 pkts / 261313 bytes   down 869 pkts / 248834 bytes   sessions 0
up 867 pkts / 261313 bytes   down 869 pkts / 248834 bytes   sessions 0
up 867 pkts / 261313 bytes   down 869 pkts / 248834 bytes   sessions 0
up 867 pkts / 261313 bytes   down 869 pkts / 248834 bytes   sessions 0
up 867 pkts / 261313 bytes   down 869 pkts / 248834 bytes   sessions 0
up 867 pkts / 261313 bytes   down 869 pkts / 248834 bytes   sessions 0
up 867 pkts / 261313 bytes   down 869 pkts / 248834 bytes   sessions 0
up 867 pkts / 261313 bytes   down 869 pkts / 248834 bytes   sessions 0
up 867 pkts / 261313 bytes   down 869 pkts / 248834 bytes   sessions 0
up 867 pkts / 261313 bytes   down 869 pkts / 248834 bytes   sessions 0
up 867 pkts / 261313 bytes   down 869 pkts / 248834 bytes   sessions 0
up 867 pkts / 261313 bytes   down 869 pkts / 248834 bytes   sessions 0
up 867 pkts / 261313 bytes   down 869 pkts / 248834 bytes   sessions 0
up 867 pkts / 261313 bytes   down 869 pkts / 248834 bytes   sessions 0
up 867 pkts / 261313 bytes   down 869 pkts / 248834 bytes   sessions 0
up 867 pkts / 261313 bytes   down 869 pkts / 248834 bytes   sessions 0
up 867 pkts / 261313 bytes   down 869 pkts / 248834 bytes   sessions 0
up 867 pkts / 261313 bytes   down 869 pkts / 248834 bytes   sessions 0
up 867 pkts / 261313 bytes   down 869 pkts / 248834 bytes   sessions 0
up 867 pkts / 261313 bytes   down 869 pkts / 248834 bytes   sessions 0
up 867 pkts / 261313 bytes   down 869 pkts / 248834 bytes   sessions 0
up 867 pkts / 261313 bytes   down 869 pkts / 248834 bytes   sessions 0
up 867 pkts / 261313 bytes   down 869 pkts / 248834 bytes   sessions 0
up 867 pkts / 261313 bytes   down 869 pkts / 248834 bytes   sessions 0
up 867 pkts / 261313 bytes   down 869 pkts / 248834 bytes   sessions 0
up 867 pkts / 261313 bytes   down 869 pkts / 248834 bytes   sessions 0
up 867 pkts / 261313 bytes   down 869 pkts / 248834 bytes   sessions 0
up 867 pkts / 261313 bytes   down 869 pkts / 248834 bytes   sessions 0
up 867 pkts / 261313 bytes   down 869 pkts / 248834 bytes   sessions 0
up 867 pkts / 261313 bytes   down 869 pkts / 248834 bytes   sessions 0
up 867 pkts / 261313 bytes   down 869 pkts / 248834 bytes   sessions 0
up 867 pkts / 261313 bytes   down 869 pkts / 248834 bytes   sessions 0
up 867 pkts / 261313 bytes   down 869 pkts / 248834 bytes   sessions 0
up 867 pkts / 261313 bytes   down 869 pkts / 248834 bytes   sessions 0
up 867 pkts / 261313 bytes   down 869 pkts / 248834 bytes   sessions 0
up 867 pkts / 261313 bytes   down 869 pkts / 248834 bytes   sessions 0
up 867 pkts / 261313 bytes   down 869 pkts / 248834 bytes   sessions 0
up 867 pkts / 261313 bytes   down 869 pkts / 248834 bytes   sessions 0
up 867 pkts / 261313 bytes   down 869 pkts / 248834 bytes   sessions 0
up 867 pkts / 261313 bytes   down 869 pkts / 248834 bytes   sessions 0
up 867 pkts / 261313 bytes   down 869 pkts / 248834 bytes   sessions 0
up 867 pkts / 261313 bytes   down 869 pkts / 248834 bytes   sessions 0
up 867 pkts / 261313 bytes   down 869 pkts / 248834 bytes   sessions 0
up 867 pkts / 261313 bytes   down 869 pkts / 248834 bytes   sessions 0
up 867 pkts / 261313 bytes   down 869 pkts / 248834 bytes   sessions 0
up 867 pkts / 261313 bytes   down 869 pkts / 248834 bytes   sessions 0
up 867 pkts / 261313 bytes   down 869 pkts / 248834 bytes   sessions 0
up 867 pkts / 261313 bytes   down 869 pkts / 248834 bytes   sessions 0
up 867 pkts / 261313 bytes   down 869 pkts / 248834 bytes   sessions 0
up 867 pkts / 261313 bytes   down 869 pkts / 248834 bytes   sessions 0
up 867 pkts / 261313 bytes   down 869 pkts / 248834 bytes   sessions 0
session 127.0.0.1:49593: egress 192.168.0.4:0, advertise 10.0.2.2:16155
session 127.0.0.1:49593 ended: EOF
up 907 pkts / 273215 bytes   down 909 pkts / 261077 bytes   sessions 0
up 907 pkts / 273215 bytes   down 909 pkts / 261077 bytes   sessions 0
up 907 pkts / 273215 bytes   down 909 pkts / 261077 bytes   sessions 0
up 907 pkts / 273215 bytes   down 909 pkts / 261077 bytes   sessions 0
up 907 pkts / 273215 bytes   down 909 pkts / 261077 bytes   sessions 0
up 907 pkts / 273215 bytes   down 909 pkts / 261077 bytes   sessions 0
up 907 pkts / 273215 bytes   down 909 pkts / 261077 bytes   sessions 0
up 907 pkts / 273215 bytes   down 909 pkts / 261077 bytes   sessions 0
up 907 pkts / 273215 bytes   down 909 pkts / 261077 bytes   sessions 0
up 907 pkts / 273215 bytes   down 909 pkts / 261077 bytes   sessions 0
up 907 pkts / 273215 bytes   down 909 pkts / 261077 bytes   sessions 0
up 907 pkts / 273215 bytes   down 909 pkts / 261077 bytes   sessions 0
up 907 pkts / 273215 bytes   down 909 pkts / 261077 bytes   sessions 0
up 907 pkts / 273215 bytes   down 909 pkts / 261077 bytes   sessions 0
